#usda 1.0
(
    defaultPrim = "Robot"
    kilogramsPerUnit = 1
    metersPerUnit = 1
    upAxis = "Z"
)

def Xform "Robot" (
    customData = {
        bool hardware_deployment_ready = 0
        string model_kind = "v5_gas_spring_closedchain_research"
    }
)
{
    def Xform "base_link" (
        prepend apiSchemas = ["PhysicsRigidBodyAPI", "PhysicsMassAPI", "PhysicsFilteredPairsAPI", "PhysicsArticulationRootAPI", "PhysxArticulationAPI"]
    )
    {
        point3f physics:centerOfMass = (-0.0091751, 0.00028751, -0.049915)
        float3 physics:diagonalInertia = (0.12599663, 0.17778254, 0.25548083)
        rel physics:filteredPairs = [
            </Robot/L_link1>,
            </Robot/L_link2>,
            </Robot/L_link3>,
            </Robot/LLL_link2>,
            </Robot/LLL_link1>,
            </Robot/R_link1>,
            </Robot/R_link2>,
            </Robot/R_link3>,
            </Robot/RRR_link2>,
            </Robot/RRR_link1>,
            </Robot/LL_link1>,
            </Robot/LL_link2>,
            </Robot/LL_link3>,
            </Robot/LL_link4>,
            </Robot/RR_link1>,
            </Robot/RR_link2>,
            </Robot/RR_link3>,
            </Robot/RR_link4>,
        ]
        float physics:mass = 11.62
        quatf physics:principalAxes = (0.020121811, -0.7049113, 0.7087959, -0.017422108)
        bool physics:rigidBodyEnabled = 1
        custom bool physxArticulation:enabledSelfCollisions = 0
        quatd xformOp:orient = (1, 0, 0, 0)
        double3 xformOp:translate = (0, 0, 0.32)
        uniform token[] xformOpOrder = ["xformOp:translate", "xformOp:orient"]

        def "Visual" (
            prepend references = @meshes/visuals.usdc@</Visuals/base_link>
        )
        {
            quatd xformOp:orient = (0.7071067811865475, 0, 0, 0.7071067811865475)
            double3 xformOp:translate = (0, 0, 0)
            uniform token[] xformOpOrder = ["xformOp:translate", "xformOp:orient"]
        }

        def Mesh "Collision_000" (
            prepend apiSchemas = ["PhysicsMeshCollisionAPI", "PhysicsCollisionAPI"]
        )
        {
            int[] faceVertexCounts = [3, 3, 3, 3, 3, 3, 3, 3, 3, 3, 3, 3, 3, 3, 3, 3, 3, 3, 3, 3, 3, 3, 3, 3, 3, 3, 3, 3, 3, 3, 3, 3, 3, 3, 3, 3, 3, 3, 3, 3, 3, 3, 3, 3, 3, 3, 3, 3, 3, 3, 3, 3, 3, 3, 3, 3, 3, 3, 3, 3, 3, 3, 3, 3, 3, 3, 3, 3, 3, 3, 3, 3, 3, 3, 3, 3, 3, 3, 3, 3, 3, 3, 3, 3, 3, 3, 3, 3, 3, 3, 3, 3, 3, 3, 3, 3, 3, 3, 3, 3, 3, 3, 3, 3, 3, 3, 3, 3, 3, 3, 3, 3, 3, 3, 3, 3, 3, 3, 3, 3, 3, 3, 3, 3, 3, 3, 3, 3, 3, 3, 3, 3, 3, 3, 3, 3, 3, 3, 3, 3, 3, 3, 3, 3, 3, 3, 3, 3]
            int[] faceVertexIndices = [7, 40, 62, 35, 37, 34, 41, 40, 7, 29, 30, 31, 49, 48, 15, 21, 59, 1, 21, 60, 59, 1, 59, 38, 59, 60, 38, 44, 42, 6, 6, 41, 7, 6, 42, 41, 31, 30, 32, 26, 24, 8, 28, 29, 31, 31, 10, 28, 49, 15, 63, 14, 48, 51, 14, 15, 48, 51, 53, 14, 1, 15, 14, 75, 15, 1, 11, 10, 31, 11, 46, 4, 4, 6, 11, 8, 24, 9, 7, 74, 9, 9, 6, 7, 10, 11, 9, 9, 11, 6, 1, 38, 36, 35, 0, 36, 36, 0, 1, 36, 37, 35, 36, 38, 37, 39, 60, 37, 37, 38, 39, 17, 19, 16, 37, 60, 69, 44, 6, 5, 5, 6, 4, 5, 46, 44, 4, 46, 5, 67, 43, 64, 64, 43, 30, 31, 32, 33, 33, 11, 31, 46, 11, 33, 23, 9, 24, 25, 26, 27, 24, 26, 25, 25, 23, 24, 22, 23, 25, 13, 53, 55, 13, 14, 53, 56, 28, 10, 10, 9, 56, 29, 28, 56, 9, 23, 56, 61, 38, 60, 60, 39, 61, 61, 39, 38, 19, 17, 18, 50, 66, 68, 68, 69, 60, 60, 18, 68, 68, 18, 50, 47, 72, 45, 45, 72, 43, 45, 46, 47, 44, 46, 45, 71, 32, 30, 30, 43, 71, 43, 72, 71, 58, 23, 22, 2, 21, 1, 2, 19, 21, 60, 21, 20, 20, 18, 60, 21, 19, 20, 19, 18, 20, 52, 54, 55, 55, 53, 52, 57, 58, 22, 22, 25, 57, 30, 29, 57, 25, 65, 57, 23, 58, 57, 57, 65, 64, 57, 64, 30, 29, 56, 57, 57, 56, 23, 3, 55, 16, 16, 19, 3, 19, 2, 3, 1, 14, 3, 3, 2, 1, 50, 18, 70, 70, 18, 17, 12, 13, 55, 55, 3, 12, 14, 13, 12, 12, 3, 14, 73, 52, 50, 50, 70, 73, 54, 52, 73, 51, 48, 50, 50, 48, 49, 43, 49, 40, 43, 50, 49, 40, 41, 43, 41, 42, 43, 35, 34, 26, 26, 34, 27, 26, 0, 35, 8, 0, 26, 63, 62, 40, 40, 49, 63, 7, 62, 63, 63, 15, 7, 7, 15, 75, 75, 74, 7, 9, 0, 8, 1, 0, 9, 74, 75, 9, 9, 75, 1, 50, 43, 66, 66, 43, 67, 27, 34, 25, 25, 34, 37, 68, 66, 67, 67, 64, 68, 45, 43, 42, 45, 42, 44, 71, 72, 47, 47, 46, 71, 46, 33, 71, 71, 33, 32, 65, 25, 37, 37, 69, 65, 65, 68, 64, 69, 68, 65, 51, 50, 52, 52, 53, 51, 73, 17, 16, 16, 55, 73, 55, 54, 73, 73, 70, 17]
            uniform token physics:approximation = "convexHull"
            bool physics:collisionEnabled = 1
            point3f[] points = [(0.0640303, -0.022, -0.10329264), (0.06402908, -0.023, -0.10356059), (0.06402574, -0.02373205, -0.10429263), (0.06402119, -0.024, -0.10529263), (0.06401664, 0.024, -0.10629261), (0.06401209, 0.02373205, -0.10729261), (0.06400875, 0.023, -0.10802465), (0.06400753, 0.022, -0.10829259), (0.0640303, 0.022, -0.10329264), (0.06402908, 0.023, -0.10356059), (0.06402574, 0.02373205, -0.10429263), (0.06402119, 0.024, -0.10529263), (0.06401664, -0.024, -0.10629261), (0.06401209, -0.02373205, -0.10729261), (0.06400875, -0.023, -0.10802465), (0.06400753, -0.022, -0.10829259), (0.07308108, -0.043, -0.09216217), (0.08008101, -0.043, -0.09219404), (0.0800845, -0.04284776, -0.09142869), (0.07308456, -0.04284776, -0.09139681), (0.08008745, -0.04241421, -0.09077985), (0.07308752, -0.04241421, -0.09074797), (0.08016863, 0.02458579, -0.07295161), (0.0731687, 0.02458579, -0.07291973), (0.07317068, 0.02393694, -0.07248619), (0.08017061, 0.02393694, -0.07251807), (0.07317137, 0.02317157, -0.07233395), (0.0801713, 0.02317157, -0.07236583), (0.07308752, 0.04241421, -0.09074797), (0.08008745, 0.04241421, -0.09077985), (0.0800845, 0.04284776, -0.09142869), (0.07308456, 0.04284776, -0.09139681), (0.08008101, 0.043, -0.09219404), (0.07308108, 0.043, -0.09216217), (0.0801713, -0.02317157, -0.07236583), (0.07317137, -0.02317157, -0.07233395), (0.07317068, -0.02393694, -0.07248619), (0.08017061, -0.02393694, -0.07251807), (0.0731687, -0.02458579, -0.07291973), (0.08016863, -0.02458579, -0.07295161), (0.08000737, 0.041, -0.10836545), (0.07300744, 0.041, -0.10833357), (0.07300866, 0.042, -0.10806563), (0.08000859, 0.042, -0.10809751), (0.07301199, 0.04273205, -0.10733359), (0.08001192, 0.04273205, -0.10736547), (0.07301655, 0.043, -0.1063336), (0.08001647, 0.043, -0.10636547), (0.07300744, -0.041, -0.10833357), (0.08000737, -0.041, -0.10836545), (0.08000859, -0.042, -0.10809751), (0.07300866, -0.042, -0.10806563), (0.08001192, -0.04273205, -0.10736547), (0.07301199, -0.04273205, -0.10733359), (0.08001647, -0.043, -0.10636547), (0.07301655, -0.043, -0.1063336), (0.07308792, 0.042325, -0.09065876), (0.08009788, 0.04012475, -0.0884904), (0.08014933, 0.028825, -0.07719077), (0.07309794, -0.04012475, -0.08845853), (0.08009788, -0.04012475, -0.0884904), (0.08014933, -0.028825, -0.07719077), (0.07025747, 0.01429904, -0.10832106), (0.07025747, -0.01429904, -0.10832106), (0.08006577, 0.04142894, -0.09554058), (0.08016415, 0.020825, -0.07393686), (0.08002103, -0.02165, -0.10536548), (0.08002103, 0.02165, -0.10536548), (0.08006577, -0.04142894, -0.09554058), (0.08016415, -0.020825, -0.07393686), (0.08004232, -0.043, -0.10069053), (0.08004232, 0.043, -0.10069053), (0.08002934, 0.043, -0.1035405), (0.08002934, -0.043, -0.1035405), (0.06401367, 0.02, -0.10694261), (0.06401367, -0.02, -0.10694261)]
            uniform token subdivisionScheme = "none"
            token visibility = "invisible"
            quatd xformOp:orient = (0.7071067811865475, 0, 0, 0.7071067811865475)
            double3 xformOp:translate = (0, 0, 0)
            uniform token[] xformOpOrder = ["xformOp:translate", "xformOp:orient"]
        }

        def Mesh "Collision_001" (
            prepend apiSchemas = ["PhysicsMeshCollisionAPI", "PhysicsCollisionAPI"]
        )
        {
            int[] faceVertexCounts = [3, 3, 3, 3, 3, 3, 3, 3, 3, 3, 3, 3, 3, 3, 3, 3, 3, 3, 3, 3, 3, 3, 3, 3, 3, 3, 3, 3, 3, 3, 3, 3, 3, 3, 3, 3, 3, 3, 3, 3, 3, 3, 3, 3, 3, 3, 3, 3, 3, 3, 3, 3, 3, 3, 3, 3, 3, 3, 3, 3, 3, 3, 3, 3, 3, 3, 3, 3, 3, 3, 3, 3, 3, 3, 3, 3, 3, 3, 3, 3, 3, 3, 3, 3, 3, 3, 3, 3, 3, 3, 3, 3, 3, 3, 3, 3, 3, 3, 3, 3, 3, 3, 3, 3, 3, 3, 3, 3, 3, 3, 3, 3, 3, 3, 3, 3, 3, 3, 3, 3, 3, 3, 3, 3, 3, 3, 3, 3, 3, 3]
            int[] faceVertexIndices = [12, 11, 28, 19, 7, 8, 4, 7, 6, 8, 7, 44, 31, 11, 29, 5, 39, 6, 6, 11, 5, 5, 11, 39, 39, 11, 40, 41, 12, 35, 35, 40, 41, 41, 40, 11, 62, 59, 60, 48, 24, 34, 26, 52, 31, 32, 17, 18, 23, 27, 22, 15, 19, 16, 16, 27, 15, 16, 17, 32, 32, 27, 16, 16, 19, 20, 20, 14, 16, 3, 4, 6, 8, 44, 37, 7, 4, 1, 39, 40, 43, 6, 39, 43, 43, 3, 6, 63, 59, 62, 62, 20, 63, 20, 19, 63, 63, 19, 8, 8, 37, 63, 10, 11, 12, 12, 41, 10, 10, 41, 11, 51, 50, 48, 21, 14, 20, 21, 20, 62, 62, 60, 21, 21, 60, 59, 59, 14, 21, 30, 11, 31, 30, 28, 11, 32, 57, 33, 33, 34, 32, 56, 33, 57, 34, 33, 56, 52, 26, 53, 53, 50, 52, 48, 50, 53, 48, 53, 54, 54, 53, 26, 15, 27, 0, 0, 19, 15, 7, 19, 0, 66, 59, 65, 45, 1, 4, 4, 46, 45, 49, 61, 48, 49, 58, 61, 57, 58, 49, 49, 56, 57, 48, 34, 49, 34, 56, 49, 61, 58, 64, 64, 63, 61, 59, 63, 64, 65, 59, 64, 64, 58, 57, 64, 17, 65, 64, 18, 17, 64, 57, 32, 32, 18, 64, 48, 61, 47, 47, 51, 48, 61, 51, 47, 55, 51, 35, 50, 51, 55, 35, 12, 55, 12, 28, 55, 25, 54, 26, 25, 34, 24, 32, 34, 25, 25, 27, 32, 25, 22, 27, 23, 22, 25, 31, 29, 25, 25, 26, 31, 25, 11, 23, 25, 29, 11, 27, 9, 13, 13, 0, 27, 9, 0, 13, 7, 0, 2, 2, 0, 9, 6, 7, 2, 2, 11, 6, 23, 11, 2, 2, 27, 23, 2, 9, 27, 44, 45, 38, 38, 45, 63, 38, 37, 44, 38, 63, 37, 63, 45, 36, 61, 63, 36, 36, 40, 35, 35, 51, 36, 36, 51, 61, 40, 36, 42, 42, 36, 45, 42, 43, 40, 42, 45, 46, 3, 43, 42, 4, 3, 42, 42, 46, 4, 52, 50, 30, 31, 52, 30, 17, 16, 66, 65, 17, 66, 66, 14, 59, 66, 16, 14, 7, 1, 45, 45, 44, 7, 55, 30, 50, 28, 30, 55, 48, 54, 25, 25, 24, 48]
            uniform token physics:approximation = "convexHull"
            bool physics:collisionEnabled = 1
            point3f[] points = [(-0.11709204, -0.25207907, -0.12974726), (-0.11709348, -0.27800488, -0.13006331), (-0.11707072, -0.273, -0.12506627), (-0.11707244, -0.28104737, -0.12544264), (-0.11708394, -0.27985203, -0.12796757), (-0.11704725, -0.28116766, -0.11991157), (-0.11705988, -0.28149763, -0.12268558), (-0.11710032, -0.27565005, -0.13156632), (-0.11710393, -0.27297136, -0.13235928), (-0.11707072, -0.27, -0.12506627), (-0.11702563, -0.27832884, -0.11516303), (-0.11703552, -0.28008318, -0.11733707), (-0.11682982, -0.23232883, -0.07216347), (-0.11701076, -0.24817564, -0.11190018), (-0.11710604, -0.23449723, -0.1328224), (-0.11707499, -0.23796447, -0.12600371), (-0.11709694, -0.2322029, -0.13082361), (-0.11708558, -0.23045951, -0.12832971), (-0.11707265, -0.22937037, -0.12548845), (-0.11711527, -0.24321277, -0.13485019), (-0.11711549, -0.24017026, -0.13489716), (-0.11711235, -0.23720653, -0.1342076), (-0.11687918, -0.22196446, -0.08300416), (-0.11687918, -0.22903553, -0.08300416), (-0.11683811, -0.2171388, -0.07398326), (-0.11682825, -0.2190589, -0.07181942), (-0.11682131, -0.22151807, -0.07029574), (-0.1168944, -0.21824121, -0.08634682), (-0.11682231, -0.22995193, -0.07051442), (-0.11684205, -0.22741342, -0.07484931), (-0.11681821, -0.22720245, -0.06961475), (-0.11681787, -0.22431049, -0.06953977), (-0.11687447, -0.21581791, -0.08197007), (-0.11686309, -0.2155, -0.07946867), (-0.11685005, -0.21591845, -0.07660618), (-0.12482975, -0.23232883, -0.07212704), (-0.1250725, -0.2715, -0.12543176), (-0.12510386, -0.27297136, -0.13232285), (-0.12510397, -0.27017784, -0.13234389), (-0.12504718, -0.28116766, -0.11987513), (-0.12503546, -0.28008318, -0.11730064), (-0.12502556, -0.27832884, -0.11512659), (-0.12507237, -0.28104737, -0.1254062), (-0.12505981, -0.28149763, -0.12264916), (-0.12510026, -0.27565005, -0.13152988), (-0.12509342, -0.27800488, -0.13002688), (-0.12508386, -0.27985203, -0.12793113), (-0.12484692, -0.22196446, -0.07589674), (-0.12483804, -0.2171388, -0.07394683), (-0.12484998, -0.21591845, -0.07656975), (-0.12481815, -0.22720245, -0.06957832), (-0.12484025, -0.2255, -0.07443229), (-0.1248178, -0.22431049, -0.06950334), (-0.12482125, -0.22151807, -0.07025932), (-0.12482818, -0.2190589, -0.07178298), (-0.12482224, -0.22995193, -0.07047798), (-0.12486301, -0.2155, -0.07943223), (-0.12487441, -0.21581791, -0.08193365), (-0.12488507, -0.21675144, -0.08427601), (-0.12510598, -0.23449723, -0.13278596), (-0.12511228, -0.23720653, -0.13417117), (-0.12503417, -0.23023447, -0.11701541), (-0.12511542, -0.24017026, -0.13486072), (-0.12511522, -0.24321277, -0.13481377), (-0.12507258, -0.22937037, -0.12545203), (-0.12508552, -0.23045951, -0.12829328), (-0.12509687, -0.2322029, -0.13078718)]
            uniform token subdivisionScheme = "none"
            token visibility = "invisible"
            quatd xformOp:orient = (0.7071067811865475, 0, 0, 0.7071067811865475)
            double3 xformOp:translate = (0, 0, 0)
            uniform token[] xformOpOrder = ["xformOp:translate", "xformOp:orient"]
        }

        def Mesh "Collision_002" (
            prepend apiSchemas = ["PhysicsMeshCollisionAPI", "PhysicsCollisionAPI"]
        )
        {
            int[] faceVertexCounts = [3, 3, 3, 3, 3, 3, 3, 3, 3, 3, 3, 3, 3, 3, 3, 3, 3, 3, 3, 3, 3, 3, 3, 3, 3, 3, 3, 3, 3, 3, 3, 3, 3, 3, 3, 3, 3, 3, 3, 3, 3, 3, 3, 3, 3, 3, 3, 3, 3, 3, 3, 3, 3, 3, 3, 3, 3, 3, 3, 3, 3, 3, 3, 3, 3, 3, 3, 3, 3, 3, 3, 3, 3, 3, 3, 3, 3, 3, 3, 3, 3, 3, 3, 3, 3, 3, 3, 3, 3, 3, 3, 3, 3, 3, 3, 3, 3, 3, 3, 3, 3, 3, 3, 3, 3, 3, 3, 3, 3, 3, 3, 3, 3, 3, 3, 3, 3, 3, 3, 3, 3, 3, 3, 3, 3, 3, 3, 3, 3, 3]
            int[] faceVertexIndices = [18, 6, 2, 3, 10, 33, 9, 10, 12, 45, 10, 3, 17, 6, 24, 9, 38, 7, 7, 6, 9, 38, 6, 7, 50, 6, 38, 44, 2, 49, 49, 50, 44, 6, 50, 49, 41, 42, 40, 22, 21, 58, 24, 62, 25, 31, 30, 13, 14, 16, 15, 29, 33, 28, 28, 16, 29, 13, 30, 29, 29, 16, 13, 32, 33, 29, 29, 27, 32, 9, 12, 8, 46, 45, 3, 11, 12, 10, 39, 50, 38, 39, 38, 9, 9, 8, 39, 40, 42, 52, 52, 32, 40, 52, 33, 32, 3, 33, 52, 52, 46, 3, 2, 6, 5, 5, 49, 2, 6, 49, 5, 58, 54, 55, 32, 27, 20, 40, 32, 20, 20, 41, 40, 42, 41, 20, 20, 27, 42, 24, 6, 19, 6, 18, 19, 23, 64, 13, 13, 22, 23, 64, 23, 65, 65, 23, 22, 61, 25, 62, 62, 54, 61, 61, 54, 58, 60, 61, 58, 25, 61, 60, 0, 16, 28, 28, 33, 0, 0, 33, 10, 56, 42, 43, 12, 11, 35, 35, 37, 12, 58, 51, 66, 51, 63, 66, 66, 63, 64, 64, 65, 66, 66, 22, 58, 66, 65, 22, 57, 63, 51, 51, 52, 57, 57, 52, 42, 57, 42, 56, 64, 63, 57, 56, 30, 57, 30, 31, 57, 13, 64, 57, 57, 31, 13, 59, 51, 58, 58, 55, 59, 59, 55, 51, 44, 55, 53, 53, 55, 54, 53, 2, 44, 53, 18, 2, 25, 60, 26, 21, 22, 26, 26, 22, 13, 13, 16, 26, 16, 14, 26, 26, 14, 15, 26, 17, 24, 24, 25, 26, 15, 6, 26, 6, 17, 26, 34, 1, 16, 16, 0, 34, 34, 0, 1, 4, 0, 10, 1, 0, 4, 4, 10, 9, 9, 6, 4, 4, 6, 15, 15, 16, 4, 16, 1, 4, 48, 35, 45, 52, 35, 48, 45, 46, 48, 46, 52, 48, 47, 35, 52, 47, 52, 51, 44, 50, 47, 47, 55, 44, 51, 55, 47, 36, 47, 50, 35, 47, 36, 50, 39, 36, 37, 35, 36, 36, 39, 8, 36, 8, 12, 12, 37, 36, 19, 54, 62, 19, 62, 24, 43, 29, 30, 43, 30, 56, 42, 27, 43, 27, 29, 43, 35, 11, 10, 10, 45, 35, 54, 19, 53, 53, 19, 18, 26, 60, 58, 58, 21, 26]
            uniform token physics:approximation = "convexHull"
            bool physics:collisionEnabled = 1
            point3f[] points = [(-0.11709204, 0.25207907, -0.12974726), (-0.11707072, 0.27, -0.12506627), (-0.11682982, 0.23232883, -0.07216347), (-0.11710393, 0.27297136, -0.13235928), (-0.11707072, 0.273, -0.12506627), (-0.11702563, 0.27832884, -0.11516303), (-0.11703552, 0.28008318, -0.11733707), (-0.11704725, 0.28116766, -0.11991157), (-0.11707244, 0.28104737, -0.12544264), (-0.11705988, 0.28149763, -0.12268558), (-0.11710032, 0.27565005, -0.13156632), (-0.11709348, 0.27800488, -0.13006331), (-0.11708394, 0.27985203, -0.12796757), (-0.11687447, 0.21581791, -0.08197007), (-0.11687918, 0.22196446, -0.08300416), (-0.11687918, 0.22903553, -0.08300416), (-0.1168944, 0.21824121, -0.08634682), (-0.11684205, 0.22741342, -0.07484931), (-0.11682231, 0.22995193, -0.07051442), (-0.11681821, 0.22720245, -0.06961475), (-0.11711235, 0.23720653, -0.1342076), (-0.11683811, 0.2171388, -0.07398326), (-0.11685005, 0.21591845, -0.07660618), (-0.11686309, 0.2155, -0.07946867), (-0.11681787, 0.22431049, -0.06953977), (-0.11682131, 0.22151807, -0.07029574), (-0.11682825, 0.2190589, -0.07181942), (-0.11710604, 0.23449723, -0.1328224), (-0.11707499, 0.23796447, -0.12600371), (-0.11709694, 0.2322029, -0.13082361), (-0.11708558, 0.23045951, -0.12832971), (-0.11707265, 0.22937037, -0.12548845), (-0.11711549, 0.24017026, -0.13489716), (-0.11711527, 0.24321277, -0.13485019), (-0.11701076, 0.24817564, -0.11190018), (-0.12509342, 0.27800488, -0.13002688), (-0.12507237, 0.28104737, -0.1254062), (-0.12508386, 0.27985203, -0.12793113), (-0.12504718, 0.28116766, -0.11987513), (-0.12505981, 0.28149763, -0.12264916), (-0.12511542, 0.24017026, -0.13486072), (-0.12511228, 0.23720653, -0.13417117), (-0.12510598, 0.23449723, -0.13278596), (-0.12509687, 0.2322029, -0.13078718), (-0.12482975, 0.23232883, -0.07212704), (-0.12510026, 0.27565005, -0.13152988), (-0.12510386, 0.27297136, -0.13232285), (-0.1250725, 0.2715, -0.12543176), (-0.12510397, 0.27017784, -0.13234389), (-0.12502556, 0.27832884, -0.11512659), (-0.12503546, 0.28008318, -0.11730064), (-0.12503417, 0.23023447, -0.11701541), (-0.12511522, 0.24321277, -0.13481377), (-0.12482224, 0.22995193, -0.07047798), (-0.12481815, 0.22720245, -0.06957832), (-0.12484025, 0.2255, -0.07443229), (-0.12508552, 0.23045951, -0.12829328), (-0.12507258, 0.22937037, -0.12545203), (-0.12483804, 0.2171388, -0.07394683), (-0.12484692, 0.22196446, -0.07589674), (-0.12482818, 0.2190589, -0.07178298), (-0.12482125, 0.22151807, -0.07025932), (-0.1248178, 0.22431049, -0.06950334), (-0.12488507, 0.21675144, -0.08427601), (-0.12487441, 0.21581791, -0.08193365), (-0.12486301, 0.2155, -0.07943223), (-0.12484998, 0.21591845, -0.07656975)]
            uniform token subdivisionScheme = "none"
            token visibility = "invisible"
            quatd xformOp:orient = (0.7071067811865475, 0, 0, 0.7071067811865475)
            double3 xformOp:translate = (0, 0, 0)
            uniform token[] xformOpOrder = ["xformOp:translate", "xformOp:orient"]
        }

        def Mesh "Collision_003" (
            prepend apiSchemas = ["PhysicsMeshCollisionAPI", "PhysicsCollisionAPI"]
        )
        {
            int[] faceVertexCounts = [3, 3, 3, 3, 3, 3, 3, 3, 3, 3, 3, 3, 3, 3, 3, 3, 3, 3, 3, 3, 3, 3, 3, 3, 3, 3, 3, 3, 3, 3, 3, 3, 3, 3, 3, 3, 3, 3, 3, 3, 3, 3, 3, 3, 3, 3, 3, 3, 3, 3, 3, 3, 3, 3, 3, 3, 3, 3, 3, 3, 3, 3, 3, 3, 3, 3, 3, 3, 3, 3, 3, 3, 3, 3, 3, 3, 3, 3, 3, 3, 3, 3, 3, 3, 3, 3, 3, 3, 3, 3, 3, 3, 3, 3, 3, 3, 3, 3, 3, 3, 3, 3, 3, 3, 3, 3, 3, 3, 3, 3, 3, 3, 3, 3, 3, 3, 3, 3, 3, 3, 3, 3, 3, 3]
            int[] faceVertexIndices = [23, 25, 21, 21, 15, 23, 21, 25, 4, 5, 9, 52, 13, 14, 10, 43, 47, 39, 12, 30, 6, 13, 10, 12, 12, 10, 11, 12, 15, 21, 33, 4, 25, 21, 4, 33, 30, 12, 33, 37, 40, 1, 1, 40, 41, 44, 52, 9, 22, 23, 20, 23, 19, 20, 20, 19, 55, 20, 55, 63, 18, 19, 23, 18, 15, 5, 18, 23, 15, 37, 7, 38, 38, 7, 11, 37, 38, 35, 11, 10, 35, 35, 38, 11, 29, 30, 28, 30, 33, 28, 26, 12, 21, 21, 33, 26, 26, 33, 12, 61, 23, 22, 3, 1, 41, 31, 33, 25, 32, 33, 31, 51, 41, 39, 37, 43, 2, 2, 40, 37, 2, 43, 39, 39, 41, 2, 41, 40, 2, 53, 55, 37, 37, 1, 53, 53, 59, 55, 53, 3, 59, 1, 3, 53, 45, 7, 37, 45, 44, 9, 37, 44, 45, 37, 55, 54, 54, 44, 37, 52, 44, 54, 36, 43, 37, 37, 35, 36, 27, 28, 33, 25, 23, 24, 24, 17, 59, 62, 61, 22, 62, 20, 63, 22, 20, 62, 63, 55, 62, 55, 61, 62, 16, 24, 23, 17, 24, 16, 39, 48, 49, 49, 51, 39, 49, 50, 51, 46, 57, 56, 56, 51, 46, 59, 3, 56, 3, 51, 56, 0, 3, 41, 41, 51, 0, 0, 51, 3, 8, 45, 9, 7, 45, 8, 11, 7, 8, 8, 12, 11, 15, 12, 8, 8, 9, 5, 5, 15, 8, 42, 43, 34, 43, 36, 34, 58, 24, 59, 59, 56, 58, 58, 56, 57, 55, 59, 60, 60, 61, 55, 47, 30, 29, 29, 39, 47, 30, 47, 43, 6, 30, 43, 6, 43, 12, 12, 43, 42, 28, 39, 29, 28, 48, 39, 31, 57, 46, 25, 57, 31, 51, 31, 46, 32, 31, 51, 19, 18, 54, 55, 19, 54, 5, 52, 54, 54, 18, 5, 36, 35, 10, 36, 10, 14, 32, 51, 50, 50, 33, 32, 48, 28, 49, 28, 27, 49, 33, 50, 49, 49, 27, 33, 34, 12, 42, 13, 12, 34, 34, 36, 14, 34, 14, 13, 58, 57, 25, 25, 24, 58, 17, 16, 60, 59, 17, 60, 23, 61, 60, 60, 16, 23]
            uniform token physics:approximation = "convexHull"
            bool physics:collisionEnabled = 1
            point3f[] points = [(0.12397504, -0.25242016, -0.11556574), (0.12399868, -0.2573881, -0.11037421), (0.12390358, -0.26511028, -0.13125789), (0.12408788, -0.22364378, -0.0907863), (0.11609108, -0.2224813, -0.09006307), (0.11616776, -0.23232883, -0.07322448), (0.11589365, -0.27297136, -0.13342029), (0.11595033, -0.28116766, -0.12097257), (0.11596205, -0.28008318, -0.11839809), (0.11597195, -0.27832884, -0.11622404), (0.11592514, -0.28104737, -0.12650365), (0.11593769, -0.28149763, -0.1237466), (0.11589725, -0.27565005, -0.13262732), (0.1159041, -0.27800488, -0.13112432), (0.11591364, -0.27985203, -0.12902857), (0.11615553, -0.22741342, -0.07591032), (0.11615948, -0.2171388, -0.07504427), (0.11614753, -0.21591845, -0.07766719), (0.11617527, -0.22995193, -0.07157543), (0.11617937, -0.22720245, -0.07067576), (0.11617971, -0.22431049, -0.07060078), (0.11615553, -0.22358659, -0.07591032), (0.11617627, -0.22151807, -0.07135676), (0.11616933, -0.2190589, -0.07288042), (0.11613449, -0.2155, -0.08052967), (0.1161231, -0.21581791, -0.08303108), (0.11595972, -0.23958658, -0.11890988), (0.11589154, -0.23449723, -0.1338834), (0.11588523, -0.23720653, -0.13526861), (0.11588209, -0.24017026, -0.13595816), (0.1158823, -0.24321277, -0.1359112), (0.11592493, -0.22937037, -0.12654945), (0.115912, -0.23045951, -0.12939072), (0.11590064, -0.2322029, -0.13188462), (0.12390402, -0.27800488, -0.13116075), (0.12392506, -0.28104737, -0.12654008), (0.12391356, -0.27985203, -0.129065), (0.12395025, -0.28116766, -0.12100901), (0.12393761, -0.28149763, -0.12378302), (0.12388201, -0.24017026, -0.1359946), (0.12395227, -0.2715, -0.12056569), (0.12397504, -0.2553394, -0.11556574), (0.12389717, -0.27565005, -0.13266376), (0.12389357, -0.27297136, -0.13345672), (0.12397187, -0.27832884, -0.11626047), (0.12396197, -0.28008318, -0.11843451), (0.12392485, -0.22937037, -0.12658589), (0.12388222, -0.24321277, -0.13594763), (0.12388515, -0.23720653, -0.13530505), (0.12389146, -0.23449723, -0.13391984), (0.12390056, -0.2322029, -0.13192105), (0.12391192, -0.23045951, -0.12942715), (0.12416768, -0.23232883, -0.07326091), (0.1241257, -0.23011939, -0.0824795), (0.12417519, -0.22995193, -0.07161185), (0.12417929, -0.22720245, -0.07071219), (0.12411236, -0.21675144, -0.08540988), (0.12412302, -0.21581791, -0.08306751), (0.12413441, -0.2155, -0.08056611), (0.12414745, -0.21591845, -0.07770362), (0.1241594, -0.2171388, -0.07508069), (0.12416925, -0.2190589, -0.07291685), (0.12417618, -0.22151807, -0.07139318), (0.12417962, -0.22431049, -0.07063721)]
            uniform token subdivisionScheme = "none"
            token visibility = "invisible"
            quatd xformOp:orient = (0.7071067811865475, 0, 0, 0.7071067811865475)
            double3 xformOp:translate = (0, 0, 0)
            uniform token[] xformOpOrder = ["xformOp:translate", "xformOp:orient"]
        }

        def Mesh "Collision_004" (
            prepend apiSchemas = ["PhysicsMeshCollisionAPI", "PhysicsCollisionAPI"]
        )
        {
            int[] faceVertexCounts = [3, 3, 3, 3, 3, 3, 3, 3, 3, 3, 3, 3, 3, 3, 3, 3, 3, 3, 3, 3, 3, 3, 3, 3, 3, 3, 3, 3, 3, 3, 3, 3, 3, 3, 3, 3, 3, 3, 3, 3, 3, 3, 3, 3, 3, 3, 3, 3, 3, 3, 3, 3, 3, 3, 3, 3, 3, 3, 3, 3, 3, 3, 3, 3, 3, 3, 3, 3, 3, 3, 3, 3, 3, 3, 3, 3, 3, 3, 3, 3, 3, 3, 3, 3, 3, 3, 3, 3, 3, 3, 3, 3, 3, 3, 3, 3, 3, 3, 3, 3, 3, 3, 3, 3, 3, 3, 3, 3, 3, 3, 3, 3, 3, 3, 3, 3, 3, 3, 3, 3, 3, 3, 3, 3]
            int[] faceVertexIndices = [28, 31, 27, 27, 22, 28, 3, 31, 28, 34, 16, 13, 7, 8, 6, 62, 63, 35, 15, 19, 14, 14, 7, 6, 10, 7, 14, 28, 22, 14, 12, 19, 20, 28, 14, 18, 48, 42, 39, 1, 42, 48, 16, 34, 41, 30, 27, 29, 30, 23, 27, 60, 23, 30, 59, 60, 30, 27, 23, 21, 13, 22, 21, 22, 27, 21, 44, 9, 39, 10, 9, 44, 43, 44, 39, 43, 7, 10, 10, 44, 43, 19, 12, 5, 31, 3, 5, 5, 14, 19, 5, 18, 14, 5, 3, 28, 28, 18, 5, 29, 27, 54, 1, 48, 4, 31, 5, 25, 25, 5, 24, 56, 57, 62, 2, 35, 39, 39, 42, 2, 62, 35, 2, 2, 1, 62, 2, 42, 1, 39, 60, 49, 49, 48, 39, 60, 52, 49, 52, 4, 49, 49, 4, 48, 39, 9, 40, 16, 41, 40, 40, 41, 39, 61, 60, 39, 39, 41, 61, 61, 41, 34, 39, 35, 47, 47, 43, 39, 32, 27, 31, 52, 33, 32, 36, 37, 51, 36, 4, 52, 29, 54, 58, 59, 30, 58, 58, 30, 29, 58, 60, 59, 58, 54, 60, 27, 32, 26, 26, 32, 33, 1, 4, 0, 11, 5, 12, 16, 40, 17, 17, 40, 9, 17, 9, 10, 10, 14, 17, 17, 14, 22, 13, 16, 17, 17, 22, 13, 46, 35, 45, 46, 47, 35, 52, 32, 38, 38, 36, 52, 37, 36, 38, 50, 36, 51, 50, 55, 56, 50, 56, 62, 4, 36, 50, 50, 0, 4, 62, 1, 50, 1, 0, 50, 53, 52, 60, 60, 54, 53, 20, 19, 63, 63, 62, 20, 35, 63, 19, 35, 19, 15, 14, 35, 15, 45, 35, 14, 20, 62, 57, 57, 12, 20, 51, 37, 25, 25, 37, 31, 61, 21, 23, 61, 23, 60, 61, 34, 13, 13, 21, 61, 7, 43, 47, 8, 7, 47, 12, 57, 11, 57, 56, 11, 55, 11, 56, 5, 11, 55, 45, 14, 46, 46, 14, 6, 8, 47, 46, 6, 8, 46, 31, 37, 38, 38, 32, 31, 51, 25, 50, 50, 25, 24, 5, 55, 50, 24, 5, 50, 53, 26, 33, 53, 33, 52, 53, 54, 27, 27, 26, 53]
            uniform token physics:approximation = "convexHull"
            bool physics:collisionEnabled = 1
            point3f[] points = [(0.12397504, 0.25242016, -0.11556574), (0.12397504, 0.2553394, -0.11556574), (0.12390358, 0.26511028, -0.13125789), (0.11609108, 0.2224813, -0.09006307), (0.12408788, 0.22364378, -0.0907863), (0.11590064, 0.2322029, -0.13188462), (0.1159041, 0.27800488, -0.13112432), (0.11592514, 0.28104737, -0.12650365), (0.11591364, 0.27985203, -0.12902857), (0.11595033, 0.28116766, -0.12097257), (0.11593769, 0.28149763, -0.1237466), (0.11589154, 0.23449723, -0.1338834), (0.11588523, 0.23720653, -0.13526861), (0.11616776, 0.23232883, -0.07322448), (0.11589725, 0.27565005, -0.13262732), (0.11589365, 0.27297136, -0.13342029), (0.11597195, 0.27832884, -0.11622404), (0.11596205, 0.28008318, -0.11839809), (0.11595972, 0.23958658, -0.11890988), (0.1158823, 0.24321277, -0.1359112), (0.11588209, 0.24017026, -0.13595816), (0.11617527, 0.22995193, -0.07157543), (0.11615553, 0.22741342, -0.07591032), (0.11617937, 0.22720245, -0.07067576), (0.115912, 0.23045951, -0.12939072), (0.11592493, 0.22937037, -0.12654945), (0.11615948, 0.2171388, -0.07504427), (0.11616933, 0.2190589, -0.07288042), (0.11615553, 0.22358659, -0.07591032), (0.11617627, 0.22151807, -0.07135676), (0.11617971, 0.22431049, -0.07060078), (0.1161231, 0.21581791, -0.08303108), (0.11613449, 0.2155, -0.08052967), (0.11614753, 0.21591845, -0.07766719), (0.12416768, 0.23232883, -0.07326091), (0.12389357, 0.27297136, -0.13345672), (0.12411236, 0.21675144, -0.08540988), (0.12412302, 0.21581791, -0.08306751), (0.12413441, 0.2155, -0.08056611), (0.12395025, 0.28116766, -0.12100901), (0.12396197, 0.28008318, -0.11843451), (0.12397187, 0.27832884, -0.11626047), (0.12395227, 0.2715, -0.12056569), (0.12392506, 0.28104737, -0.12654008), (0.12393761, 0.28149763, -0.12378302), (0.12389717, 0.27565005, -0.13266376), (0.12390402, 0.27800488, -0.13116075), (0.12391356, 0.27985203, -0.129065), (0.12399868, 0.2573881, -0.11037421), (0.1241257, 0.23011939, -0.0824795), (0.12391192, 0.23045951, -0.12942715), (0.12392485, 0.22937037, -0.12658589), (0.12414745, 0.21591845, -0.07770362), (0.1241594, 0.2171388, -0.07508069), (0.12416925, 0.2190589, -0.07291685), (0.12390056, 0.2322029, -0.13192105), (0.12389146, 0.23449723, -0.13391984), (0.12388515, 0.23720653, -0.13530505), (0.12417618, 0.22151807, -0.07139318), (0.12417962, 0.22431049, -0.07063721), (0.12417929, 0.22720245, -0.07071219), (0.12417519, 0.22995193, -0.07161185), (0.12388201, 0.24017026, -0.1359946), (0.12388222, 0.24321277, -0.13594763)]
            uniform token subdivisionScheme = "none"
            token visibility = "invisible"
            quatd xformOp:orient = (0.7071067811865475, 0, 0, 0.7071067811865475)
            double3 xformOp:translate = (0, 0, 0)
            uniform token[] xformOpOrder = ["xformOp:translate", "xformOp:orient"]
        }

        def Mesh "Collision_005" (
            prepend apiSchemas = ["PhysicsMeshCollisionAPI", "PhysicsCollisionAPI"]
        )
        {
            int[] faceVertexCounts = [3, 3, 3, 3, 3, 3, 3, 3, 3, 3, 3, 3, 3, 3, 3, 3, 3, 3, 3, 3, 3, 3, 3, 3, 3, 3, 3, 3, 3, 3, 3, 3, 3, 3, 3, 3, 3, 3, 3, 3, 3, 3, 3, 3, 3, 3, 3, 3, 3, 3, 3, 3, 3, 3, 3, 3, 3, 3, 3, 3, 3, 3, 3, 3, 3, 3, 3, 3, 3, 3, 3, 3, 3, 3, 3, 3, 3, 3, 3, 3, 3, 3, 3, 3, 3, 3, 3, 3, 3, 3, 3, 3, 3, 3, 3, 3, 3, 3, 3, 3, 3, 3, 3, 3, 3, 3, 3, 3, 3, 3, 3, 3, 3, 3, 3, 3, 3, 3, 3, 3, 3, 3, 3, 3, 3, 3, 3, 3, 3, 3, 3, 3, 3, 3, 3, 3, 3, 3, 3, 3, 3, 3, 3, 3, 3, 3]
            int[] faceVertexIndices = [2, 1, 3, 3, 38, 2, 19, 1, 16, 11, 24, 23, 10, 11, 9, 10, 24, 11, 51, 4, 72, 60, 71, 12, 9, 6, 7, 17, 53, 20, 73, 53, 17, 67, 68, 17, 17, 16, 67, 15, 21, 52, 37, 16, 1, 1, 2, 37, 37, 2, 38, 35, 53, 73, 60, 12, 61, 50, 4, 51, 5, 46, 6, 5, 6, 9, 8, 31, 9, 9, 7, 8, 53, 56, 54, 73, 17, 70, 39, 41, 70, 70, 17, 68, 18, 17, 20, 19, 16, 18, 16, 17, 18, 0, 15, 1, 21, 15, 0, 19, 21, 0, 0, 1, 19, 67, 16, 69, 69, 37, 67, 16, 37, 69, 40, 38, 3, 31, 30, 33, 9, 31, 33, 30, 29, 32, 32, 33, 30, 58, 56, 53, 46, 5, 48, 48, 5, 4, 4, 50, 48, 28, 8, 7, 7, 43, 28, 31, 8, 28, 39, 70, 36, 67, 37, 36, 36, 68, 67, 36, 70, 68, 14, 13, 1, 1, 15, 14, 12, 13, 59, 59, 61, 12, 6, 46, 44, 44, 7, 6, 44, 43, 7, 45, 47, 42, 42, 44, 45, 43, 44, 42, 42, 32, 29, 74, 32, 42, 42, 34, 74, 24, 10, 26, 26, 10, 9, 9, 33, 26, 22, 25, 62, 62, 32, 74, 55, 15, 52, 55, 14, 15, 52, 53, 55, 53, 54, 55, 49, 42, 47, 64, 26, 66, 66, 26, 33, 64, 32, 65, 32, 62, 65, 27, 62, 25, 27, 26, 64, 64, 65, 27, 27, 65, 62, 57, 59, 13, 13, 14, 57, 14, 55, 57, 64, 66, 63, 63, 66, 33, 63, 32, 64, 33, 32, 63, 9, 11, 1, 1, 11, 3, 21, 53, 52, 20, 53, 21, 22, 23, 25, 25, 23, 24, 72, 71, 60, 72, 60, 51, 71, 72, 12, 12, 72, 4, 20, 21, 18, 18, 21, 19, 9, 1, 13, 13, 5, 9, 13, 12, 4, 4, 5, 13, 73, 74, 34, 34, 35, 73, 3, 11, 40, 11, 23, 40, 40, 23, 22, 22, 41, 40, 40, 39, 38, 40, 41, 39, 28, 29, 30, 28, 30, 31, 38, 39, 36, 36, 37, 38, 59, 58, 60, 60, 61, 59, 44, 47, 45, 46, 47, 44, 29, 28, 42, 42, 28, 43, 35, 34, 42, 53, 35, 42, 62, 41, 22, 62, 70, 41, 73, 70, 62, 62, 74, 73, 49, 48, 50, 49, 50, 51, 49, 47, 46, 46, 48, 49, 51, 60, 49, 60, 58, 49, 53, 42, 49, 49, 58, 53, 27, 25, 24, 24, 26, 27, 58, 59, 57, 56, 58, 57, 57, 54, 56, 57, 55, 54]
            uniform token physics:approximation = "convexHull"
            bool physics:collisionEnabled = 1
            point3f[] points = [(-0.06497747, -0.024, -0.1047052), (-0.06497291, -0.02373205, -0.10370521), (-0.06496958, -0.023, -0.10297316), (-0.06496836, -0.022, -0.10270522), (-0.06499112, 0.022, -0.10770517), (-0.0649899, 0.023, -0.10743722), (-0.06498657, 0.02373205, -0.10670518), (-0.06498202, 0.024, -0.10570519), (-0.06497747, 0.024, -0.1047052), (-0.06497291, 0.02373205, -0.10370521), (-0.06496958, 0.023, -0.10297316), (-0.06496836, 0.022, -0.10270522), (-0.06499112, -0.022, -0.10770517), (-0.0649899, -0.023, -0.10743722), (-0.06498657, -0.02373205, -0.10670518), (-0.06498202, -0.024, -0.10570519), (-0.07391095, -0.04241421, -0.09007858), (-0.08091088, -0.04241421, -0.0900467), (-0.08091383, -0.04284776, -0.09069555), (-0.07391391, -0.04284776, -0.09072742), (-0.08091732, -0.043, -0.09146091), (-0.0739174, -0.043, -0.09149278), (-0.08082703, 0.02317157, -0.07163268), (-0.0738271, 0.02317157, -0.07166456), (-0.0738278, 0.02393694, -0.07181679), (-0.08082772, 0.02393694, -0.07178492), (-0.07382977, 0.02458579, -0.07225034), (-0.08082969, 0.02458579, -0.07221846), (-0.0739174, 0.043, -0.09149278), (-0.08091732, 0.043, -0.09146091), (-0.08091383, 0.04284776, -0.09069555), (-0.07391391, 0.04284776, -0.09072742), (-0.08091088, 0.04241421, -0.0900467), (-0.07391095, 0.04241421, -0.09007858), (-0.08085891, 0.017, -0.07863261), (-0.08085891, -0.017, -0.07863261), (-0.08082969, -0.02458579, -0.07221846), (-0.07382977, -0.02458579, -0.07225034), (-0.0738278, -0.02393694, -0.07181679), (-0.08082772, -0.02393694, -0.07178492), (-0.0738271, -0.02317157, -0.07166456), (-0.08082703, -0.02317157, -0.07163268), (-0.08098186, 0.043, -0.10563233), (-0.07398193, 0.043, -0.1056642), (-0.07398541, 0.04284776, -0.10642956), (-0.08098534, 0.04284776, -0.10639769), (-0.07398837, 0.04241421, -0.1070784), (-0.0809883, 0.04241421, -0.10704653), (-0.07399035, 0.04176537, -0.10751195), (-0.08099027, 0.04176537, -0.10748007), (-0.07399104, 0.041, -0.10766418), (-0.08099096, 0.041, -0.10763231), (-0.07398193, -0.043, -0.1056642), (-0.08098186, -0.043, -0.10563233), (-0.08098534, -0.04284776, -0.10639769), (-0.07398541, -0.04284776, -0.10642956), (-0.0809883, -0.04241421, -0.10704653), (-0.07398837, -0.04241421, -0.1070784), (-0.08099027, -0.04176537, -0.10748007), (-0.07399035, -0.04176537, -0.10751195), (-0.08099096, -0.041, -0.10763231), (-0.07399104, -0.041, -0.10766418), (-0.0808301, 0.024675, -0.07230768), (-0.07391055, 0.042325, -0.08998936), (-0.08090045, 0.04012475, -0.08775726), (-0.0808893, 0.037675, -0.08530754), (-0.07388937, 0.037675, -0.08533941), (-0.08090045, -0.04012475, -0.08775726), (-0.0808893, -0.037675, -0.08530754), (-0.07388937, -0.037675, -0.08533941), (-0.0808301, -0.024675, -0.07230768), (-0.06974108, -0.01429904, -0.10768354), (-0.06974108, 0.01429904, -0.10768354), (-0.08083694, -0.02142894, -0.07380766), (-0.08083694, 0.02142894, -0.07380766)]
            uniform token subdivisionScheme = "none"
            token visibility = "invisible"
            quatd xformOp:orient = (0.7071067811865475, 0, 0, 0.7071067811865475)
            double3 xformOp:translate = (0, 0, 0)
            uniform token[] xformOpOrder = ["xformOp:translate", "xformOp:orient"]
        }

        def Mesh "Collision_006" (
            prepend apiSchemas = ["PhysicsMeshCollisionAPI", "PhysicsCollisionAPI"]
        )
        {
            int[] faceVertexCounts = [3, 3, 3, 3, 3, 3, 3, 3, 3, 3, 3, 3, 3, 3, 3, 3, 3, 3, 3, 3, 3, 3, 3, 3, 3, 3, 3, 3, 3, 3, 3, 3, 3, 3, 3, 3, 3, 3, 3, 3, 3, 3, 3, 3, 3, 3, 3, 3, 3, 3, 3, 3, 3, 3, 3, 3, 3, 3, 3, 3, 3, 3, 3, 3, 3, 3, 3, 3, 3, 3, 3, 3, 3, 3, 3, 3, 3, 3, 3, 3, 3, 3, 3, 3, 3, 3, 3, 3, 3, 3, 3, 3, 3, 3, 3, 3, 3, 3, 3, 3, 3, 3, 3, 3, 3, 3, 3, 3, 3, 3, 3, 3, 3, 3, 3, 3, 3, 3, 3, 3, 3, 3, 3, 3, 3, 3, 3, 3, 3, 3, 3, 3, 3, 3, 3, 3, 3, 3, 3, 3, 3, 3, 3, 3, 3, 3, 3, 3, 3, 3, 3, 3, 3, 3, 3, 3, 3, 3, 3, 3, 3, 3, 3, 3, 3, 3, 3, 3, 3, 3, 3, 3, 3, 3, 3, 3, 3, 3, 3, 3, 3, 3, 3, 3, 3, 3, 3, 3, 3, 3, 3, 3, 3, 3, 3, 3, 3, 3, 3, 3, 3, 3, 3, 3, 3, 3, 3, 3, 3, 3, 3, 3, 3, 3, 3, 3, 3, 3, 3, 3, 3, 3, 3, 3, 3, 3, 3, 3, 3, 3, 3, 3, 3, 3, 3, 3, 3, 3, 3, 3, 3, 3, 3, 3, 3, 3, 3, 3, 3, 3, 3, 3, 3, 3, 3, 3, 3, 3, 3, 3, 3, 3, 3, 3, 3, 3, 3, 3, 3, 3, 3, 3, 3, 3, 3, 3, 3, 3, 3, 3, 3, 3, 3, 3, 3, 3, 3, 3, 3, 3, 3, 3, 3, 3, 3, 3, 3, 3, 3, 3, 3, 3, 3, 3, 3, 3, 3, 3, 3, 3, 3, 3, 3, 3, 3, 3, 3, 3, 3, 3, 3, 3, 3, 3, 3, 3, 3, 3, 3, 3, 3, 3, 3, 3, 3, 3, 3, 3, 3, 3, 3, 3]
            int[] faceVertexIndices = [98, 116, 72, 55, 102, 71, 162, 55, 71, 102, 55, 162, 48, 44, 40, 44, 48, 38, 45, 72, 116, 45, 116, 98, 44, 38, 45, 62, 59, 91, 72, 45, 36, 50, 42, 46, 89, 91, 120, 120, 91, 119, 53, 24, 23, 53, 41, 51, 51, 76, 53, 77, 24, 53, 53, 76, 77, 30, 22, 54, 166, 162, 71, 56, 166, 71, 25, 136, 115, 115, 73, 25, 136, 73, 115, 163, 158, 161, 162, 168, 163, 122, 120, 118, 118, 120, 119, 119, 91, 67, 67, 118, 119, 66, 118, 67, 58, 154, 153, 58, 59, 62, 110, 109, 104, 161, 109, 110, 103, 160, 104, 104, 109, 103, 161, 160, 103, 103, 109, 161, 37, 45, 38, 37, 36, 45, 25, 73, 81, 5, 1, 7, 5, 7, 6, 122, 4, 6, 6, 7, 1, 47, 46, 42, 41, 23, 26, 25, 79, 26, 40, 41, 26, 26, 79, 38, 26, 48, 40, 26, 38, 48, 139, 23, 24, 139, 140, 23, 39, 41, 53, 53, 23, 39, 39, 23, 41, 40, 44, 43, 44, 47, 43, 43, 47, 42, 68, 74, 92, 92, 70, 68, 50, 46, 68, 68, 70, 50, 85, 70, 92, 92, 86, 85, 75, 132, 76, 75, 52, 70, 51, 52, 75, 76, 51, 75, 144, 24, 9, 5, 145, 9, 9, 145, 144, 29, 30, 147, 167, 168, 162, 159, 160, 161, 159, 154, 160, 161, 158, 159, 159, 158, 153, 153, 154, 159, 158, 163, 157, 157, 29, 155, 104, 160, 13, 160, 82, 13, 113, 114, 11, 16, 114, 94, 117, 4, 122, 122, 34, 117, 117, 34, 4, 31, 34, 27, 65, 153, 152, 66, 67, 65, 27, 34, 151, 151, 65, 152, 34, 65, 151, 152, 155, 151, 32, 118, 66, 66, 65, 32, 32, 65, 34, 32, 34, 122, 122, 118, 32, 61, 91, 59, 61, 67, 91, 111, 104, 102, 111, 110, 104, 161, 110, 111, 111, 163, 161, 102, 162, 111, 162, 163, 111, 104, 13, 12, 72, 36, 57, 57, 81, 73, 80, 79, 25, 25, 81, 80, 38, 79, 80, 80, 37, 38, 80, 81, 37, 125, 120, 122, 122, 124, 125, 123, 124, 122, 122, 6, 123, 123, 6, 124, 1, 124, 0, 0, 6, 1, 124, 6, 0, 127, 145, 5, 138, 24, 144, 144, 139, 138, 138, 139, 24, 50, 70, 49, 70, 52, 49, 49, 42, 50, 49, 43, 42, 132, 75, 131, 70, 85, 131, 131, 75, 70, 24, 77, 84, 84, 9, 24, 5, 9, 8, 77, 10, 8, 140, 139, 137, 144, 145, 137, 137, 139, 144, 23, 140, 137, 137, 26, 23, 137, 136, 25, 25, 26, 137, 128, 6, 141, 54, 22, 135, 135, 30, 54, 135, 147, 30, 162, 166, 165, 165, 167, 162, 29, 157, 164, 164, 157, 163, 164, 168, 29, 164, 163, 168, 21, 12, 63, 63, 82, 160, 160, 154, 63, 63, 58, 62, 154, 58, 63, 94, 114, 87, 93, 94, 92, 92, 16, 93, 93, 16, 94, 92, 74, 15, 15, 16, 92, 74, 68, 15, 17, 16, 11, 11, 114, 17, 114, 16, 17, 4, 34, 33, 34, 31, 33, 60, 58, 153, 153, 65, 60, 60, 65, 67, 67, 61, 60, 156, 151, 155, 108, 19, 102, 108, 12, 19, 102, 104, 108, 104, 12, 108, 11, 12, 97, 97, 12, 21, 21, 63, 97, 97, 91, 89, 62, 91, 97, 97, 63, 62, 35, 57, 36, 81, 57, 35, 36, 37, 35, 37, 81, 35, 88, 125, 113, 121, 124, 1, 121, 125, 124, 78, 84, 77, 9, 84, 78, 77, 8, 78, 78, 8, 9, 3, 6, 4, 3, 141, 6, 4, 33, 3, 3, 33, 31, 3, 31, 27, 146, 147, 148, 167, 165, 170, 170, 56, 22, 22, 30, 170, 64, 12, 13, 64, 63, 12, 64, 13, 82, 82, 63, 64, 114, 113, 90, 90, 87, 114, 98, 18, 100, 18, 15, 100, 27, 151, 28, 151, 156, 28, 28, 148, 27, 146, 148, 28, 28, 147, 146, 29, 147, 28, 155, 29, 28, 28, 156, 155, 96, 113, 11, 11, 97, 96, 96, 97, 113, 112, 88, 113, 112, 97, 89, 113, 97, 112, 125, 88, 112, 89, 120, 112, 120, 125, 112, 132, 131, 129, 129, 85, 86, 129, 131, 85, 132, 129, 134, 134, 129, 149, 134, 10, 77, 134, 8, 10, 76, 132, 134, 134, 77, 76, 134, 133, 5, 5, 8, 134, 94, 149, 20, 150, 1, 5, 5, 133, 150, 133, 134, 150, 150, 134, 149, 2, 149, 94, 147, 141, 142, 142, 148, 147, 142, 3, 27, 141, 3, 142, 29, 168, 172, 172, 30, 29, 169, 165, 166, 169, 170, 165, 166, 56, 169, 56, 170, 169, 83, 68, 46, 46, 14, 83, 69, 15, 68, 69, 14, 15, 68, 83, 69, 69, 83, 14, 15, 14, 99, 99, 100, 15, 99, 14, 46, 98, 100, 99, 94, 20, 95, 92, 94, 95, 95, 86, 92, 95, 20, 149, 95, 129, 86, 149, 129, 95, 130, 121, 1, 1, 150, 130, 130, 150, 149, 113, 125, 126, 27, 148, 143, 143, 142, 27, 148, 142, 143, 171, 172, 168, 168, 167, 171, 167, 170, 171, 171, 170, 30, 30, 172, 171, 46, 47, 101, 101, 99, 46, 107, 101, 47, 99, 101, 107, 99, 107, 105, 105, 107, 47, 98, 99, 106, 99, 105, 106, 106, 105, 47, 106, 47, 44, 106, 45, 98, 44, 45, 106, 71, 102, 72, 72, 102, 98, 98, 102, 19, 19, 18, 98, 152, 153, 157, 157, 155, 152, 153, 158, 157, 71, 72, 57, 57, 56, 71, 57, 73, 22, 22, 56, 57, 127, 6, 128, 5, 6, 127, 49, 51, 41, 49, 41, 40, 40, 43, 49, 49, 52, 51, 141, 127, 128, 145, 127, 141, 141, 137, 145, 147, 137, 141, 22, 73, 135, 135, 73, 136, 135, 137, 147, 136, 137, 135, 18, 19, 15, 19, 12, 15, 11, 16, 15, 15, 12, 11, 60, 61, 59, 59, 58, 60, 90, 113, 94, 94, 87, 90, 130, 149, 125, 125, 121, 130, 94, 113, 126, 126, 2, 94, 125, 149, 126, 149, 2, 126]
            uniform token physics:approximation = "convexHull"
            bool physics:collisionEnabled = 1
            point3f[] points = [(0.16599563, -0.00375222, 0.04258242), (0.16799602, 0.00251006, 0.04266296), (0.11148828, 0.03533137, 0.04949283), (0.25253138, -0.02133176, 0.00631442), (0.25257334, -0.01524755, 0.01553151), (0.25259718, 0.00552209, 0.02076495), (0.25259718, -0.00552209, 0.02076495), (0.25015032, -0, 0.02146112), (0.25257334, 0.01524755, 0.01553151), (0.25253138, 0.02133176, 0.00631442), (0.14803623, 0.10929593, 0.00761779), (-0.2523976, -0.00552209, 0.02306456), (-0.25242144, -0.01524755, 0.01783112), (-0.2524634, -0.02133176, 0.00861403), (-0.2524634, 0.02133176, 0.00861403), (-0.25242144, 0.01524755, 0.01783112), (-0.2523976, 0.00552209, 0.02306456), (-0.24994448, -0, 0.02373842), (-0.2525243, 0.00539736, -0.00475508), (-0.2525243, -0.00539736, -0.00475508), (-0.11277115, 0.04115611, 0.05051405), (-0.14796072, -0.10929593, 0.00896569), (0.08971317, -0.03, -0.17299329), (0.1149478, 0.2565, -0.1215247), (0.11498515, 0.2565, -0.11332478), (0.11491366, 0.2415, -0.12902462), (0.11491701, 0.24425, -0.12828776), (0.11498515, -0.2565, -0.11332478), (0.1149478, -0.2565, -0.1215247), (0.11491701, -0.24425, -0.12828776), (0.11491366, -0.2415, -0.12902462), (0.11518095, -0.2405, -0.07032523), (0.11219829, -0.2405, -0.06651161), (0.11479634, -0.239, -0.06652343), (0.11369827, -0.24009807, -0.06651843), (-0.08399292, 0.14532323, -0.15197545), (-0.09219284, 0.14532323, -0.15193811), (-0.09219138, 0.1471379, -0.15161815), (-0.09216121, 0.18471554, -0.14499226), (0.05835422, 0.2819776, -0.1132669), (0.00348539, 0.2835, -0.11301704), (0.05070063, 0.2835, -0.11323205), (-0.05938336, 0.2819776, -0.11273076), (-0.05172976, 0.2835, -0.1127656), (-0.1160806, 0.24425, -0.12723586), (-0.11608396, 0.2415, -0.12797272), (-0.11601247, 0.2565, -0.11227288), (-0.11604981, 0.2565, -0.1204728), (-0.10608069, 0.24425, -0.1272814), (-0.0517152, 0.2835, -0.10956564), (-0.05936878, 0.2819776, -0.10953079), (0.0507152, 0.2835, -0.11003208), (0.00349997, 0.2835, -0.10981707), (0.05836879, 0.2819776, -0.11006694), (0.1163385, -0.0995, -0.14553128), (-0.11765906, -0.0995, -0.14446571), (-0.08308504, -0.03, -0.17220642), (-0.08308504, 0.03, -0.17220642), (-0.08382115, -0.25156924, -0.07033346), (-0.08381875, -0.2508824, -0.06980643), (-0.08262116, -0.25156924, -0.07033892), (-0.08261876, -0.2508824, -0.06981189), (-0.11279937, -0.2405, -0.06548703), (-0.11429936, -0.24009807, -0.06548019), (-0.11539742, -0.239, -0.0654752), (0.08317712, -0.25156924, -0.07109392), (0.08317952, -0.2508824, -0.07056689), (0.08197954, -0.2508824, -0.07056142), (-0.11429936, 0.24009807, -0.06548019), (-0.11539742, 0.239, -0.0654752), (-0.11279937, 0.2405, -0.06548703), (-0.09128495, -0.03, -0.17216907), (-0.09128495, 0.03, -0.17216907), (0.08971317, 0.03, -0.17299329), (-0.14796072, 0.10929593, 0.00896569), (0.10819833, 0.2405, -0.06649339), (0.11219829, 0.2405, -0.06651161), (0.11369827, 0.24009807, -0.06651843), (0.11479634, 0.239, -0.06652343), (0.0908369, 0.18471554, -0.14582558), (0.09083033, 0.17654394, -0.14726645), (0.09080527, 0.14532323, -0.15277144), (-0.11581757, -0.2405, -0.06947333), (-0.11581757, 0.2405, -0.06947333), (0.11518005, 0.2405, -0.07052523), (-0.14082095, 0.06309493, 0.03964166), (-0.1091992, 0.04392698, 0.05049778), (-0.1215834, 0.03228456, 0.05055417), (-0.11277115, -0.04115611, 0.05051405), (-0.1091992, -0.04392698, 0.05049778), (-0.1215834, -0.03228456, 0.05055417), (-0.14082095, -0.06309493, 0.03964166), (-0.14182094, 0.06282698, 0.03964622), (-0.14255299, 0.06209493, 0.03964955), (-0.11952584, 0.03760429, 0.05054481), (-0.11463569, 0.04220154, 0.05052254), (-0.14255299, -0.06209493, 0.03964955), (-0.14182094, -0.06282698, 0.03964622), (-0.25263172, 0.023, -0.02834989), (-0.25252125, 0.02479896, -0.00408802), (-0.25251633, 0.02342501, -0.00300763), (-0.2525252, 0.025, -0.00496193), (-0.25263172, -0.023, -0.02834989), (-0.2525252, -0.025, -0.00496193), (-0.25252125, -0.02479896, -0.00408802), (-0.25262716, 0.02473205, -0.0273499), (-0.2526305, 0.024, -0.02808194), (-0.2526226, 0.025, -0.02634991), (-0.25251633, -0.02342501, -0.00300763), (-0.2526226, -0.025, -0.02634991), (-0.25262716, -0.02473205, -0.0273499), (-0.2526305, -0.024, -0.02808194), (-0.11463569, -0.04220154, 0.05052254), (-0.11952584, -0.03760429, 0.05054481), (-0.1676005, 0.00251006, 0.04419118), (0.1163385, 0.0995, -0.14553128), (-0.11765906, 0.0995, -0.14446571), (0.14803623, -0.10929593, 0.00761779), (0.14117613, -0.06309493, 0.03835752), (0.12235345, -0.06309493, 0.03844324), (0.10965458, -0.04392698, 0.04950118), (0.12203877, -0.03228456, 0.04944478), (0.14217612, -0.06282698, 0.03835297), (0.14290817, -0.06209493, 0.03834964), (0.11998121, -0.03760429, 0.04945415), (0.11509106, -0.04220154, 0.04947642), (0.11148828, -0.03533137, 0.04949283), (0.25253272, 0.00195472, 0.00660763), (0.25253272, -0.00195472, 0.00660763), (0.10965458, 0.04392698, 0.04950118), (0.12203877, 0.03228456, 0.04944478), (0.12235345, 0.06309493, 0.03844324), (0.14117613, 0.06309493, 0.03835752), (0.14290817, 0.06209493, 0.03834964), (0.14217612, 0.06282698, 0.03835297), (0.25236306, -0.023, -0.0306495), (0.25236306, 0.023, -0.0306495), (0.25236428, 0.024, -0.03038155), (0.25246954, 0.025, -0.00726154), (0.25237215, 0.025, -0.02864952), (0.2523676, 0.02473205, -0.02964951), (0.25247672, -0.02423625, -0.00568941), (0.25247353, -0.02479896, -0.00638763), (0.25246954, -0.025, -0.00726154), (0.25247353, 0.02479896, -0.00638763), (0.25247672, 0.02423625, -0.00568941), (0.2523676, -0.02473205, -0.02964951), (0.25236428, -0.024, -0.03038155), (0.25237215, -0.025, -0.02864952), (0.11509106, 0.04220154, 0.04947642), (0.11998121, 0.03760429, 0.04945415), (0.05836879, -0.2819776, -0.11006694), (0.0507152, -0.2835, -0.11003208), (-0.0517152, -0.2835, -0.10956564), (-0.05936878, -0.2819776, -0.10953079), (0.05070063, -0.2835, -0.11323205), (0.05835422, -0.2819776, -0.1132669), (0.00348539, -0.2835, -0.11301704), (-0.05172976, -0.2835, -0.1127656), (-0.05938336, -0.2819776, -0.11273076), (-0.11601247, -0.2565, -0.11227288), (-0.11604981, -0.2565, -0.1204728), (-0.11608396, -0.2415, -0.12797272), (-0.1160806, -0.24425, -0.12723586), (-0.10608069, -0.24425, -0.1272814), (-0.09219002, -0.14883405, -0.15131907), (-0.09219284, -0.14532323, -0.15193811), (-0.09217062, -0.173, -0.14705801), (-0.09216121, -0.18471554, -0.14499226), (-0.08399292, -0.14532323, -0.15197545), (0.09080527, -0.14532323, -0.15277144), (0.09083033, -0.17654394, -0.14726645), (0.0908369, -0.18471554, -0.14582558)]
            uniform token subdivisionScheme = "none"
            token visibility = "invisible"
            quatd xformOp:orient = (0.7071067811865475, 0, 0, 0.7071067811865475)
            double3 xformOp:translate = (0, 0, 0)
            uniform token[] xformOpOrder = ["xformOp:translate", "xformOp:orient"]
        }

        def Mesh "Collision_007" (
            prepend apiSchemas = ["PhysicsMeshCollisionAPI", "PhysicsCollisionAPI"]
        )
        {
            int[] faceVertexCounts = [3, 3, 3, 3, 3, 3, 3, 3, 3, 3, 3, 3, 3, 3, 3, 3, 3, 3, 3, 3, 3, 3, 3, 3, 3, 3, 3, 3, 3, 3, 3, 3, 3, 3, 3, 3, 3, 3, 3, 3, 3, 3, 3, 3, 3, 3, 3, 3, 3, 3, 3, 3, 3, 3, 3, 3, 3, 3, 3, 3, 3, 3, 3, 3, 3, 3, 3, 3, 3, 3, 3, 3, 3, 3, 3, 3, 3, 3, 3, 3, 3, 3, 3, 3, 3, 3, 3, 3, 3, 3, 3, 3, 3, 3, 3, 3, 3, 3, 3, 3, 3, 3, 3, 3, 3, 3, 3, 3, 3, 3, 3, 3, 3, 3, 3, 3, 3, 3, 3, 3, 3, 3, 3, 3, 3, 3, 3, 3, 3, 3, 3, 3, 3, 3, 3, 3, 3, 3, 3, 3, 3, 3, 3, 3, 3, 3, 3, 3, 3, 3, 3, 3, 3, 3, 3, 3, 3, 3, 3, 3, 3, 3, 3, 3, 3, 3, 3, 3, 3, 3, 3, 3, 3, 3]
            int[] faceVertexIndices = [21, 24, 25, 25, 24, 41, 37, 56, 31, 38, 41, 33, 26, 21, 36, 21, 35, 36, 36, 37, 26, 20, 21, 25, 20, 61, 67, 59, 61, 20, 25, 59, 20, 86, 64, 70, 27, 31, 26, 26, 37, 27, 27, 37, 31, 79, 65, 63, 55, 79, 84, 25, 41, 40, 40, 77, 25, 77, 40, 78, 86, 70, 78, 42, 41, 24, 24, 33, 42, 42, 33, 41, 28, 21, 26, 24, 21, 28, 26, 31, 28, 32, 49, 38, 31, 56, 57, 56, 37, 47, 37, 36, 47, 47, 36, 35, 35, 45, 47, 44, 45, 75, 75, 45, 74, 74, 20, 75, 21, 20, 74, 43, 35, 21, 43, 45, 35, 21, 74, 43, 43, 74, 45, 63, 65, 62, 67, 61, 62, 62, 65, 67, 75, 20, 66, 66, 20, 67, 60, 70, 64, 14, 83, 63, 63, 83, 82, 71, 66, 67, 67, 65, 71, 65, 79, 71, 1, 84, 81, 81, 84, 79, 81, 79, 63, 63, 82, 81, 39, 78, 40, 39, 41, 38, 39, 40, 41, 77, 78, 69, 34, 33, 24, 24, 28, 34, 28, 32, 34, 38, 33, 34, 34, 32, 38, 49, 50, 48, 53, 52, 16, 53, 19, 23, 23, 52, 53, 51, 52, 23, 23, 50, 51, 86, 48, 88, 88, 48, 50, 88, 64, 86, 58, 19, 53, 58, 53, 31, 31, 57, 58, 55, 84, 54, 54, 84, 1, 1, 6, 54, 6, 57, 54, 73, 44, 75, 75, 66, 73, 66, 71, 73, 45, 44, 73, 73, 71, 46, 46, 47, 73, 68, 78, 70, 68, 69, 78, 68, 60, 59, 70, 60, 68, 68, 59, 25, 25, 69, 68, 25, 77, 76, 76, 69, 25, 77, 69, 76, 29, 32, 28, 49, 32, 30, 30, 50, 49, 32, 29, 30, 51, 50, 30, 30, 28, 31, 30, 29, 28, 30, 52, 51, 31, 53, 15, 15, 16, 31, 53, 16, 15, 50, 23, 11, 22, 23, 19, 22, 88, 8, 83, 14, 80, 80, 22, 83, 22, 80, 85, 4, 57, 6, 6, 7, 4, 4, 58, 57, 72, 47, 45, 45, 73, 72, 72, 73, 47, 17, 16, 52, 52, 30, 17, 31, 16, 17, 17, 30, 31, 18, 22, 19, 18, 82, 83, 83, 22, 18, 10, 11, 23, 23, 22, 10, 50, 11, 10, 64, 85, 12, 12, 85, 80, 64, 88, 87, 87, 85, 64, 88, 22, 87, 22, 85, 87, 5, 4, 7, 58, 4, 5, 5, 7, 19, 19, 58, 5, 82, 18, 3, 19, 7, 0, 0, 18, 19, 0, 3, 18, 9, 22, 8, 9, 10, 22, 8, 88, 9, 9, 88, 50, 50, 10, 9, 13, 14, 63, 13, 80, 14, 13, 12, 80, 2, 81, 82, 82, 3, 2, 1, 81, 2, 2, 0, 1, 3, 0, 2, 63, 62, 60, 60, 64, 63, 60, 61, 59, 60, 62, 61, 71, 55, 56, 71, 47, 46, 71, 79, 55, 56, 47, 71, 48, 39, 38, 38, 49, 48, 86, 78, 48, 78, 39, 48, 56, 55, 54, 54, 57, 56, 0, 7, 6, 0, 6, 1, 63, 64, 13, 64, 12, 13]
            uniform token physics:approximation = "convexHull"
            bool physics:collisionEnabled = 1
            point3f[] points = [(0.02529163, 0.04285, 0.0639855), (0.02528936, 0.04235, 0.0634855), (0.02578935, 0.04248397, 0.06348322), (0.02554163, 0.04291699, 0.06398436), (-0.02521012, 0.04248397, 0.06371547), (-0.02495785, 0.04291699, 0.06421431), (-0.02471012, 0.04235, 0.06371318), (-0.02470785, 0.04285, 0.06421318), (0.02927793, 0.10924999, 0.06096731), (0.00541261, 0.10924999, 0.06107599), (-0.02533891, 0.10924999, 0.06121602), (-0.02872147, 0.10924999, 0.06123142), (0.04625499, 0.08476132, 0.05588995), (0.04625499, 0.08255, 0.05588995), (0.04625499, 0.05933867, 0.05588995), (-0.04574406, 0.05933867, 0.05630889), (-0.04574406, 0.06155, 0.05630889), (-0.04574406, 0.08476132, 0.05630889), (0.03180441, 0.05893932, 0.07775525), (-0.03119494, 0.05893932, 0.07804213), (0.03112135, 0.05895287, -0.07224319), (-0.031878, 0.05895287, -0.07195631), (0.03180442, 0.10193932, 0.07775914), (-0.03119492, 0.10193932, 0.07804602), (-0.03187798, 0.10195287, -0.07195242), (0.03112137, 0.10195287, -0.07223931), (-0.05080002, 0.06103179, -0.06576935), (-0.05062697, 0.06103179, -0.02776975), (-0.05080002, 0.09046821, -0.06576935), (-0.05062697, 0.09046821, -0.02776975), (-0.05032643, 0.08279196, 0.03822957), (-0.05032643, 0.06870804, 0.03822957), (-0.05030944, 0.09296821, -0.02777119), (-0.05023019, 0.09379566, -0.06577195), (-0.05048248, 0.09296821, -0.0657708), (-0.05023019, 0.05770434, -0.06577195), (-0.05048248, 0.05853179, -0.0657708), (-0.05030944, 0.05853179, -0.0277712), (-0.0454331, 0.11225, 0.0147951), (-0.03943316, 0.11225, 0.01476778), (-0.0394665, 0.11173916, 0.00744461), (-0.04546645, 0.11173916, 0.00747193), (-0.04550349, 0.11012348, -0.00066256), (-0.04550495, 0.04145905, -0.00098403), (-0.03946937, 0.03984971, 0.00681491), (-0.04546931, 0.03984971, 0.00684223), (-0.03943316, 0.03925, 0.01476778), (-0.0454331, 0.03925, 0.0147951), (-0.03925824, 0.11225, 0.05317932), (-0.04525818, 0.11225, 0.05320664), (-0.0452468, 0.11158013, 0.05570662), (-0.04523847, 0.10975, 0.05753672), (-0.04523541, 0.10725, 0.05820659), (-0.04523541, 0.04425, 0.05820659), (-0.03924686, 0.03991987, 0.0556793), (-0.03925824, 0.03925, 0.05317932), (-0.04525818, 0.03925, 0.05320664), (-0.0452468, 0.03991987, 0.05570662), (-0.04523847, 0.04175, 0.05753672), (0.05019893, 0.09046821, -0.06622928), (0.05037197, 0.09046821, -0.02822967), (0.05019893, 0.06103179, -0.06622928), (0.05037197, 0.06103179, -0.02822967), (0.05067252, 0.06870804, 0.03776965), (0.05067252, 0.08279196, 0.03776965), (0.05005443, 0.05853179, -0.02822823), (0.0496291, 0.05770434, -0.06622668), (0.04988139, 0.05853179, -0.06622783), (0.04988139, 0.09296821, -0.06622783), (0.0496291, 0.09379566, -0.06622668), (0.05005443, 0.09296821, -0.02822823), (0.04556596, 0.03925, 0.01438072), (0.03953267, 0.03976084, 0.00708487), (0.04553261, 0.03976084, 0.00705755), (0.03949563, 0.04137652, -0.00104963), (0.04549557, 0.04137652, -0.00107695), (0.0454941, 0.11004096, -0.00139842), (0.04552974, 0.11165029, 0.00642785), (0.04556596, 0.11225, 0.01438072), (0.04574087, 0.03925, 0.05279226), (0.04576364, 0.05275, 0.05779221), (0.04575226, 0.03991987, 0.05529223), (0.04576059, 0.04175, 0.05712234), (0.04576364, 0.04425, 0.05779221), (0.03975232, 0.03991987, 0.05531956), (0.04576364, 0.10725, 0.05779221), (0.04574087, 0.11225, 0.05279226), (0.04576059, 0.10975, 0.05712234), (0.04575226, 0.11158013, 0.05529223)]
            uniform token subdivisionScheme = "none"
            token visibility = "invisible"
            quatd xformOp:orient = (0.7071067811865475, 0, 0, 0.7071067811865475)
            double3 xformOp:translate = (0, 0, 0)
            uniform token[] xformOpOrder = ["xformOp:translate", "xformOp:orient"]
        }
    }

    def Xform "L_link1" (
        prepend apiSchemas = ["PhysicsRigidBodyAPI", "PhysicsMassAPI", "PhysicsFilteredPairsAPI"]
    )
    {
        point3f physics:centerOfMass = (0.095035, 0.0033671, -0.0074867)
        float3 physics:diagonalInertia = (0.00007744211, 0.0009455579, 0.001)
        rel physics:filteredPairs = [
            </Robot/base_link>,
            </Robot/L_link2>,
            </Robot/L_link3>,
            </Robot/LLL_link2>,
            </Robot/LLL_link1>,
            </Robot/R_link1>,
            </Robot/R_link2>,
            </Robot/R_link3>,
            </Robot/RRR_link2>,
            </Robot/RRR_link1>,
            </Robot/LL_link1>,
            </Robot/LL_link2>,
            </Robot/LL_link3>,
            </Robot/LL_link4>,
            </Robot/RR_link1>,
            </Robot/RR_link2>,
            </Robot/RR_link3>,
            </Robot/RR_link4>,
        ]
        float physics:mass = 0.161
        quatf physics:principalAxes = (0.99991965, 0, 0, -0.012676213)
        bool physics:rigidBodyEnabled = 1
        quatd xformOp:orient = (0.14706245280317454, -0.14774358960743572, 0.6931620735453503, 0.6899788449682598)
        double3 xformOp:translate = (0, 0.1838, 0.31916303)
        uniform token[] xformOpOrder = ["xformOp:translate", "xformOp:orient"]

        def "Visual" (
            prepend references = @meshes/visuals.usdc@</Visuals/L_link1>
        )
        {
            quatd xformOp:orient = (1, 0, 0, 0)
            double3 xformOp:translate = (0, 0, 0)
            uniform token[] xformOpOrder = ["xformOp:translate", "xformOp:orient"]
        }

        def Mesh "Collision_000" (
            prepend apiSchemas = ["PhysicsMeshCollisionAPI", "PhysicsCollisionAPI"]
        )
        {
            int[] faceVertexCounts = [3, 3, 3, 3, 3, 3, 3, 3, 3, 3, 3, 3, 3, 3, 3, 3, 3, 3, 3, 3, 3, 3, 3, 3, 3, 3, 3, 3, 3, 3, 3, 3, 3, 3, 3, 3, 3, 3, 3, 3, 3, 3, 3, 3, 3, 3, 3, 3, 3, 3, 3, 3, 3, 3, 3, 3, 3, 3, 3, 3, 3, 3, 3, 3, 3, 3, 3, 3, 3, 3, 3, 3, 3, 3, 3, 3, 3, 3, 3, 3, 3, 3, 3, 3, 3, 3, 3, 3, 3, 3, 3, 3, 3, 3, 3, 3, 3, 3, 3, 3, 3, 3, 3, 3, 3, 3, 3, 3, 3, 3, 3, 3, 3, 3]
            int[] faceVertexIndices = [3, 40, 41, 0, 57, 19, 1, 57, 0, 2, 57, 1, 58, 57, 2, 20, 19, 56, 56, 19, 57, 4, 40, 3, 40, 4, 44, 46, 47, 9, 49, 46, 8, 8, 46, 9, 12, 13, 14, 18, 31, 29, 18, 29, 26, 35, 34, 21, 21, 20, 35, 21, 34, 33, 33, 16, 21, 56, 53, 35, 35, 20, 56, 54, 53, 56, 56, 57, 54, 39, 36, 15, 22, 39, 15, 14, 15, 28, 28, 15, 36, 26, 29, 30, 30, 25, 26, 30, 37, 24, 24, 25, 30, 51, 52, 10, 10, 11, 51, 13, 50, 51, 51, 11, 13, 33, 32, 17, 17, 16, 33, 17, 32, 31, 31, 18, 17, 54, 57, 55, 57, 58, 55, 26, 25, 7, 7, 18, 26, 7, 25, 24, 7, 17, 18, 24, 23, 7, 16, 17, 7, 7, 21, 16, 20, 21, 7, 7, 19, 20, 22, 15, 7, 7, 23, 22, 14, 13, 7, 7, 15, 14, 38, 39, 22, 22, 23, 38, 24, 37, 38, 38, 23, 24, 8, 13, 11, 11, 10, 8, 8, 7, 13, 9, 7, 8, 52, 49, 8, 8, 10, 52, 12, 28, 27, 14, 28, 12, 27, 50, 12, 50, 13, 12, 42, 2, 3, 3, 41, 42, 42, 55, 58, 42, 58, 2, 19, 7, 6, 6, 1, 0, 0, 19, 6, 2, 1, 6, 6, 4, 3, 3, 2, 6, 5, 4, 6, 48, 7, 9, 9, 47, 48, 48, 6, 7, 45, 6, 48, 43, 53, 54, 43, 30, 29, 43, 34, 35, 39, 38, 43, 27, 28, 43, 29, 31, 43, 43, 32, 33, 43, 36, 39, 51, 50, 43, 33, 34, 43, 35, 53, 43, 43, 41, 40, 43, 42, 41, 40, 44, 43, 43, 52, 51, 43, 50, 27, 31, 32, 43, 54, 55, 43, 43, 28, 36, 37, 30, 43, 43, 49, 52, 47, 46, 43, 43, 48, 47, 43, 38, 37, 43, 46, 49, 55, 42, 43, 45, 48, 43, 5, 6, 43, 43, 6, 45, 43, 4, 5, 43, 44, 4]
            uniform token physics:approximation = "convexHull"
            bool physics:collisionEnabled = 1
            point3f[] points = [(0.00427889, -0.04328904, 0), (-0.0067552, -0.04297229, 0), (-0.01735429, -0.03988833, 0), (-0.02683584, -0.03423576, 0), (-0.03458931, -0.02637859, 0), (-0.04011539, -0.01682276, 0), (-0.04152225, -0.01296738, 0), (-0.04305825, -0.00618363, 0), (-0.04061479, 0.01557846, 0), (-0.04322837, 0.00485369, 0), (-0.03538584, 0.02530005, 0), (-0.0278782, 0.03339245, 0), (-0.00807635, 0.04274368, 0), (-0.01857536, 0.03933454, 0), (0.00294273, 0.04340035, 0), (0.21, 0.03, 0), (0.2323328, -0.02003113, 0), (0.23709919, -0.01286988, 0), (0.23963737, -0.00465041, 0), (0.20929377, -0.02999169, 0), (0.21783401, -0.02895908, 0), (0.2257301, -0.02554533, 0), (0.21851356, 0.02876663, 0), (0.2263271, 0.02516795, 0), (0.23279816, 0.01949984, 0), (0.23739465, 0.01222837, 0), (0.23973863, 0.00395143, 0), (-0.00807635, 0.04274368, -0.015), (0.00294273, 0.04340035, -0.015), (0.23973863, 0.00395143, -0.015), (0.23739465, 0.01222837, -0.015), (0.23963737, -0.00465041, -0.015), (0.23709919, -0.01286988, -0.015), (0.2323328, -0.02003113, -0.015), (0.2257301, -0.02554533, -0.015), (0.21783401, -0.02895908, -0.015), (0.21, 0.03, -0.015), (0.23279816, 0.01949984, -0.015), (0.2263271, 0.02516795, -0.015), (0.21851356, 0.02876663, -0.015), (-0.03066067, -0.0308573, -0.015), (-0.02683584, -0.03423576, -0.015), (-0.01735429, -0.03988833, -0.015), (-0.04011539, -0.01682276, -0.015), (-0.03458931, -0.02637859, -0.015), (-0.04152225, -0.01296738, -0.015), (-0.04120988, 0.01392825, -0.015), (-0.04322837, 0.00485369, -0.015), (-0.04305825, -0.00618363, -0.015), (-0.04061479, 0.01557846, -0.015), (-0.01857536, 0.03933454, -0.015), (-0.0278782, 0.03339245, -0.015), (-0.03538584, 0.02530005, -0.015), (0.01834172, -0.05712776, -0.015), (0.01428145, -0.05746289, -0.015), (0.01048942, -0.05597341, -0.015), (0.01834172, -0.05712776, -0.01), (0.01428145, -0.05746289, -0.01), (0.01048942, -0.05597341, -0.01)]
            uniform token subdivisionScheme = "none"
            token visibility = "invisible"
            quatd xformOp:orient = (1, 0, 0, 0)
            double3 xformOp:translate = (0, 0, 0)
            uniform token[] xformOpOrder = ["xformOp:translate", "xformOp:orient"]
        }
    }

    def Xform "L_link2" (
        prepend apiSchemas = ["PhysicsRigidBodyAPI", "PhysicsMassAPI", "PhysicsFilteredPairsAPI"]
    )
    {
        point3f physics:centerOfMass = (0.15963, 0.000083417, 0.011927)
        float3 physics:diagonalInertia = (0.00015791514, 0.0049013174, 0.0049677673)
        rel physics:filteredPairs = [
            </Robot/base_link>,
            </Robot/L_link1>,
            </Robot/L_link3>,
            </Robot/LLL_link2>,
            </Robot/LLL_link1>,
            </Robot/R_link1>,
            </Robot/R_link2>,
            </Robot/R_link3>,
            </Robot/RRR_link2>,
            </Robot/RRR_link1>,
            </Robot/LL_link1>,
            </Robot/LL_link2>,
            </Robot/LL_link3>,
            </Robot/LL_link4>,
            </Robot/RR_link1>,
            </Robot/RR_link2>,
            </Robot/RR_link3>,
            </Robot/RR_link4>,
        ]
        float physics:mass = 0.45
        quatf physics:principalAxes = (0.99944234, -0.02533331, 0.020090962, -0.008344163)
        bool physics:rigidBodyEnabled = 1
        quatd xformOp:orient = (-0.6545881533557253, 0.6576095920673198, -0.26429425436969534, -0.2630827265606034)
        double3 xformOp:translate = (-0.19174867601627793, 0.18340508592716426, 0.23353424226550296)
        uniform token[] xformOpOrder = ["xformOp:translate", "xformOp:orient"]

        def "Visual" (
            prepend references = @meshes/visuals.usdc@</Visuals/L_link2>
        )
        {
            quatd xformOp:orient = (1, 0, 0, 0)
            double3 xformOp:translate = (0, 0, 0)
            uniform token[] xformOpOrder = ["xformOp:translate", "xformOp:orient"]
        }

        def Mesh "Collision_000" (
            prepend apiSchemas = ["PhysicsMeshCollisionAPI", "PhysicsCollisionAPI"]
        )
        {
            int[] faceVertexCounts = [3, 3, 3, 3, 3, 3, 3, 3, 3, 3, 3, 3, 3, 3, 3, 3, 3, 3, 3, 3, 3, 3, 3, 3, 3, 3, 3, 3, 3, 3, 3, 3, 3, 3, 3, 3, 3, 3, 3, 3, 3, 3, 3, 3, 3, 3, 3, 3, 3, 3, 3, 3, 3, 3, 3, 3, 3, 3, 3, 3, 3, 3, 3, 3, 3, 3, 3, 3, 3, 3, 3, 3, 3, 3, 3, 3, 3, 3, 3, 3, 3, 3, 3, 3, 3, 3, 3, 3, 3, 3, 3, 3, 3, 3, 3, 3, 3, 3, 3, 3, 3, 3, 3, 3, 3, 3, 3, 3, 3, 3, 3, 3, 3, 3, 3, 3, 3, 3, 3, 3, 3, 3, 3, 3, 3, 3, 3, 3, 3, 3, 3, 3, 3, 3, 3, 3, 3, 3, 3, 3, 3, 3, 3, 3, 3, 3, 3, 3, 3, 3, 3, 3, 3, 3, 3, 3, 3, 3, 3, 3, 3, 3, 3, 3, 3, 3, 3, 3, 3, 3, 3, 3, 3, 3, 3, 3, 3, 3, 3, 3, 3, 3, 3, 3, 3, 3, 3, 3, 3, 3, 3, 3, 3, 3, 3, 3, 3, 3, 3, 3, 3, 3, 3, 3, 3, 3, 3, 3, 3, 3, 3, 3, 3, 3, 3, 3, 3, 3, 3, 3, 3, 3, 3, 3, 3, 3, 3, 3, 3, 3, 3, 3, 3, 3, 3, 3, 3, 3, 3, 3, 3, 3, 3, 3, 3, 3, 3, 3, 3, 3, 3, 3, 3, 3, 3, 3, 3, 3, 3, 3, 3, 3, 3, 3, 3, 3, 3, 3, 3, 3, 3, 3, 3, 3, 3, 3, 3, 3, 3, 3, 3, 3, 3, 3, 3, 3, 3, 3, 3, 3, 3, 3, 3, 3, 3, 3, 3, 3, 3, 3, 3, 3]
            int[] faceVertexIndices = [22, 23, 92, 43, 50, 88, 79, 6, 7, 83, 42, 40, 88, 50, 49, 51, 46, 55, 50, 43, 51, 43, 46, 51, 54, 57, 5, 45, 73, 5, 5, 57, 45, 3, 69, 76, 76, 7, 3, 79, 7, 76, 98, 22, 92, 98, 21, 22, 40, 62, 63, 40, 42, 61, 61, 62, 40, 59, 81, 41, 82, 83, 40, 40, 41, 82, 82, 41, 81, 8, 10, 80, 58, 81, 59, 58, 80, 81, 8, 80, 58, 32, 111, 112, 19, 111, 31, 31, 111, 32, 16, 17, 131, 28, 108, 27, 106, 17, 107, 26, 108, 25, 27, 108, 26, 25, 108, 110, 57, 54, 47, 47, 45, 57, 10, 14, 20, 20, 35, 6, 121, 18, 12, 134, 26, 25, 27, 26, 134, 134, 28, 27, 87, 65, 66, 66, 84, 87, 48, 65, 87, 88, 49, 87, 87, 49, 48, 40, 63, 60, 60, 41, 40, 59, 41, 60, 77, 80, 10, 15, 11, 147, 32, 112, 33, 33, 137, 32, 113, 11, 15, 15, 112, 113, 19, 31, 145, 145, 126, 19, 137, 126, 145, 32, 137, 145, 145, 31, 32, 44, 46, 43, 55, 46, 44, 44, 56, 55, 44, 37, 56, 52, 37, 53, 56, 37, 52, 107, 17, 104, 17, 16, 104, 4, 69, 3, 71, 2, 72, 0, 20, 6, 6, 77, 0, 12, 119, 120, 120, 121, 12, 42, 83, 86, 86, 39, 42, 67, 68, 86, 86, 68, 39, 64, 61, 42, 42, 39, 64, 39, 68, 64, 78, 6, 79, 78, 77, 6, 135, 16, 131, 25, 21, 97, 21, 98, 97, 146, 137, 15, 15, 147, 146, 146, 126, 137, 147, 126, 146, 12, 18, 142, 95, 14, 19, 95, 20, 14, 35, 20, 95, 95, 34, 35, 36, 112, 15, 36, 33, 112, 15, 137, 36, 137, 33, 36, 11, 113, 115, 89, 74, 37, 37, 44, 89, 89, 43, 88, 89, 44, 43, 38, 74, 73, 38, 54, 53, 53, 37, 38, 37, 74, 38, 73, 45, 38, 38, 47, 54, 45, 47, 38, 108, 28, 109, 109, 28, 17, 17, 106, 109, 122, 16, 29, 29, 18, 122, 69, 4, 70, 70, 4, 2, 70, 2, 71, 5, 73, 1, 1, 72, 2, 10, 20, 9, 20, 0, 9, 9, 77, 10, 9, 0, 77, 17, 28, 132, 67, 86, 85, 66, 67, 85, 85, 84, 66, 125, 97, 96, 125, 134, 25, 25, 97, 125, 152, 142, 18, 19, 126, 102, 102, 95, 19, 94, 24, 34, 34, 95, 94, 11, 115, 114, 108, 109, 90, 90, 109, 52, 53, 108, 90, 90, 52, 53, 56, 52, 91, 52, 109, 91, 91, 106, 56, 91, 109, 106, 105, 104, 16, 16, 122, 105, 18, 121, 123, 123, 122, 18, 75, 1, 73, 72, 1, 75, 131, 17, 144, 17, 132, 144, 135, 130, 143, 16, 135, 143, 29, 16, 143, 134, 125, 140, 28, 134, 140, 116, 117, 30, 30, 114, 116, 11, 114, 30, 11, 30, 148, 24, 94, 93, 23, 24, 93, 92, 23, 93, 29, 143, 136, 136, 18, 29, 136, 143, 130, 136, 152, 18, 130, 152, 136, 124, 125, 96, 124, 140, 125, 132, 140, 124, 124, 144, 132, 131, 144, 124, 124, 135, 131, 124, 130, 135, 133, 132, 28, 28, 140, 133, 133, 140, 132, 13, 119, 12, 13, 118, 119, 13, 117, 118, 13, 30, 117, 101, 124, 96, 130, 124, 101, 127, 126, 147, 13, 141, 150, 12, 142, 151, 151, 13, 12, 151, 141, 13, 138, 127, 147, 148, 127, 138, 138, 147, 11, 11, 148, 138, 103, 127, 99, 103, 102, 126, 126, 127, 103, 130, 101, 129, 141, 151, 129, 129, 151, 142, 142, 152, 129, 129, 152, 130, 128, 150, 141, 128, 129, 99, 141, 129, 128, 99, 127, 128, 13, 150, 139, 30, 13, 139, 150, 128, 139, 99, 129, 100, 100, 129, 101, 30, 139, 149, 149, 148, 30, 149, 139, 128, 149, 127, 148, 149, 128, 127, 14, 10, 8, 14, 8, 19, 6, 35, 34, 34, 7, 6, 19, 8, 58, 58, 111, 19, 111, 58, 112, 112, 58, 59, 55, 56, 106, 106, 107, 55, 110, 54, 5, 110, 5, 25, 110, 108, 53, 53, 54, 110, 7, 34, 24, 3, 7, 24, 119, 118, 68, 68, 67, 119, 113, 112, 59, 59, 60, 113, 55, 107, 104, 104, 51, 55, 3, 24, 4, 4, 24, 23, 23, 22, 4, 22, 2, 4, 119, 67, 120, 120, 67, 66, 65, 121, 120, 66, 65, 120, 116, 61, 64, 64, 117, 116, 64, 68, 118, 118, 117, 64, 115, 60, 63, 115, 113, 60, 25, 5, 1, 1, 21, 25, 1, 2, 22, 22, 21, 1, 62, 61, 114, 114, 61, 116, 114, 115, 63, 114, 63, 62, 51, 104, 105, 50, 51, 105, 105, 122, 49, 105, 49, 50, 123, 65, 48, 123, 121, 65, 48, 49, 123, 49, 122, 123, 75, 86, 83, 83, 82, 75, 79, 76, 75, 75, 78, 79, 88, 87, 75, 75, 76, 69, 75, 89, 88, 84, 85, 75, 75, 82, 81, 81, 80, 75, 75, 87, 84, 80, 77, 75, 73, 74, 75, 71, 72, 75, 69, 70, 75, 77, 78, 75, 74, 89, 75, 75, 70, 71, 75, 85, 86, 100, 97, 98, 100, 98, 92, 96, 97, 100, 92, 93, 100, 95, 102, 100, 100, 94, 95, 100, 101, 96, 100, 93, 94, 102, 103, 100, 100, 103, 99]
            uniform token physics:approximation = "convexHull"
            bool physics:collisionEnabled = 1
            point3f[] points = [(-0.06389423, -0.00433728, 0.015), (-0.06911771, -0.02722227, 0.015), (-0.07310667, -0.02429954, 0.015), (-0.07556843, -0.01498213, 0.015), (-0.07541223, -0.01992477, 0.015), (-0.06425154, -0.02810229, 0.015), (-0.06974729, -0.00730172, 0.015), (-0.07354373, -0.01047051, 0.015), (-0.00354595, 0.02474725, 0.015), (-0.01645465, 0.01968975, 0.015), (-0.01129574, 0.02230261, 0.015), (0.26637635, 0.02513593, 0), (0.27996144, -0.00152064, 0), (0.2786838, 0.00878856, 0), (-0.01129574, 0.02230261, 0), (0.25682223, 0.02921399, 0), (0.27201688, -0.02037784, 0), (0.2637473, -0.0266648, 0), (0.2776466, -0.01164752, 0), (-0.00354595, 0.02474725, 0), (-0.06511609, -0.00495612, 0), (-0.06911771, -0.02722227, 0), (-0.07310667, -0.02429954, 0), (-0.07541223, -0.01992477, 0), (-0.07556843, -0.01498213, 0), (-0.06425154, -0.02810229, 0), (0.24801017, -0.02993394, 0), (0.25232795, -0.02990954, 0), (0.2538294, -0.02975459, 0), (0.27763623, -0.01167216, 0), (0.27396694, 0.01804401, 0), (0.250183, 0.02999944, 0), (0.25126484, 0.02997333, 0), (0.2552915, 0.02952965, 0), (-0.07354373, -0.01047051, 0), (-0.06974729, -0.00730172, 0), (0.25642756, 0.02930336, 0), (0.2603366, -0.02494302, 0.04085), (0.2530316, -0.02682927, 0.04085), (0.27589524, 0.00764441, 0.04085), (0.2649232, 0.0225011, 0.04085), (0.25632736, 0.02624813, 0.04085), (0.271719, 0.01604009, 0.04085), (0.26956788, -0.01860372, 0.04085), (0.26202494, -0.02417439, 0.04085), (0.24367264, -0.02624813, 0.04085), (0.2686447, -0.02476642, 0.03635), (0.24950142, -0.03099599, 0.03635), (0.28146952, -0.01812715, 0.03235), (0.2812548, -0.01885174, 0.03235), (0.2795256, -0.02145901, 0.03235), (0.27894163, -0.02193869, 0.03235), (0.26011568, -0.03507026, 0.03235), (0.25882435, -0.03541724, 0.03235), (0.25806865, -0.03540933, 0.03235), (0.26245514, -0.03411442, 0.03235), (0.26182488, -0.03453146, 0.03235), (0.23761286, -0.03413916, 0.03235), (0.2506987, 0.03649332, 0.03235), (0.25382125, 0.03629943, 0.03235), (0.25452864, 0.03603352, 0.03235), (0.27626008, 0.02535072, 0.03235), (0.2739927, 0.02750639, 0.03235), (0.27331638, 0.02784367, 0.03235), (0.27663106, 0.02469232, 0.03235), (0.2862725, 0.00179729, 0.03235), (0.2864115, 0.00254013, 0.03235), (0.2860602, 0.00564892, 0.03235), (0.28575894, 0.00634201, 0.03235), (0.23538828, -0.01086456, 0.0503), (0.23554361, -0.01212901, 0.0503), (0.23620963, -0.013215, 0.0503), (0.23950593, -0.01595884, 0.0503), (0.24095164, -0.01655982, 0.0503), (0.24222195, -0.01646338, 0.0503), (0.23975587, -0.01612041, 0.0503), (0.23963131, 0.01496769, 0.0503), (0.24142627, 0.01706755, 0.0503), (0.24116138, 0.01693189, 0.0503), (0.24018295, 0.01611601, 0.0503), (0.24545066, 0.01855029, 0.0503), (0.24672417, 0.01858411, 0.0503), (0.24789688, 0.01808641, 0.0503), (0.26814672, 0.0014957, 0.0503), (0.2690678, -0.00110871, 0.0503), (0.26908275, -0.00081147, 0.0503), (0.2688654, 0.00044381, 0.0503), (0.2683397, -0.00533531, 0.0503), (0.26773223, -0.0064551, 0.0503), (0.26671484, -0.00722184, 0.0503), (0.25984377, -0.03514755, 0.0267), (0.26107264, -0.03477998, 0.0267), (0.24729155, -0.00129007, -0.0131), (0.24700938, 0.00023699, -0.0131), (0.24752854, 0.00170055, -0.0131), (0.24870993, 0.00270846, -0.0131), (0.25129008, -0.00270846, -0.0131), (0.24976301, -0.00299062, -0.0131), (0.24829945, -0.00247146, -0.0131), (0.25270846, 0.00129007, -0.0131), (0.25299063, -0.00023699, -0.0131), (0.25247148, -0.00170055, -0.0131), (0.250237, 0.00299062, -0.0131), (0.25170055, 0.00247146, -0.0131), (0.27894163, -0.02193869, 0.0227), (0.2795256, -0.02145901, 0.0227), (0.26182488, -0.03453146, 0.0227), (0.26245514, -0.03411442, 0.0227), (0.25882435, -0.03541724, 0.0227), (0.2602612, -0.03502795, 0.0227), (0.25806865, -0.03540933, 0.0227), (0.2506987, 0.03649332, 0.0227), (0.25382125, 0.03629943, 0.0227), (0.25452864, 0.03603352, 0.0227), (0.2739927, 0.02750639, 0.0227), (0.27331638, 0.02784367, 0.0227), (0.27626008, 0.02535072, 0.0227), (0.27663106, 0.02469232, 0.0227), (0.28575894, 0.00634201, 0.0227), (0.2860602, 0.00564892, 0.0227), (0.2864115, 0.00254013, 0.0227), (0.2862725, 0.00179729, 0.0227), (0.2812548, -0.01885174, 0.0227), (0.28146952, -0.01812715, 0.0227), (0.25139758, -0.00293416, -0.01303301), (0.24974325, -0.00323985, -0.01303301), (0.25025675, 0.00323985, -0.01303301), (0.25184226, 0.00267742, -0.01303301), (0.25293416, 0.00139757, -0.01303301), (0.25323984, -0.00025674, -0.01303301), (0.2526774, -0.00184227, -0.01303301), (0.2604387, -0.01500638, -0.00809262), (0.25507388, -0.01756172, -0.00809262), (0.25505203, -0.01756842, -0.00809202), (0.251537, -0.01821527, -0.00809262), (0.26317498, -0.01267195, -0.00809262), (0.2665434, -0.00777655, -0.00809262), (0.25380924, 0.01787361, -0.0081), (0.2603592, 0.01505532, -0.0081), (0.2653321, 0.00994501, -0.0081), (0.25332066, -0.01797079, -0.0081), (0.2679708, 0.00332065, -0.0081), (0.2678736, -0.00380925, -0.0081), (0.26505533, -0.01035921, -0.0081), (0.259945, -0.01533209, -0.0081), (0.24846299, 0.01821527, -0.00809262), (0.25438675, 0.01774584, -0.00809262), (0.25777656, 0.01654339, -0.00809262), (0.26267195, 0.01317498, -0.00809262), (0.2650064, 0.01043872, -0.00809262), (0.26756173, 0.00507388, -0.00809262), (0.26821527, 0.00153701, -0.00809262), (0.26774585, -0.00438675, -0.00809262)]
            uniform token subdivisionScheme = "none"
            token visibility = "invisible"
            quatd xformOp:orient = (1, 0, 0, 0)
            double3 xformOp:translate = (0, 0, 0)
            uniform token[] xformOpOrder = ["xformOp:translate", "xformOp:orient"]
        }
    }

    def Xform "L_link3" (
        prepend apiSchemas = ["PhysicsRigidBodyAPI", "PhysicsMassAPI", "PhysicsFilteredPairsAPI"]
    )
    {
        point3f physics:centerOfMass = (8.3267e-17, -1.3878e-17, 0.020472)
        float3 physics:diagonalInertia = (0.000296, 0.000296, 0.000575)
        rel physics:filteredPairs = [
            </Robot/base_link>,
            </Robot/L_link1>,
            </Robot/L_link2>,
            </Robot/LLL_link2>,
            </Robot/LLL_link1>,
            </Robot/R_link1>,
            </Robot/R_link2>,
            </Robot/R_link3>,
            </Robot/RRR_link2>,
            </Robot/RRR_link1>,
            </Robot/LL_link1>,
            </Robot/LL_link2>,
            </Robot/LL_link3>,
            </Robot/LL_link4>,
            </Robot/RR_link1>,
            </Robot/RR_link2>,
            </Robot/RR_link3>,
            </Robot/RR_link4>,
        ]
        float physics:mass = 0.2
        quatf physics:principalAxes = (1, 0, 0, 0)
        bool physics:rigidBodyEnabled = 1
        quatd xformOp:orient = (-0.6488907936472026, 0.6518839506280262, 0.2781171396828634, 0.27683733391311843)
        double3 xformOp:translate = (-0.011280718067467832, 0.19760912665244285, 0.060460381209417574)
        uniform token[] xformOpOrder = ["xformOp:translate", "xformOp:orient"]

        def "Visual" (
            prepend references = @meshes/visuals.usdc@</Visuals/L_link3>
        )
        {
            quatd xformOp:orient = (1, 0, 0, 0)
            double3 xformOp:translate = (0, 0, 0)
            uniform token[] xformOpOrder = ["xformOp:translate", "xformOp:orient"]
        }

        def Cylinder "Collision_000" (
            prepend apiSchemas = ["PhysicsCollisionAPI"]
        )
        {
            uniform token axis = "Z"
            double height = 0.02500000037252903
            bool physics:collisionEnabled = 1
            double radius = 0.06
            token visibility = "invisible"
            quatd xformOp:orient = (1, 0, 0, 0)
            double3 xformOp:translate = (0, 0, 0.020350000821053982)
            uniform token[] xformOpOrder = ["xformOp:translate", "xformOp:orient"]
        }
    }

    def Xform "LLL_link2" (
        prepend apiSchemas = ["PhysicsRigidBodyAPI", "PhysicsMassAPI", "PhysicsFilteredPairsAPI"]
    )
    {
        point3f physics:centerOfMass = (0.05662052, 2.2693258e-7, -0.0035140563)
        float3 physics:diagonalInertia = (0.0000015989717, 0.00009980127, 0.00009998926)
        rel physics:filteredPairs = [
            </Robot/base_link>,
            </Robot/L_link1>,
            </Robot/L_link2>,
            </Robot/L_link3>,
            </Robot/LLL_link1>,
            </Robot/R_link1>,
            </Robot/R_link2>,
            </Robot/R_link3>,
            </Robot/RRR_link2>,
            </Robot/RRR_link1>,
            </Robot/LL_link1>,
            </Robot/LL_link2>,
            </Robot/LL_link3>,
            </Robot/LL_link4>,
            </Robot/RR_link1>,
            </Robot/RR_link2>,
            </Robot/RR_link3>,
            </Robot/RR_link4>,
        ]
        float physics:mass = 0.057
        quatf physics:principalAxes = (0.00017277813, 0.99999976, 0.000003456799, -0.0006850378)
        bool physics:rigidBodyEnabled = 1
        quatd xformOp:orient = (-0.6898433830002808, 0.6930259841748331, 0.14838063798988096, 0.1476965756507159)
        double3 xformOp:translate = (-0.15857090726294623, 0.18122691795697332, 0.19481138388903388)
        uniform token[] xformOpOrder = ["xformOp:translate", "xformOp:orient"]

        def "Visual" (
            prepend references = @meshes/visuals.usdc@</Visuals/LLL_link2>
        )
        {
            quatd xformOp:orient = (1, 0, 0, 0)
            double3 xformOp:translate = (0, 0, 0)
            uniform token[] xformOpOrder = ["xformOp:translate", "xformOp:orient"]
        }

        def Mesh "Collision_000" (
            prepend apiSchemas = ["PhysicsMeshCollisionAPI", "PhysicsCollisionAPI"]
        )
        {
            int[] faceVertexCounts = [3, 3, 3, 3, 3, 3, 3, 3, 3, 3, 3, 3, 3, 3, 3, 3, 3, 3, 3, 3, 3, 3, 3, 3, 3, 3, 3, 3, 3, 3, 3, 3, 3, 3, 3, 3, 3, 3, 3, 3, 3, 3, 3, 3, 3, 3, 3, 3, 3, 3, 3, 3, 3, 3, 3, 3, 3, 3, 3, 3, 3, 3, 3, 3, 3, 3, 3, 3, 3, 3, 3, 3, 3, 3, 3, 3, 3, 3, 3, 3, 3, 3, 3, 3, 3, 3, 3, 3, 3, 3, 3, 3, 3, 3, 3, 3, 3, 3, 3, 3, 3, 3, 3, 3, 3, 3, 3, 3, 3, 3, 3, 3, 3, 3, 3, 3, 3, 3, 3, 3, 3, 3, 3, 3, 3, 3, 3, 3, 3, 3, 3, 3, 3, 3, 3, 3, 3, 3, 3, 3, 3, 3, 3, 3, 3, 3, 3, 3, 3, 3, 3, 3, 3, 3, 3, 3, 3, 3, 3, 3, 3, 3, 3, 3, 3, 3, 3, 3, 3, 3, 3, 3]
            int[] faceVertexIndices = [48, 25, 46, 45, 46, 44, 24, 46, 25, 23, 44, 24, 44, 46, 24, 42, 22, 40, 23, 22, 42, 34, 19, 32, 56, 16, 54, 56, 17, 16, 30, 17, 56, 54, 16, 27, 38, 39, 40, 38, 36, 37, 36, 38, 21, 40, 22, 21, 21, 38, 40, 48, 46, 47, 82, 5, 81, 82, 79, 5, 5, 79, 6, 6, 79, 78, 78, 7, 6, 43, 44, 23, 23, 42, 43, 12, 11, 86, 86, 85, 12, 12, 85, 84, 84, 13, 12, 71, 85, 86, 81, 80, 62, 86, 11, 87, 35, 36, 34, 29, 17, 30, 36, 21, 20, 20, 19, 34, 34, 36, 20, 10, 75, 74, 34, 32, 33, 63, 77, 78, 80, 15, 14, 14, 13, 84, 78, 79, 69, 41, 42, 40, 48, 49, 50, 50, 26, 25, 50, 25, 48, 84, 85, 60, 81, 5, 4, 4, 80, 81, 4, 15, 80, 3, 87, 11, 2, 87, 3, 55, 56, 54, 17, 29, 18, 18, 29, 32, 18, 32, 19, 74, 75, 65, 77, 64, 76, 68, 75, 76, 10, 9, 76, 75, 10, 76, 8, 7, 78, 78, 77, 8, 77, 76, 8, 8, 76, 9, 83, 14, 84, 83, 84, 61, 80, 14, 83, 70, 80, 83, 2, 1, 73, 73, 1, 74, 30, 56, 57, 0, 10, 74, 74, 1, 0, 86, 87, 59, 32, 29, 31, 2, 73, 72, 72, 87, 2, 66, 73, 74, 52, 50, 51, 26, 50, 52, 52, 27, 26, 54, 27, 52, 52, 53, 54, 87, 72, 58, 28, 29, 30, 67, 72, 73, 46, 80, 47, 47, 80, 70, 43, 82, 81, 81, 44, 43, 43, 42, 79, 79, 82, 43, 62, 44, 81, 62, 45, 44, 62, 80, 46, 46, 45, 62, 34, 75, 35, 35, 75, 68, 40, 39, 63, 63, 78, 40, 39, 38, 63, 38, 77, 63, 64, 77, 38, 64, 38, 37, 40, 78, 41, 78, 69, 41, 79, 42, 41, 41, 69, 79, 86, 54, 53, 53, 71, 86, 50, 49, 61, 61, 84, 50, 60, 50, 84, 51, 50, 60, 19, 20, 18, 25, 26, 18, 18, 22, 23, 23, 24, 18, 16, 17, 18, 18, 27, 16, 18, 24, 25, 26, 27, 18, 18, 21, 22, 18, 20, 21, 65, 33, 32, 65, 32, 74, 65, 75, 34, 34, 33, 65, 76, 35, 68, 36, 35, 76, 76, 64, 37, 37, 36, 76, 61, 49, 83, 83, 49, 48, 48, 47, 83, 83, 47, 70, 0, 1, 2, 5, 6, 0, 0, 3, 11, 11, 12, 0, 0, 4, 5, 13, 14, 0, 0, 6, 7, 0, 12, 13, 0, 9, 10, 0, 14, 15, 7, 8, 0, 15, 4, 0, 2, 3, 0, 0, 8, 9, 59, 54, 86, 59, 55, 54, 59, 87, 56, 56, 55, 59, 29, 73, 66, 66, 31, 29, 74, 32, 66, 32, 31, 66, 51, 60, 52, 52, 60, 85, 71, 53, 52, 85, 71, 52, 58, 72, 30, 30, 57, 58, 56, 87, 58, 58, 57, 56, 30, 72, 67, 67, 28, 30, 67, 73, 29, 29, 28, 67]
            uniform token physics:approximation = "convexHull"
            bool physics:collisionEnabled = 1
            point3f[] points = [(0.016, -0.00537332, -0.00232636), (0.016, -0.00443141, -0.0002423), (0.016, -0.00272327, 0.00127847), (0.016, -0.00054425, 0.00197301), (0.016, 0.00365726, -0.00760785), (0.016, 0.00272327, -0.00827847), (0.016, 0.00167026, -0.00874025), (0.016, -0.00060554, -0.00896656), (0.016, -0.00277664, -0.00824766), (0.016, -0.00446764, -0.00670784), (0.016, -0.00538613, -0.00461336), (0.016, 0.00172887, 0.00172121), (0.016, 0.00370306, 0.00056661), (0.016, 0.00503695, -0.00129113), (0.016, 0.00549991, -0.00353081), (0.016, 0.00501189, -0.00576517), (0.141, 0.00001961, -5e-8), (0.141, -0.00173299, -0.00045915), (0.141, -0.00302124, -0.00173305), (0.141, -0.00349995, -0.00348039), (0.141, -0.00304085, -0.00523299), (0.141, -0.00176695, -0.00652124), (0.141, -0.00001961, -0.00699995), (0.141, 0.00173299, -0.00654085), (0.141, 0.00302124, -0.00526695), (0.141, 0.00349995, -0.00351961), (0.141, 0.00304085, -0.00176701), (0.141, 0.00176695, -0.00047876), (0.1218, -0.00443631, 0.0005397), (0.1375, -0.00483427, 0.00005385), (0.1375, -0.00297084, 0.00171288), (0.1218, -0.00546751, -0.00102891), (0.1375, -0.0058618, -0.00221967), (0.1218, -0.00596352, -0.00283941), (0.1375, -0.00587578, -0.00471457), (0.1218, -0.00521288, -0.00647084), (0.1375, -0.00487378, -0.00699946), (0.1218, -0.0040397, -0.00793631), (0.1375, -0.00302906, -0.00867926), (0.1218, -0.00247109, -0.00896751), (0.1375, -0.00066059, -0.00946352), (0.1218, 0.00121457, -0.00937578), (0.1375, 0.0018221, -0.00921664), (0.1375, 0.00297084, -0.00871288), (0.1375, 0.00398974, -0.00798129), (0.1218, 0.00443631, -0.0075397), (0.1375, 0.00546751, -0.00597109), (0.1218, 0.00596352, -0.00416059), (0.1375, 0.00599991, -0.00353362), (0.1218, 0.00587578, -0.00228543), (0.1375, 0.00549486, -0.00109033), (0.1218, 0.00521288, -0.00052916), (0.1375, 0.0040397, 0.00093631), (0.1218, 0.00247109, 0.00196751), (0.1375, 0.00188604, 0.00219586), (0.1218, 0.00066059, 0.00246352), (0.1375, -0.00059373, 0.00247055), (0.1218, -0.00121457, 0.00237578), (0.0202, -0.00121457, 0.00237578), (0.0202, 0.00066059, 0.00246352), (0.0202, 0.00521288, -0.00052916), (0.0202, 0.00587578, -0.00228543), (0.0202, 0.00443631, -0.0075397), (0.0202, -0.00247109, -0.00896751), (0.0202, -0.0040397, -0.00793631), (0.0202, -0.00596352, -0.00283941), (0.0202, -0.00546751, -0.00102891), (0.0202, -0.00443631, 0.0005397), (0.0202, -0.00521288, -0.00647084), (0.0202, 0.00121457, -0.00937578), (0.0202, 0.00596352, -0.00416059), (0.0202, 0.00247109, 0.00196751), (0.0165, -0.00297084, 0.00171288), (0.0165, -0.00483427, 0.00005385), (0.0165, -0.0058618, -0.00221967), (0.0165, -0.00587578, -0.00471457), (0.0165, -0.00487378, -0.00699946), (0.0165, -0.00302906, -0.00867926), (0.0165, -0.00066059, -0.00946352), (0.0165, 0.0018221, -0.00921664), (0.0165, 0.00546751, -0.00597109), (0.0165, 0.00398974, -0.00798129), (0.0165, 0.00297084, -0.00871288), (0.0165, 0.00599991, -0.00353362), (0.0165, 0.00549486, -0.00109033), (0.0165, 0.0040397, 0.00093631), (0.0165, 0.00188604, 0.00219586), (0.0165, -0.00059373, 0.00247055)]
            uniform token subdivisionScheme = "none"
            token visibility = "invisible"
            quatd xformOp:orient = (1, 0, 0, 0)
            double3 xformOp:translate = (0, 0, 0)
            uniform token[] xformOpOrder = ["xformOp:translate", "xformOp:orient"]
        }

        def Mesh "Collision_001" (
            prepend apiSchemas = ["PhysicsMeshCollisionAPI", "PhysicsCollisionAPI"]
        )
        {
            int[] faceVertexCounts = [3, 3, 3, 3, 3, 3, 3, 3, 3, 3, 3, 3, 3, 3, 3, 3, 3, 3, 3, 3, 3, 3, 3, 3, 3, 3, 3, 3, 3, 3, 3, 3, 3, 3, 3, 3, 3, 3, 3, 3, 3, 3, 3, 3, 3, 3, 3, 3, 3, 3, 3, 3, 3, 3, 3, 3, 3, 3, 3, 3, 3, 3, 3, 3, 3, 3, 3, 3, 3, 3, 3, 3, 3, 3, 3, 3, 3, 3, 3, 3, 3, 3, 3, 3, 3, 3, 3, 3, 3, 3, 3, 3, 3, 3, 3, 3, 3, 3, 3, 3, 3, 3, 3, 3, 3, 3, 3, 3, 3, 3, 3, 3, 3, 3, 3, 3, 3, 3, 3, 3, 3, 3, 3, 3, 3, 3, 3, 3, 3, 3, 3, 3, 3, 3, 3, 3]
            int[] faceVertexIndices = [10, 13, 50, 7, 9, 52, 21, 20, 55, 19, 54, 18, 19, 62, 54, 26, 25, 60, 50, 13, 69, 13, 15, 69, 68, 21, 55, 62, 19, 27, 27, 60, 62, 26, 60, 27, 25, 2, 61, 61, 60, 25, 61, 2, 5, 5, 7, 61, 61, 7, 52, 67, 69, 22, 23, 67, 22, 24, 68, 67, 24, 67, 23, 21, 68, 24, 17, 69, 15, 17, 22, 69, 20, 54, 55, 18, 54, 20, 8, 28, 53, 53, 9, 8, 52, 9, 53, 10, 32, 11, 50, 51, 10, 10, 51, 32, 18, 20, 47, 47, 46, 18, 59, 1, 48, 59, 37, 1, 46, 45, 19, 18, 46, 19, 12, 10, 11, 13, 10, 12, 8, 9, 6, 9, 7, 6, 3, 2, 39, 39, 2, 25, 43, 47, 20, 20, 21, 43, 56, 29, 30, 30, 57, 56, 56, 53, 28, 28, 29, 56, 64, 65, 36, 36, 35, 64, 27, 45, 44, 27, 19, 45, 34, 63, 64, 64, 35, 34, 13, 12, 14, 14, 15, 13, 4, 2, 3, 5, 2, 4, 4, 6, 7, 4, 7, 5, 38, 27, 44, 26, 27, 38, 38, 39, 25, 38, 25, 26, 40, 41, 22, 22, 41, 23, 24, 41, 42, 23, 41, 24, 42, 43, 24, 24, 43, 21, 64, 63, 58, 58, 51, 50, 58, 65, 64, 48, 49, 58, 58, 66, 51, 52, 53, 58, 55, 54, 58, 50, 69, 58, 58, 68, 55, 49, 65, 58, 58, 59, 48, 54, 62, 58, 58, 61, 52, 58, 56, 57, 62, 60, 58, 58, 69, 67, 67, 68, 58, 53, 56, 58, 63, 66, 58, 60, 61, 58, 30, 31, 58, 58, 57, 30, 37, 59, 58, 58, 31, 37, 0, 65, 49, 0, 36, 65, 48, 1, 0, 0, 49, 48, 11, 32, 33, 16, 14, 33, 33, 28, 8, 35, 36, 33, 33, 12, 11, 33, 4, 3, 33, 43, 42, 44, 45, 33, 8, 6, 33, 1, 37, 33, 33, 45, 46, 33, 31, 30, 30, 29, 33, 46, 47, 33, 33, 29, 28, 36, 0, 33, 33, 40, 16, 42, 41, 33, 3, 39, 33, 47, 43, 33, 37, 31, 33, 33, 38, 44, 33, 34, 35, 33, 14, 12, 33, 41, 40, 6, 4, 33, 39, 38, 33, 33, 0, 1, 32, 51, 33, 51, 66, 33, 33, 66, 63, 63, 34, 33, 17, 14, 16, 15, 14, 17, 16, 40, 17, 40, 22, 17]
            uniform token physics:approximation = "convexHull"
            bool physics:collisionEnabled = 1
            point3f[] points = [(0.021, -0.006, 0.003), (0.021, 0.006, 0.003), (-0.0045, 0.00779423, -0.005), (-0.0045, 0.00779423, 0.003), (-0.00307818, 0.00845723, 0.003), (-0.00307818, 0.00845723, -0.005), (-0.00156283, 0.00886327, 0.003), (-0.00156283, 0.00886327, -0.005), (0, 0.009, 0.003), (0, 0.009, -0.005), (0, -0.009, -0.005), (0, -0.009, 0.003), (-0.00156283, -0.00886327, 0.003), (-0.00156283, -0.00886327, -0.005), (-0.00307818, -0.00845723, 0.003), (-0.00307818, -0.00845723, -0.005), (-0.0045, -0.00779423, 0.003), (-0.0045, -0.00779423, -0.005), (-0.009, 0.0034641, -0.005), (-0.00889778, 0.00424056, -0.005), (-0.009, -0.0034641, -0.005), (-0.00889778, -0.00424056, -0.005), (-0.0075, -0.00606218, -0.005), (-0.00812132, -0.00558542, -0.005), (-0.00859808, -0.0049641, -0.005), (-0.0075, 0.00606218, -0.005), (-0.00812132, 0.00558542, -0.005), (-0.00859808, 0.0049641, -0.005), (0.018, 0.009, 0.003), (0.01892705, 0.00885317, 0.003), (0.01976336, 0.00842705, 0.003), (0.02042705, 0.00776336, 0.003), (0.018, -0.009, 0.003), (0.01892705, -0.00885317, 0.003), (0.01976336, -0.00842705, 0.003), (0.02042705, -0.00776336, 0.003), (0.02085317, -0.00692705, 0.003), (0.02085317, 0.00692705, 0.003), (-0.00812132, 0.00558542, 0.003), (-0.0075, 0.00606218, 0.003), (-0.0075, -0.00606218, 0.003), (-0.00812132, -0.00558542, 0.003), (-0.00859808, -0.0049641, 0.003), (-0.00889778, -0.00424056, 0.003), (-0.00859808, 0.0049641, 0.003), (-0.00889778, 0.00424056, 0.003), (-0.009, 0.0034641, 0.003), (-0.009, -0.0034641, 0.003), (0.021, 0.006, -0.012), (0.021, -0.006, -0.012), (0.01, -0.009, -0.012), (0.018, -0.009, -0.012), (0.01, 0.009, -0.012), (0.018, 0.009, -0.012), (0.008, 0.007, -0.012), (0.008, -0.007, -0.012), (0.01892705, 0.00885317, -0.012), (0.01976336, 0.00842705, -0.012), (0.02042705, 0.00776336, -0.012), (0.02085317, 0.00692705, -0.012), (0.00858579, 0.00841421, -0.012), (0.00923463, 0.00884776, -0.012), (0.00815224, 0.00776537, -0.012), (0.01976336, -0.00842705, -0.012), (0.02042705, -0.00776336, -0.012), (0.02085317, -0.00692705, -0.012), (0.01892705, -0.00885317, -0.012), (0.00858579, -0.00841421, -0.012), (0.00815224, -0.00776537, -0.012), (0.00923463, -0.00884776, -0.012)]
            uniform token subdivisionScheme = "none"
            token visibility = "invisible"
            quatd xformOp:orient = (1, 0, 0, 0)
            double3 xformOp:translate = (0, 0, 0)
            uniform token[] xformOpOrder = ["xformOp:translate", "xformOp:orient"]
        }
    }

    def Xform "LLL_link1" (
        prepend apiSchemas = ["PhysicsRigidBodyAPI", "PhysicsMassAPI", "PhysicsFilteredPairsAPI"]
    )
    {
        point3f physics:centerOfMass = (0.028355459, 1.406221e-7, -0.0038034953)
        float3 physics:diagonalInertia = (7.9839435e-7, 0.000028926668, 0.000029444602)
        rel physics:filteredPairs = [
            </Robot/base_link>,
            </Robot/L_link1>,
            </Robot/L_link2>,
            </Robot/L_link3>,
            </Robot/LLL_link2>,
            </Robot/R_link1>,
            </Robot/R_link2>,
            </Robot/R_link3>,
            </Robot/RRR_link2>,
            </Robot/RRR_link1>,
            </Robot/LL_link1>,
            </Robot/LL_link2>,
            </Robot/LL_link3>,
            </Robot/LL_link4>,
            </Robot/RR_link1>,
            </Robot/RR_link2>,
            </Robot/RR_link3>,
            </Robot/RR_link4>,
        ]
        float physics:mass = 0.035
        quatf physics:principalAxes = (-0.0000038674602, 0.99999326, -0.0000024657459, 0.00366306)
        bool physics:rigidBodyEnabled = 1
        quatd xformOp:orient = (0.14770542411815013, -0.1483895272798314, 0.6930240808698125, 0.6898414884698493)
        double3 xformOp:translate = (0.005565391464218351, 0.18156665615731724, 0.26847710321425056)
        uniform token[] xformOpOrder = ["xformOp:translate", "xformOp:orient"]

        def "Visual" (
            prepend references = @meshes/visuals.usdc@</Visuals/LLL_link1>
        )
        {
            quatd xformOp:orient = (1, 0, 0, 0)
            double3 xformOp:translate = (0, 0, 0)
            uniform token[] xformOpOrder = ["xformOp:translate", "xformOp:orient"]
        }

        def Mesh "Collision_000" (
            prepend apiSchemas = ["PhysicsMeshCollisionAPI", "PhysicsCollisionAPI"]
        )
        {
            int[] faceVertexCounts = [3, 3, 3, 3, 3, 3, 3, 3, 3, 3, 3, 3, 3, 3, 3, 3, 3, 3, 3, 3, 3, 3, 3, 3, 3, 3, 3, 3, 3, 3, 3, 3, 3, 3, 3, 3, 3, 3, 3, 3, 3, 3, 3, 3, 3, 3, 3, 3, 3, 3, 3, 3, 3, 3, 3, 3, 3, 3, 3, 3, 3, 3, 3, 3, 3, 3, 3, 3, 3, 3, 3, 3, 3, 3, 3, 3, 3, 3, 3, 3, 3, 3, 3, 3, 3, 3, 3, 3, 3, 3, 3, 3, 3, 3, 3, 3, 3, 3, 3, 3, 3, 3, 3, 3, 3, 3, 3, 3, 3, 3, 3, 3, 3, 3, 3, 3, 3, 3]
            int[] faceVertexIndices = [4, 38, 6, 8, 16, 9, 9, 16, 55, 19, 20, 48, 48, 20, 50, 18, 48, 47, 19, 48, 18, 12, 9, 55, 10, 9, 12, 8, 9, 11, 11, 9, 10, 6, 7, 5, 6, 5, 4, 23, 7, 6, 6, 38, 23, 55, 16, 56, 16, 25, 56, 56, 25, 26, 26, 45, 56, 29, 30, 40, 40, 39, 29, 10, 12, 13, 13, 11, 10, 21, 43, 22, 42, 43, 21, 27, 23, 41, 23, 38, 41, 41, 21, 27, 42, 21, 41, 46, 18, 47, 46, 17, 18, 46, 45, 26, 26, 17, 46, 57, 36, 37, 57, 37, 60, 30, 36, 57, 57, 40, 30, 28, 20, 19, 28, 30, 29, 28, 23, 27, 28, 16, 8, 28, 31, 37, 37, 36, 28, 28, 34, 35, 28, 25, 16, 5, 7, 28, 19, 18, 28, 27, 21, 28, 8, 11, 28, 26, 25, 28, 28, 7, 23, 28, 13, 15, 28, 24, 20, 28, 36, 30, 28, 17, 26, 35, 0, 28, 28, 3, 5, 15, 32, 28, 22, 24, 28, 18, 17, 28, 33, 34, 28, 0, 3, 28, 11, 13, 28, 32, 31, 28, 28, 21, 22, 29, 39, 28, 39, 52, 28, 28, 52, 53, 53, 33, 28, 4, 5, 2, 5, 3, 2, 2, 3, 0, 0, 1, 2, 54, 0, 35, 54, 1, 0, 37, 31, 59, 60, 37, 59, 59, 31, 32, 32, 58, 59, 39, 40, 59, 40, 57, 59, 59, 57, 60, 15, 13, 14, 14, 13, 12, 14, 32, 15, 14, 58, 32, 12, 59, 14, 14, 59, 58, 50, 20, 51, 20, 24, 51, 51, 42, 50, 51, 43, 42, 51, 24, 22, 22, 43, 51, 53, 52, 44, 44, 2, 1, 1, 54, 44, 44, 52, 39, 39, 59, 44, 44, 59, 4, 4, 2, 44, 44, 34, 33, 44, 33, 53, 35, 34, 44, 44, 54, 35, 49, 59, 12, 4, 59, 49, 49, 38, 4, 49, 41, 38, 50, 42, 49, 42, 41, 49, 49, 12, 55, 55, 56, 49, 49, 56, 45, 49, 46, 47, 45, 46, 49, 49, 48, 50, 47, 48, 49]
            uniform token physics:approximation = "convexHull"
            bool physics:collisionEnabled = 1
            point3f[] points = [(-0.0045, 0.00779423, -0.008), (-0.0045, 0.00779423, -0), (-0.00307818, 0.00845723, -0), (-0.00307818, 0.00845723, -0.008), (-0.00156283, 0.00886327, -0), (-0.00156283, 0.00886327, -0.008), (0, 0.009, -0), (0, 0.009, -0.008), (0, -0.009, -0.008), (0, -0.009, -0), (-0.00156283, -0.00886327, -0), (-0.00156283, -0.00886327, -0.008), (-0.00307818, -0.00845723, -0), (-0.00307818, -0.00845723, -0.008), (-0.0045, -0.00779423, -0), (-0.0045, -0.00779423, -0.008), (0.018, -0.009, -0.008), (0.02042705, -0.00776336, -0.008), (0.02085317, -0.00692705, -0.008), (0.021, -0.006, -0.008), (0.021, 0.006, -0.008), (0.01976336, 0.00842705, -0.008), (0.02042705, 0.00776336, -0.008), (0.018, 0.009, -0.008), (0.02085317, 0.00692705, -0.008), (0.01892705, -0.00885317, -0.008), (0.01976336, -0.00842705, -0.008), (0.01892705, 0.00885317, -0.008), (-0.00889778, 0.00424056, -0.008), (-0.009, 0.0034641, -0.008), (-0.009, -0.0034641, -0.008), (-0.00812132, -0.00558542, -0.008), (-0.0075, -0.00606218, -0.008), (-0.00859808, 0.0049641, -0.008), (-0.00812132, 0.00558542, -0.008), (-0.0075, 0.00606218, -0.008), (-0.00889778, -0.00424056, -0.008), (-0.00859808, -0.0049641, -0.008), (0.018, 0.009, -0), (-0.009, 0.0034641, -0), (-0.009, -0.0034641, -0), (0.01892705, 0.00885317, -0), (0.01976336, 0.00842705, -0), (0.02042705, 0.00776336, -0), (-0.00812132, 0.00558542, -0), (0.01976336, -0.00842705, -0), (0.02042705, -0.00776336, -0), (0.02085317, -0.00692705, -0), (0.021, -0.006, -0), (0.00698973, 0.00037897, -0), (0.021, 0.006, -0), (0.02085317, 0.00692705, -0), (-0.00889778, 0.00424056, -0), (-0.00859808, 0.0049641, -0), (-0.0075, 0.00606218, -0), (0.018, -0.009, -0), (0.01892705, -0.00885317, -0), (-0.00889778, -0.00424056, -0), (-0.0075, -0.00606218, -0), (-0.00812132, -0.00558542, -0), (-0.00859808, -0.0049641, -0)]
            uniform token subdivisionScheme = "none"
            token visibility = "invisible"
            quatd xformOp:orient = (1, 0, 0, 0)
            double3 xformOp:translate = (0, 0, 0)
            uniform token[] xformOpOrder = ["xformOp:translate", "xformOp:orient"]
        }

        def Mesh "Collision_001" (
            prepend apiSchemas = ["PhysicsMeshCollisionAPI", "PhysicsCollisionAPI"]
        )
        {
            int[] faceVertexCounts = [3, 3, 3, 3, 3, 3, 3, 3, 3, 3, 3, 3, 3, 3, 3, 3, 3, 3, 3, 3, 3, 3, 3, 3, 3, 3, 3, 3, 3, 3, 3, 3, 3, 3, 3, 3, 3, 3, 3, 3, 3, 3, 3, 3, 3, 3, 3, 3, 3, 3, 3, 3, 3, 3, 3, 3, 3, 3, 3, 3, 3, 3, 3, 3, 3, 3, 3, 3, 3, 3, 3, 3, 3, 3]
            int[] faceVertexIndices = [24, 10, 26, 14, 38, 4, 4, 38, 0, 30, 12, 32, 2, 20, 18, 18, 3, 2, 5, 24, 6, 10, 24, 5, 22, 20, 6, 6, 24, 22, 16, 3, 18, 16, 4, 3, 14, 4, 16, 26, 10, 28, 9, 28, 10, 30, 28, 9, 6, 20, 7, 20, 2, 7, 32, 12, 11, 32, 11, 34, 34, 11, 36, 12, 30, 8, 30, 9, 8, 36, 11, 1, 38, 36, 1, 0, 38, 1, 13, 38, 15, 15, 38, 14, 21, 19, 18, 18, 20, 21, 23, 21, 22, 22, 21, 20, 36, 38, 13, 13, 37, 36, 31, 30, 33, 33, 30, 32, 23, 22, 25, 25, 22, 24, 26, 27, 25, 25, 24, 26, 18, 19, 17, 17, 16, 18, 17, 15, 14, 14, 16, 17, 29, 30, 31, 29, 28, 30, 29, 27, 26, 26, 28, 29, 6, 7, 1, 1, 4, 0, 1, 9, 10, 3, 4, 1, 1, 5, 6, 1, 2, 3, 10, 5, 1, 12, 8, 1, 1, 7, 2, 1, 11, 12, 1, 8, 9, 31, 33, 35, 13, 15, 35, 35, 37, 13, 23, 25, 35, 35, 21, 23, 35, 17, 19, 19, 21, 35, 35, 29, 31, 35, 25, 27, 15, 17, 35, 27, 29, 35, 35, 36, 37, 35, 34, 36, 35, 33, 32, 32, 34, 35]
            uniform token physics:approximation = "convexHull"
            bool physics:collisionEnabled = 1
            point3f[] points = [(0.01580258, 0.00005258, -0.00100055), (0.01580258, 0.00120811, -0.00131129), (0.01580258, -0.00247488, -0.00314652), (0.01580258, -0.00202713, -0.00203688), (0.01580258, -0.00111499, -0.00126241), (0.01580258, -0.00064921, -0.00591423), (0.01580258, -0.0016968, -0.00533599), (0.01580258, -0.00235567, -0.00433715), (0.01580258, 0.00231838, -0.00443548), (0.01580258, 0.00161808, -0.00540573), (0.01580258, 0.0005471, -0.0059394), (0.01580258, 0.00208688, -0.00212343), (0.01580258, 0.00248756, -0.00325093), (0.09580258, 0.0000631, -0.00050066), (0.01630258, -0.00133799, -0.0008149), (0.09580258, -0.00133799, -0.0008149), (0.01630258, -0.00243256, -0.00174425), (0.09580258, -0.00243256, -0.00174425), (0.01630258, -0.00296986, -0.00307583), (0.09580258, -0.00296986, -0.00307583), (0.01630258, -0.0028268, -0.00450458), (0.09580258, -0.0028268, -0.00450458), (0.01630258, -0.00203616, -0.00570319), (0.09580258, -0.00203616, -0.00570319), (0.01630258, -0.00077906, -0.00639708), (0.09580258, -0.00077906, -0.00639708), (0.01630258, 0.00065652, -0.00642728), (0.09580258, 0.00065652, -0.00642728), (0.01630258, 0.0019417, -0.00578688), (0.09580258, 0.0019417, -0.00578688), (0.01630258, 0.00278205, -0.00462258), (0.09580258, 0.00278205, -0.00462258), (0.01630258, 0.00298507, -0.00320111), (0.09580258, 0.00298507, -0.00320111), (0.01630258, 0.00250425, -0.00184811), (0.09580258, 0.00250425, -0.00184811), (0.01630258, 0.00144973, -0.00087354), (0.09580258, 0.00144973, -0.00087354), (0.01630258, 0.0000631, -0.00050066)]
            uniform token subdivisionScheme = "none"
            token visibility = "invisible"
            quatd xformOp:orient = (1, 0, 0, 0)
            double3 xformOp:translate = (0, 0, 0)
            uniform token[] xformOpOrder = ["xformOp:translate", "xformOp:orient"]
        }
    }

    def Xform "R_link1" (
        prepend apiSchemas = ["PhysicsRigidBodyAPI", "PhysicsMassAPI", "PhysicsFilteredPairsAPI"]
    )
    {
        point3f physics:centerOfMass = (0.095035, 0.0033671, 0.0074867)
        float3 physics:diagonalInertia = (0.00007744211, 0.0009455579, 0.001)
        rel physics:filteredPairs = [
            </Robot/base_link>,
            </Robot/L_link1>,
            </Robot/L_link2>,
            </Robot/L_link3>,
            </Robot/LLL_link2>,
            </Robot/LLL_link1>,
            </Robot/R_link2>,
            </Robot/R_link3>,
            </Robot/RRR_link2>,
            </Robot/RRR_link1>,
            </Robot/LL_link1>,
            </Robot/LL_link2>,
            </Robot/LL_link3>,
            </Robot/LL_link4>,
            </Robot/RR_link1>,
            </Robot/RR_link2>,
            </Robot/RR_link3>,
            </Robot/RR_link4>,
        ]
        float physics:mass = 0.161
        quatf physics:principalAxes = (0.99991965, 0, 0, -0.012676213)
        bool physics:rigidBodyEnabled = 1
        quatd xformOp:orient = (0.14706245280317454, -0.14774358960743572, 0.6931620735453503, 0.6899788449682598)
        double3 xformOp:translate = (0, -0.1828, 0.32083241)
        uniform token[] xformOpOrder = ["xformOp:translate", "xformOp:orient"]

        def "Visual" (
            prepend references = @meshes/visuals.usdc@</Visuals/R_link1>
        )
        {
            quatd xformOp:orient = (1, 0, 0, 0)
            double3 xformOp:translate = (0, 0, 0)
            uniform token[] xformOpOrder = ["xformOp:translate", "xformOp:orient"]
        }

        def Mesh "Collision_000" (
            prepend apiSchemas = ["PhysicsMeshCollisionAPI", "PhysicsCollisionAPI"]
        )
        {
            int[] faceVertexCounts = [3, 3, 3, 3, 3, 3, 3, 3, 3, 3, 3, 3, 3, 3, 3, 3, 3, 3, 3, 3, 3, 3, 3, 3, 3, 3, 3, 3, 3, 3, 3, 3, 3, 3, 3, 3, 3, 3, 3, 3, 3, 3, 3, 3, 3, 3, 3, 3, 3, 3, 3, 3, 3, 3, 3, 3, 3, 3, 3, 3, 3, 3, 3, 3, 3, 3, 3, 3, 3, 3, 3, 3, 3, 3, 3, 3, 3, 3, 3, 3, 3, 3, 3, 3, 3, 3, 3, 3, 3, 3, 3, 3, 3, 3, 3, 3, 3, 3, 3, 3, 3, 3, 3, 3, 3, 3, 3, 3, 3, 3]
            int[] faceVertexIndices = [23, 55, 3, 3, 55, 2, 2, 55, 1, 1, 55, 54, 56, 23, 22, 55, 23, 56, 4, 5, 48, 8, 4, 44, 44, 4, 48, 9, 45, 46, 10, 45, 9, 46, 16, 9, 25, 24, 29, 30, 25, 29, 29, 24, 11, 11, 41, 29, 42, 13, 14, 42, 14, 43, 39, 53, 56, 56, 22, 39, 56, 53, 52, 52, 55, 56, 31, 26, 25, 31, 25, 30, 27, 26, 31, 31, 32, 27, 14, 15, 47, 43, 14, 47, 15, 16, 47, 47, 16, 46, 40, 41, 11, 11, 12, 40, 40, 12, 13, 13, 42, 40, 51, 55, 52, 51, 54, 55, 27, 32, 0, 32, 33, 0, 34, 18, 17, 35, 18, 34, 17, 0, 34, 34, 0, 33, 49, 50, 6, 7, 49, 6, 6, 50, 48, 48, 5, 6, 10, 8, 44, 44, 45, 10, 39, 22, 38, 22, 21, 38, 38, 21, 20, 20, 37, 38, 3, 2, 19, 25, 26, 19, 19, 23, 3, 19, 8, 10, 19, 21, 22, 11, 24, 19, 17, 18, 19, 19, 12, 11, 19, 1, 7, 19, 15, 14, 19, 24, 25, 14, 13, 19, 7, 6, 19, 19, 26, 27, 5, 4, 19, 13, 12, 19, 10, 9, 19, 22, 23, 19, 19, 2, 1, 19, 0, 17, 19, 16, 15, 20, 21, 19, 27, 0, 19, 19, 4, 8, 19, 6, 5, 19, 9, 16, 19, 36, 37, 19, 37, 20, 35, 36, 19, 19, 18, 35, 28, 44, 48, 52, 53, 28, 35, 34, 28, 30, 29, 28, 28, 42, 43, 28, 36, 35, 28, 53, 39, 28, 31, 30, 28, 51, 52, 48, 50, 28, 28, 29, 41, 43, 47, 28, 41, 40, 28, 32, 31, 28, 28, 33, 32, 28, 50, 49, 46, 45, 28, 28, 47, 46, 28, 40, 42, 37, 36, 28, 39, 38, 28, 28, 34, 33, 45, 44, 28, 28, 38, 37, 7, 1, 28, 28, 49, 7, 54, 51, 28, 1, 54, 28]
            uniform token physics:approximation = "convexHull"
            bool physics:collisionEnabled = 1
            point3f[] points = [(0.23739465, 0.01222837, -0), (-0.01735429, -0.03988833, -0), (-0.0067552, -0.04297229, -0), (0.00427889, -0.04328904, -0), (-0.04152225, -0.01296738, -0), (-0.04011539, -0.01682276, -0), (-0.03458931, -0.02637859, -0), (-0.02683584, -0.03423576, -0), (-0.04305825, -0.00618363, -0), (-0.04120988, 0.01392825, -0), (-0.04322837, 0.00485369, -0), (0.00294273, 0.04340035, -0), (-0.00807635, 0.04274368, -0), (-0.01857536, 0.03933454, -0), (-0.0278782, 0.03339245, -0), (-0.03538584, 0.02530005, -0), (-0.04061479, 0.01557846, -0), (0.23973863, 0.00395143, -0), (0.23963737, -0.00465041, -0), (0.23709919, -0.01286988, -0), (0.2323328, -0.02003113, -0), (0.2257301, -0.02554533, -0), (0.21783401, -0.02895908, -0), (0.20929377, -0.02999169, -0), (0.21, 0.03, -0), (0.21851356, 0.02876663, -0), (0.2263271, 0.02516795, -0), (0.23279816, 0.01949984, -0), (-0.01735429, -0.03988833, 0.015), (0.21, 0.03, 0.015), (0.21851356, 0.02876663, 0.015), (0.2263271, 0.02516795, 0.015), (0.23279816, 0.01949984, 0.015), (0.23739465, 0.01222837, 0.015), (0.23973863, 0.00395143, 0.015), (0.23963737, -0.00465041, 0.015), (0.23709919, -0.01286988, 0.015), (0.2323328, -0.02003113, 0.015), (0.2257301, -0.02554533, 0.015), (0.21783401, -0.02895908, 0.015), (-0.00807635, 0.04274368, 0.015), (0.00294273, 0.04340035, 0.015), (-0.01857536, 0.03933454, 0.015), (-0.0278782, 0.03339245, 0.015), (-0.04305825, -0.00618363, 0.015), (-0.04322837, 0.00485369, 0.015), (-0.04061479, 0.01557846, 0.015), (-0.03538584, 0.02530005, 0.015), (-0.04011539, -0.01682276, 0.015), (-0.02683584, -0.03423576, 0.015), (-0.03458931, -0.02637859, 0.015), (0.01048942, -0.05597341, 0.015), (0.01428145, -0.05746289, 0.015), (0.01834172, -0.05712776, 0.015), (0.01048942, -0.05597341, 0.01), (0.01428145, -0.05746289, 0.01), (0.01834172, -0.05712776, 0.01)]
            uniform token subdivisionScheme = "none"
            token visibility = "invisible"
            quatd xformOp:orient = (1, 0, 0, 0)
            double3 xformOp:translate = (0, 0, 0)
            uniform token[] xformOpOrder = ["xformOp:translate", "xformOp:orient"]
        }
    }

    def Xform "R_link2" (
        prepend apiSchemas = ["PhysicsRigidBodyAPI", "PhysicsMassAPI", "PhysicsFilteredPairsAPI"]
    )
    {
        point3f physics:centerOfMass = (0.15963, 0.000083412, -0.011927)
        float3 physics:diagonalInertia = (0.00015791514, 0.0049013174, 0.0049677673)
        rel physics:filteredPairs = [
            </Robot/base_link>,
            </Robot/L_link1>,
            </Robot/L_link2>,
            </Robot/L_link3>,
            </Robot/LLL_link2>,
            </Robot/LLL_link1>,
            </Robot/R_link1>,
            </Robot/R_link3>,
            </Robot/RRR_link2>,
            </Robot/RRR_link1>,
            </Robot/LL_link1>,
            </Robot/LL_link2>,
            </Robot/LL_link3>,
            </Robot/LL_link4>,
            </Robot/RR_link1>,
            </Robot/RR_link2>,
            </Robot/RR_link3>,
            </Robot/RR_link4>,
        ]
        float physics:mass = 0.45
        quatf physics:principalAxes = (-0.02533331, 0.99944234, -0.008344163, 0.020090962)
        bool physics:rigidBodyEnabled = 1
        quatd xformOp:orient = (-0.6545881533557253, 0.6576095920673198, -0.26429425436969534, -0.2630827265606034)
        double3 xformOp:translate = (-0.19174867601627793, -0.18319491407283572, 0.23520362226550295)
        uniform token[] xformOpOrder = ["xformOp:translate", "xformOp:orient"]

        def "Visual" (
            prepend references = @meshes/visuals.usdc@</Visuals/R_link2>
        )
        {
            quatd xformOp:orient = (1, 0, 0, 0)
            double3 xformOp:translate = (0, 0, 0)
            uniform token[] xformOpOrder = ["xformOp:translate", "xformOp:orient"]
        }

        def Mesh "Collision_000" (
            prepend apiSchemas = ["PhysicsMeshCollisionAPI", "PhysicsCollisionAPI"]
        )
        {
            int[] faceVertexCounts = [3, 3, 3, 3, 3, 3, 3, 3, 3, 3, 3, 3, 3, 3, 3, 3, 3, 3, 3, 3, 3, 3, 3, 3, 3, 3, 3, 3, 3, 3, 3, 3, 3, 3, 3, 3, 3, 3, 3, 3, 3, 3, 3, 3, 3, 3, 3, 3, 3, 3, 3, 3, 3, 3, 3, 3, 3, 3, 3, 3, 3, 3, 3, 3, 3, 3, 3, 3, 3, 3, 3, 3, 3, 3, 3, 3, 3, 3, 3, 3, 3, 3, 3, 3, 3, 3, 3, 3, 3, 3, 3, 3, 3, 3, 3, 3, 3, 3, 3, 3, 3, 3, 3, 3, 3, 3, 3, 3, 3, 3, 3, 3, 3, 3, 3, 3, 3, 3, 3, 3, 3, 3, 3, 3, 3, 3, 3, 3, 3, 3, 3, 3, 3, 3, 3, 3, 3, 3, 3, 3, 3, 3, 3, 3, 3, 3, 3, 3, 3, 3, 3, 3, 3, 3, 3, 3, 3, 3, 3, 3, 3, 3, 3, 3, 3, 3, 3, 3, 3, 3, 3, 3, 3, 3, 3, 3, 3, 3, 3, 3, 3, 3, 3, 3, 3, 3, 3, 3, 3, 3, 3, 3, 3, 3, 3, 3, 3, 3, 3, 3, 3, 3, 3, 3, 3, 3, 3, 3, 3, 3, 3, 3, 3, 3, 3, 3, 3, 3, 3, 3, 3, 3, 3, 3, 3, 3, 3, 3, 3, 3, 3, 3, 3, 3, 3, 3, 3, 3, 3, 3, 3, 3, 3, 3, 3, 3, 3, 3, 3, 3, 3, 3, 3, 3, 3, 3, 3, 3, 3, 3, 3, 3, 3, 3, 3, 3, 3, 3, 3, 3, 3, 3, 3, 3, 3, 3, 3, 3, 3, 3, 3, 3, 3, 3, 3, 3, 3, 3, 3, 3, 3, 3, 3, 3, 3, 3, 3, 3, 3, 3, 3, 3, 3, 3, 3, 3, 3, 3, 3, 3, 3, 3, 3, 3]
            int[] faceVertexIndices = [5, 3, 89, 67, 84, 66, 130, 129, 14, 111, 130, 39, 15, 116, 10, 10, 116, 11, 43, 44, 71, 76, 43, 82, 44, 43, 76, 9, 69, 72, 72, 43, 71, 88, 79, 4, 4, 5, 88, 88, 5, 89, 51, 63, 50, 50, 94, 51, 46, 84, 67, 51, 94, 85, 85, 46, 51, 84, 46, 85, 86, 0, 2, 3, 0, 86, 3, 18, 17, 17, 0, 3, 24, 2, 17, 2, 0, 17, 1, 66, 83, 83, 66, 84, 83, 2, 1, 83, 86, 2, 14, 129, 128, 117, 116, 15, 82, 43, 47, 9, 82, 47, 47, 69, 9, 44, 76, 96, 95, 48, 96, 95, 55, 56, 56, 48, 95, 53, 72, 69, 43, 72, 53, 69, 47, 53, 53, 47, 43, 149, 32, 31, 109, 21, 20, 102, 21, 109, 157, 32, 148, 157, 37, 32, 59, 58, 90, 90, 91, 59, 90, 55, 95, 89, 3, 87, 3, 86, 87, 23, 25, 118, 25, 119, 118, 100, 18, 19, 19, 101, 100, 100, 17, 18, 24, 17, 100, 100, 23, 24, 99, 23, 100, 22, 21, 102, 102, 101, 22, 22, 101, 19, 111, 39, 112, 39, 40, 112, 44, 96, 49, 49, 96, 48, 49, 74, 44, 48, 52, 49, 48, 56, 57, 57, 52, 48, 4, 79, 6, 80, 7, 77, 59, 91, 92, 92, 60, 59, 62, 50, 63, 61, 45, 62, 62, 45, 50, 126, 125, 32, 126, 37, 127, 32, 37, 126, 148, 32, 156, 32, 149, 156, 151, 25, 23, 134, 23, 99, 134, 151, 23, 127, 37, 36, 38, 130, 14, 38, 39, 130, 14, 158, 38, 158, 142, 38, 141, 39, 146, 39, 38, 146, 146, 38, 142, 131, 157, 148, 37, 157, 147, 147, 36, 37, 147, 131, 158, 157, 131, 147, 147, 158, 14, 55, 90, 54, 54, 90, 58, 68, 46, 67, 51, 46, 68, 68, 65, 51, 35, 153, 150, 31, 32, 124, 32, 125, 124, 64, 63, 51, 51, 65, 64, 97, 116, 71, 97, 115, 116, 141, 146, 137, 137, 146, 142, 137, 142, 158, 158, 131, 137, 11, 116, 12, 116, 115, 12, 115, 114, 12, 73, 49, 52, 74, 49, 73, 52, 57, 73, 78, 6, 79, 7, 6, 78, 77, 7, 78, 8, 82, 9, 7, 80, 8, 60, 92, 93, 94, 50, 93, 50, 45, 93, 61, 60, 93, 93, 45, 61, 155, 149, 31, 31, 154, 155, 25, 151, 143, 151, 134, 143, 13, 147, 14, 14, 128, 13, 31, 122, 30, 122, 35, 30, 30, 154, 31, 150, 154, 30, 30, 35, 150, 121, 35, 122, 123, 122, 31, 31, 124, 123, 70, 97, 71, 71, 44, 70, 44, 74, 70, 115, 97, 70, 74, 114, 98, 98, 114, 115, 138, 39, 141, 138, 40, 39, 138, 145, 40, 139, 12, 41, 41, 145, 139, 40, 145, 41, 41, 114, 40, 41, 12, 114, 113, 112, 40, 40, 114, 113, 82, 8, 81, 81, 8, 80, 133, 155, 154, 133, 154, 150, 150, 153, 133, 153, 134, 133, 152, 134, 153, 152, 143, 134, 36, 147, 42, 147, 13, 42, 127, 36, 42, 42, 128, 127, 42, 13, 128, 115, 70, 75, 75, 98, 115, 75, 70, 74, 74, 98, 75, 108, 131, 103, 108, 137, 131, 106, 16, 15, 103, 131, 104, 153, 35, 34, 34, 152, 153, 34, 120, 119, 121, 120, 34, 35, 121, 34, 15, 10, 140, 140, 10, 11, 16, 106, 110, 20, 16, 110, 110, 109, 20, 105, 104, 133, 105, 134, 99, 105, 133, 134, 132, 156, 149, 149, 155, 132, 148, 156, 132, 155, 133, 132, 133, 104, 132, 132, 131, 148, 132, 104, 131, 135, 106, 15, 15, 140, 135, 107, 106, 135, 33, 34, 119, 152, 34, 33, 143, 152, 33, 25, 143, 26, 143, 29, 26, 26, 119, 25, 26, 29, 119, 144, 135, 140, 144, 140, 11, 11, 12, 144, 144, 12, 139, 119, 29, 28, 28, 29, 143, 107, 135, 136, 135, 144, 136, 136, 144, 139, 139, 145, 136, 145, 138, 136, 136, 108, 107, 137, 108, 136, 141, 137, 136, 136, 138, 141, 27, 33, 119, 119, 28, 27, 143, 33, 27, 27, 28, 143, 23, 2, 24, 1, 2, 23, 5, 19, 18, 3, 5, 18, 59, 127, 128, 128, 58, 59, 117, 72, 71, 71, 116, 117, 15, 9, 117, 9, 72, 117, 55, 130, 56, 56, 130, 111, 1, 23, 118, 118, 66, 1, 67, 66, 118, 118, 119, 67, 22, 19, 5, 22, 5, 4, 57, 56, 111, 111, 112, 57, 6, 22, 4, 21, 22, 6, 20, 21, 6, 6, 7, 20, 126, 127, 59, 59, 60, 126, 126, 60, 61, 61, 125, 126, 54, 130, 55, 129, 130, 54, 54, 128, 129, 58, 128, 54, 124, 125, 61, 61, 62, 124, 8, 9, 15, 15, 16, 8, 20, 7, 8, 8, 16, 20, 121, 64, 65, 122, 64, 121, 123, 64, 122, 63, 64, 123, 123, 124, 62, 123, 62, 63, 113, 57, 112, 113, 73, 57, 113, 114, 74, 74, 73, 113, 81, 85, 94, 81, 83, 84, 81, 88, 89, 89, 87, 81, 95, 96, 81, 81, 76, 82, 79, 88, 81, 81, 78, 79, 94, 93, 81, 84, 85, 81, 81, 90, 95, 86, 83, 81, 81, 96, 76, 91, 90, 81, 81, 87, 86, 81, 80, 77, 81, 92, 91, 77, 78, 81, 81, 93, 92, 120, 121, 65, 65, 68, 120, 67, 119, 120, 120, 68, 67, 102, 109, 105, 109, 110, 105, 105, 101, 102, 99, 100, 105, 105, 100, 101, 105, 108, 103, 107, 108, 105, 105, 106, 107, 103, 104, 105, 105, 110, 106]
            uniform token physics:approximation = "convexHull"
            bool physics:collisionEnabled = 1
            point3f[] points = [(-0.06389423, -0.00433728, -0.015), (-0.00354595, 0.02474725, -0.015), (-0.01129574, 0.02230261, -0.015), (-0.06974729, -0.00730172, -0.015), (-0.07556843, -0.01498213, -0.015), (-0.07354373, -0.01047051, -0.015), (-0.07541223, -0.01992477, -0.015), (-0.07310667, -0.02429954, -0.015), (-0.06911771, -0.02722227, -0.015), (-0.06425154, -0.02810229, -0.015), (0.24801017, -0.02993394, 0), (0.2538294, -0.02975459, 0), (0.25722933, -0.02911592, 0), (0.2793647, -0.00614121, 0), (0.27916685, -0.00702111, 0), (-0.06425154, -0.02810229, 0), (-0.06911771, -0.02722227, 0), (-0.06511609, -0.00495612, 0), (-0.06974729, -0.00730172, 0), (-0.07354373, -0.01047051, 0), (-0.07310667, -0.02429954, 0), (-0.07541223, -0.01992477, 0), (-0.07556843, -0.01498213, 0), (-0.00354595, 0.02474725, 0), (-0.01129574, 0.02230261, 0), (0.25126484, 0.02997333, 0), (0.2552915, 0.02952965, 0), (0.25682223, 0.02921399, 0), (0.25642756, 0.02930336, 0), (0.25540915, 0.02950833, 0), (0.26637635, 0.02513593, 0), (0.27396694, 0.01804401, 0), (0.2786838, 0.00878856, 0), (0.2571624, 0.02913246, 0), (0.25938594, 0.02849393, 0), (0.2660304, 0.02535798, 0), (0.2796854, -0.00433311, 0), (0.27996144, -0.00152064, 0), (0.2776466, -0.01164752, 0), (0.27201688, -0.02037784, 0), (0.2637473, -0.0266648, 0), (0.2630493, -0.02701325, 0), (0.2795759, -0.00502645, 0), (0.2530316, -0.02682927, -0.04085), (0.2603366, -0.02494302, -0.04085), (0.27589524, 0.00764441, -0.04085), (0.25632736, 0.02624813, -0.04085), (0.24367264, -0.02624813, -0.04085), (0.26956788, -0.01860372, -0.04085), (0.26202494, -0.02417439, -0.04085), (0.271719, 0.01604009, -0.04085), (0.2649232, 0.0225011, -0.04085), (0.2686447, -0.02476642, -0.03635), (0.24950142, -0.03099599, -0.03635), (0.28146952, -0.01812715, -0.03235), (0.2812548, -0.01885174, -0.03235), (0.2795256, -0.02145901, -0.03235), (0.27894163, -0.02193869, -0.03235), (0.2862725, 0.00179729, -0.03235), (0.2864115, 0.00254013, -0.03235), (0.2860602, 0.00564892, -0.03235), (0.28575894, 0.00634201, -0.03235), (0.27663106, 0.02469232, -0.03235), (0.27626008, 0.02535072, -0.03235), (0.2739927, 0.02750639, -0.03235), (0.27331638, 0.02784367, -0.03235), (0.2506987, 0.03649332, -0.03235), (0.25382125, 0.03629943, -0.03235), (0.25452864, 0.03603352, -0.03235), (0.23761286, -0.03413916, -0.03235), (0.26011568, -0.03507026, -0.03235), (0.25882435, -0.03541724, -0.03235), (0.25806865, -0.03540933, -0.03235), (0.26245514, -0.03411442, -0.03235), (0.26182488, -0.03453146, -0.03235), (0.26083413, -0.034855, -0.02685), (0.24222195, -0.01646338, -0.0503), (0.23620963, -0.013215, -0.0503), (0.23554361, -0.01212901, -0.0503), (0.23538828, -0.01086456, -0.0503), (0.23950593, -0.01595884, -0.0503), (0.23975587, -0.01612041, -0.0503), (0.24095164, -0.01655982, -0.0503), (0.24545066, 0.01855029, -0.0503), (0.24672417, 0.01858411, -0.0503), (0.24789688, 0.01808641, -0.0503), (0.24142627, 0.01706755, -0.0503), (0.24116138, 0.01693189, -0.0503), (0.23963131, 0.01496769, -0.0503), (0.24018295, 0.01611601, -0.0503), (0.2683397, -0.00533531, -0.0503), (0.2690678, -0.00110871, -0.0503), (0.26908275, -0.00081147, -0.0503), (0.2688654, 0.00044381, -0.0503), (0.26814672, 0.0014957, -0.0503), (0.26773223, -0.0064551, -0.0503), (0.26671484, -0.00722184, -0.0503), (0.25984377, -0.03514755, -0.0267), (0.26107264, -0.03477998, -0.0267), (0.250237, 0.00299062, 0.0131), (0.24870993, 0.00270846, 0.0131), (0.24752854, 0.00170055, 0.0131), (0.24700938, 0.00023699, 0.0131), (0.25299063, -0.00023699, 0.0131), (0.25270846, 0.00129007, 0.0131), (0.25170055, 0.00247146, 0.0131), (0.24976301, -0.00299062, 0.0131), (0.25129008, -0.00270846, 0.0131), (0.25247148, -0.00170055, 0.0131), (0.24729155, -0.00129007, 0.0131), (0.24829945, -0.00247146, 0.0131), (0.2795256, -0.02145901, -0.0227), (0.27894163, -0.02193869, -0.0227), (0.26245514, -0.03411442, -0.0227), (0.26182488, -0.03453146, -0.0227), (0.2602612, -0.03502795, -0.0227), (0.25882435, -0.03541724, -0.0227), (0.25806865, -0.03540933, -0.0227), (0.2506987, 0.03649332, -0.0227), (0.25382125, 0.03629943, -0.0227), (0.25452864, 0.03603352, -0.0227), (0.27331638, 0.02784367, -0.0227), (0.2739927, 0.02750639, -0.0227), (0.27626008, 0.02535072, -0.0227), (0.27663106, 0.02469232, -0.0227), (0.28575894, 0.00634201, -0.0227), (0.2860602, 0.00564892, -0.0227), (0.2864115, 0.00254013, -0.0227), (0.2862725, 0.00179729, -0.0227), (0.28146952, -0.01812715, -0.0227), (0.2812548, -0.01885174, -0.0227), (0.25323984, -0.00025674, 0.01303301), (0.25293416, 0.00139757, 0.01303301), (0.25184226, 0.00267742, 0.01303301), (0.25025675, 0.00323985, 0.01303301), (0.24974325, -0.00323985, 0.01303301), (0.25139758, -0.00293416, 0.01303301), (0.2526774, -0.00184227, 0.01303301), (0.2604387, -0.01500638, 0.00809262), (0.25507388, -0.01756172, 0.00809262), (0.251537, -0.01821527, 0.00809262), (0.26317498, -0.01267195, 0.00809262), (0.2665434, -0.00777655, 0.00809262), (0.25380924, 0.01787361, 0.0081), (0.25332066, -0.01797079, 0.0081), (0.259945, -0.01533209, 0.0081), (0.26505533, -0.01035921, 0.0081), (0.2678736, -0.00380925, 0.0081), (0.2679708, 0.00332065, 0.0081), (0.2653321, 0.00994501, 0.0081), (0.2603592, 0.01505532, 0.0081), (0.24846299, 0.01821527, 0.00809262), (0.25438675, 0.01774584, 0.00809262), (0.25777656, 0.01654339, 0.00809262), (0.26267195, 0.01317498, 0.00809262), (0.2650064, 0.01043872, 0.00809262), (0.26756173, 0.00507388, 0.00809262), (0.26821527, 0.00153701, 0.00809262), (0.26774585, -0.00438675, 0.00809262)]
            uniform token subdivisionScheme = "none"
            token visibility = "invisible"
            quatd xformOp:orient = (1, 0, 0, 0)
            double3 xformOp:translate = (0, 0, 0)
            uniform token[] xformOpOrder = ["xformOp:translate", "xformOp:orient"]
        }
    }

    def Xform "R_link3" (
        prepend apiSchemas = ["PhysicsRigidBodyAPI", "PhysicsMassAPI", "PhysicsFilteredPairsAPI"]
    )
    {
        point3f physics:centerOfMass = (1.3878e-17, 1.3878e-17, -0.020472)
        float3 physics:diagonalInertia = (0.000296, 0.000296, 0.000575)
        rel physics:filteredPairs = [
            </Robot/base_link>,
            </Robot/L_link1>,
            </Robot/L_link2>,
            </Robot/L_link3>,
            </Robot/LLL_link2>,
            </Robot/LLL_link1>,
            </Robot/R_link1>,
            </Robot/R_link2>,
            </Robot/RRR_link2>,
            </Robot/RRR_link1>,
            </Robot/LL_link1>,
            </Robot/LL_link2>,
            </Robot/LL_link3>,
            </Robot/LL_link4>,
            </Robot/RR_link1>,
            </Robot/RR_link2>,
            </Robot/RR_link3>,
            </Robot/RR_link4>,
        ]
        float physics:mass = 0.2
        quatf physics:principalAxes = (1, 0, 0, 0)
        bool physics:rigidBodyEnabled = 1
        quatd xformOp:orient = (-0.2630803221222831, 0.26429183883300283, 0.6576105628698875, 0.6545891197081232)
        double3 xformOp:translate = (-0.011280607872482473, -0.19899055544081154, 0.06226787091772437)
        uniform token[] xformOpOrder = ["xformOp:translate", "xformOp:orient"]

        def "Visual" (
            prepend references = @meshes/visuals.usdc@</Visuals/R_link3>
        )
        {
            quatd xformOp:orient = (1, 0, 0, 0)
            double3 xformOp:translate = (0, 0, 0)
            uniform token[] xformOpOrder = ["xformOp:translate", "xformOp:orient"]
        }

        def Cylinder "Collision_000" (
            prepend apiSchemas = ["PhysicsCollisionAPI"]
        )
        {
            uniform token axis = "Z"
            double height = 0.02500000037252903
            bool physics:collisionEnabled = 1
            double radius = 0.06
            token visibility = "invisible"
            quatd xformOp:orient = (1, 0, 0, 0)
            double3 xformOp:translate = (0, 0, -0.020350000821053982)
            uniform token[] xformOpOrder = ["xformOp:translate", "xformOp:orient"]
        }
    }

    def Xform "RRR_link2" (
        prepend apiSchemas = ["PhysicsRigidBodyAPI", "PhysicsMassAPI", "PhysicsFilteredPairsAPI"]
    )
    {
        point3f physics:centerOfMass = (0.05662052, -2.2696439e-7, 0.0035132596)
        float3 physics:diagonalInertia = (0.0000015989792, 0.00009980127, 0.00009998925)
        rel physics:filteredPairs = [
            </Robot/base_link>,
            </Robot/L_link1>,
            </Robot/L_link2>,
            </Robot/L_link3>,
            </Robot/LLL_link2>,
            </Robot/LLL_link1>,
            </Robot/R_link1>,
            </Robot/R_link2>,
            </Robot/R_link3>,
            </Robot/RRR_link1>,
            </Robot/LL_link1>,
            </Robot/LL_link2>,
            </Robot/LL_link3>,
            </Robot/LL_link4>,
            </Robot/RR_link1>,
            </Robot/RR_link2>,
            </Robot/RR_link3>,
            </Robot/RR_link4>,
        ]
        float physics:mass = 0.057
        quatf physics:principalAxes = (-0.00017847912, 0.99999976, -0.0000032175037, 0.00067334616)
        bool physics:rigidBodyEnabled = 1
        quatd xformOp:orient = (-0.6898433830002808, 0.6930259841748331, 0.14838063798988094, 0.14769657565071584)
        double3 xformOp:translate = (-0.15857092195561096, -0.18137312443059275, 0.19646234926125963)
        uniform token[] xformOpOrder = ["xformOp:translate", "xformOp:orient"]

        def "Visual" (
            prepend references = @meshes/visuals.usdc@</Visuals/RRR_link2>
        )
        {
            quatd xformOp:orient = (1, 0, 0, 0)
            double3 xformOp:translate = (0, 0, 0)
            uniform token[] xformOpOrder = ["xformOp:translate", "xformOp:orient"]
        }

        def Mesh "Collision_000" (
            prepend apiSchemas = ["PhysicsMeshCollisionAPI", "PhysicsCollisionAPI"]
        )
        {
            int[] faceVertexCounts = [3, 3, 3, 3, 3, 3, 3, 3, 3, 3, 3, 3, 3, 3, 3, 3, 3, 3, 3, 3, 3, 3, 3, 3, 3, 3, 3, 3, 3, 3, 3, 3, 3, 3, 3, 3, 3, 3, 3, 3, 3, 3, 3, 3, 3, 3, 3, 3, 3, 3, 3, 3, 3, 3, 3, 3, 3, 3, 3, 3, 3, 3, 3, 3, 3, 3, 3, 3, 3, 3, 3, 3, 3, 3, 3, 3, 3, 3, 3, 3, 3, 3, 3, 3, 3, 3, 3, 3, 3, 3, 3, 3, 3, 3, 3, 3, 3, 3, 3, 3, 3, 3, 3, 3, 3, 3, 3, 3, 3, 3, 3, 3, 3, 3, 3, 3, 3, 3, 3, 3, 3, 3, 3, 3, 3, 3, 3, 3, 3, 3, 3, 3, 3, 3, 3, 3]
            int[] faceVertexIndices = [10, 13, 50, 7, 9, 52, 21, 20, 55, 19, 54, 18, 19, 62, 54, 26, 25, 60, 50, 13, 69, 13, 15, 69, 68, 21, 55, 62, 19, 27, 27, 60, 62, 26, 60, 27, 25, 2, 61, 61, 60, 25, 61, 2, 5, 5, 7, 61, 61, 7, 52, 67, 69, 22, 23, 67, 22, 24, 68, 67, 24, 67, 23, 21, 68, 24, 17, 69, 15, 17, 22, 69, 20, 54, 55, 18, 54, 20, 8, 28, 53, 53, 9, 8, 52, 9, 53, 10, 32, 11, 50, 51, 10, 10, 51, 32, 18, 20, 47, 47, 46, 18, 59, 1, 48, 59, 37, 1, 46, 45, 19, 18, 46, 19, 12, 10, 11, 13, 10, 12, 8, 9, 6, 9, 7, 6, 3, 2, 39, 39, 2, 25, 43, 47, 20, 20, 21, 43, 56, 29, 30, 30, 57, 56, 56, 53, 28, 28, 29, 56, 64, 65, 36, 36, 35, 64, 27, 45, 44, 27, 19, 45, 34, 63, 64, 64, 35, 34, 13, 12, 14, 14, 15, 13, 4, 2, 3, 5, 2, 4, 4, 6, 7, 4, 7, 5, 38, 27, 44, 26, 27, 38, 38, 39, 25, 38, 25, 26, 40, 41, 22, 22, 41, 23, 24, 41, 42, 23, 41, 24, 42, 43, 24, 24, 43, 21, 64, 63, 58, 58, 51, 50, 58, 65, 64, 48, 49, 58, 58, 66, 51, 52, 53, 58, 55, 54, 58, 50, 69, 58, 58, 68, 55, 49, 65, 58, 58, 59, 48, 54, 62, 58, 58, 61, 52, 58, 56, 57, 62, 60, 58, 58, 69, 67, 67, 68, 58, 53, 56, 58, 63, 66, 58, 60, 61, 58, 30, 31, 58, 58, 57, 30, 37, 59, 58, 58, 31, 37, 0, 65, 49, 0, 36, 65, 48, 1, 0, 0, 49, 48, 11, 32, 33, 16, 14, 33, 33, 28, 8, 35, 36, 33, 33, 12, 11, 33, 4, 3, 33, 43, 42, 44, 45, 33, 8, 6, 33, 1, 37, 33, 33, 45, 46, 33, 31, 30, 30, 29, 33, 46, 47, 33, 33, 29, 28, 36, 0, 33, 33, 40, 16, 42, 41, 33, 3, 39, 33, 47, 43, 33, 37, 31, 33, 33, 38, 44, 33, 34, 35, 33, 14, 12, 33, 41, 40, 6, 4, 33, 39, 38, 33, 33, 0, 1, 32, 51, 33, 51, 66, 33, 33, 66, 63, 63, 34, 33, 17, 14, 16, 15, 14, 17, 16, 40, 17, 40, 22, 17]
            uniform token physics:approximation = "convexHull"
            bool physics:collisionEnabled = 1
            point3f[] points = [(0.021, 0.006, -0.003), (0.021, -0.006, -0.003), (-0.0045, -0.00779423, 0.005), (-0.0045, -0.00779423, -0.003), (-0.00307818, -0.00845723, -0.003), (-0.00307818, -0.00845723, 0.005), (-0.00156283, -0.00886327, -0.003), (-0.00156283, -0.00886327, 0.005), (-0, -0.009, -0.003), (-0, -0.009, 0.005), (-0, 0.009, 0.005), (-0, 0.009, -0.003), (-0.00156283, 0.00886327, -0.003), (-0.00156283, 0.00886327, 0.005), (-0.00307818, 0.00845723, -0.003), (-0.00307818, 0.00845723, 0.005), (-0.0045, 0.00779423, -0.003), (-0.0045, 0.00779423, 0.005), (-0.009, -0.0034641, 0.005), (-0.00889778, -0.00424056, 0.005), (-0.009, 0.0034641, 0.005), (-0.00889778, 0.00424056, 0.005), (-0.0075, 0.00606218, 0.005), (-0.00812132, 0.00558542, 0.005), (-0.00859808, 0.0049641, 0.005), (-0.0075, -0.00606218, 0.005), (-0.00812132, -0.00558542, 0.005), (-0.00859808, -0.0049641, 0.005), (0.018, -0.009, -0.003), (0.01892705, -0.00885317, -0.003), (0.01976336, -0.00842705, -0.003), (0.02042705, -0.00776336, -0.003), (0.018, 0.009, -0.003), (0.01892705, 0.00885317, -0.003), (0.01976336, 0.00842705, -0.003), (0.02042705, 0.00776336, -0.003), (0.02085317, 0.00692705, -0.003), (0.02085317, -0.00692705, -0.003), (-0.00812132, -0.00558542, -0.003), (-0.0075, -0.00606218, -0.003), (-0.0075, 0.00606218, -0.003), (-0.00812132, 0.00558542, -0.003), (-0.00859808, 0.0049641, -0.003), (-0.00889778, 0.00424056, -0.003), (-0.00859808, -0.0049641, -0.003), (-0.00889778, -0.00424056, -0.003), (-0.009, -0.0034641, -0.003), (-0.009, 0.0034641, -0.003), (0.021, -0.006, 0.012), (0.021, 0.006, 0.012), (0.01, 0.009, 0.012), (0.018, 0.009, 0.012), (0.01, -0.009, 0.012), (0.018, -0.009, 0.012), (0.008, -0.007, 0.012), (0.008, 0.007, 0.012), (0.01892705, -0.00885317, 0.012), (0.01976336, -0.00842705, 0.012), (0.02042705, -0.00776336, 0.012), (0.02085317, -0.00692705, 0.012), (0.00858579, -0.00841421, 0.012), (0.00923463, -0.00884776, 0.012), (0.00815224, -0.00776537, 0.012), (0.01976336, 0.00842705, 0.012), (0.02042705, 0.00776336, 0.012), (0.02085317, 0.00692705, 0.012), (0.01892705, 0.00885317, 0.012), (0.00858579, 0.00841421, 0.012), (0.00815224, 0.00776537, 0.012), (0.00923463, 0.00884776, 0.012)]
            uniform token subdivisionScheme = "none"
            token visibility = "invisible"
            quatd xformOp:orient = (1, 0, 0, 0)
            double3 xformOp:translate = (0, 0, 0)
            uniform token[] xformOpOrder = ["xformOp:translate", "xformOp:orient"]
        }

        def Mesh "Collision_001" (
            prepend apiSchemas = ["PhysicsMeshCollisionAPI", "PhysicsCollisionAPI"]
        )
        {
            int[] faceVertexCounts = [3, 3, 3, 3, 3, 3, 3, 3, 3, 3, 3, 3, 3, 3, 3, 3, 3, 3, 3, 3, 3, 3, 3, 3, 3, 3, 3, 3, 3, 3, 3, 3, 3, 3, 3, 3, 3, 3, 3, 3, 3, 3, 3, 3, 3, 3, 3, 3, 3, 3, 3, 3, 3, 3, 3, 3, 3, 3, 3, 3, 3, 3, 3, 3, 3, 3, 3, 3, 3, 3, 3, 3, 3, 3, 3, 3, 3, 3, 3, 3, 3, 3, 3, 3, 3, 3, 3, 3, 3, 3, 3, 3, 3, 3, 3, 3, 3, 3, 3, 3, 3, 3, 3, 3, 3, 3, 3, 3, 3, 3, 3, 3, 3, 3, 3, 3, 3, 3, 3, 3, 3, 3, 3, 3, 3, 3, 3, 3, 3, 3, 3, 3, 3, 3, 3, 3, 3, 3, 3, 3, 3, 3, 3, 3, 3, 3, 3, 3, 3, 3, 3, 3, 3, 3, 3, 3, 3, 3, 3, 3, 3, 3, 3, 3, 3, 3, 3, 3, 3, 3, 3, 3]
            int[] faceVertexIndices = [21, 36, 38, 20, 36, 21, 46, 25, 24, 24, 44, 46, 23, 44, 24, 19, 18, 32, 40, 21, 38, 75, 76, 68, 87, 2, 72, 16, 27, 54, 54, 27, 52, 34, 19, 32, 35, 36, 34, 20, 19, 34, 34, 36, 20, 38, 36, 37, 21, 40, 22, 22, 40, 42, 22, 42, 23, 42, 40, 41, 85, 12, 86, 58, 87, 72, 2, 87, 3, 87, 86, 3, 78, 6, 79, 39, 40, 38, 23, 42, 43, 43, 44, 23, 46, 44, 45, 76, 75, 10, 10, 9, 76, 84, 12, 85, 25, 50, 26, 26, 50, 52, 52, 27, 26, 53, 54, 52, 16, 54, 56, 56, 17, 16, 30, 17, 56, 32, 18, 29, 18, 17, 29, 29, 17, 30, 85, 86, 71, 59, 86, 87, 11, 86, 12, 11, 3, 86, 69, 78, 79, 77, 78, 63, 77, 64, 76, 6, 78, 7, 72, 2, 1, 12, 84, 13, 13, 84, 14, 52, 50, 51, 5, 4, 82, 5, 82, 79, 79, 6, 5, 82, 4, 81, 55, 56, 54, 30, 56, 57, 32, 29, 31, 28, 29, 30, 33, 34, 32, 76, 9, 8, 8, 77, 76, 78, 77, 8, 8, 7, 78, 60, 84, 85, 46, 47, 48, 48, 50, 25, 48, 25, 46, 80, 81, 4, 75, 65, 74, 1, 0, 74, 74, 0, 10, 74, 10, 75, 50, 48, 49, 84, 61, 83, 14, 84, 83, 70, 80, 83, 83, 80, 14, 14, 80, 15, 15, 80, 4, 81, 80, 62, 1, 74, 73, 72, 1, 73, 73, 67, 72, 66, 73, 74, 68, 76, 36, 36, 35, 68, 68, 35, 34, 34, 75, 68, 64, 36, 76, 64, 37, 36, 63, 78, 39, 39, 78, 40, 43, 42, 79, 79, 82, 43, 26, 27, 16, 16, 17, 26, 26, 19, 20, 23, 24, 26, 20, 21, 26, 26, 24, 25, 26, 22, 23, 18, 19, 26, 26, 17, 18, 21, 22, 26, 71, 52, 85, 71, 53, 52, 54, 53, 71, 71, 86, 54, 40, 78, 69, 69, 41, 40, 79, 42, 69, 42, 41, 69, 38, 37, 77, 37, 64, 77, 63, 39, 77, 77, 39, 38, 81, 43, 82, 44, 43, 81, 87, 56, 55, 55, 59, 87, 54, 86, 55, 86, 59, 55, 57, 58, 72, 72, 30, 57, 57, 56, 87, 87, 58, 57, 75, 34, 33, 33, 65, 75, 85, 52, 60, 52, 51, 60, 50, 84, 60, 60, 51, 50, 70, 47, 80, 80, 47, 46, 74, 33, 32, 65, 33, 74, 67, 30, 72, 67, 28, 30, 49, 84, 50, 49, 61, 84, 61, 49, 83, 83, 49, 48, 83, 47, 70, 83, 48, 47, 12, 13, 15, 15, 1, 2, 15, 11, 12, 6, 7, 15, 2, 3, 15, 9, 10, 15, 10, 0, 15, 3, 11, 15, 15, 5, 6, 15, 8, 9, 15, 13, 14, 4, 5, 15, 7, 8, 15, 15, 0, 1, 44, 81, 62, 62, 45, 44, 62, 80, 46, 46, 45, 62, 28, 67, 73, 29, 28, 73, 32, 31, 66, 66, 74, 32, 66, 31, 29, 29, 73, 66]
            uniform token physics:approximation = "convexHull"
            bool physics:collisionEnabled = 1
            point3f[] points = [(0.016, -0.00172887, 0.00872121), (0.016, 0.00054425, 0.00897301), (0.016, 0.00272327, 0.00827847), (0.016, 0.00443141, 0.0067577), (0.016, -0.00167026, -0.00174025), (0.016, -0.00272327, -0.00127847), (0.016, -0.00365726, -0.00060785), (0.016, -0.00501189, 0.00123483), (0.016, -0.00549991, 0.00346919), (0.016, -0.00503695, 0.00570887), (0.016, -0.00370306, 0.00756661), (0.016, 0.00537332, 0.00467364), (0.016, 0.00538613, 0.00238664), (0.016, 0.00446764, 0.00029216), (0.016, 0.00277664, -0.00124766), (0.016, 0.00060554, -0.00196656), (0.141, 0.00302124, 0.00526695), (0.141, 0.00173299, 0.00654085), (0.141, -0.00001961, 0.00699995), (0.141, -0.00176695, 0.00652124), (0.141, -0.00304085, 0.00523299), (0.141, -0.00349995, 0.00348039), (0.141, -0.00302124, 0.00173305), (0.141, -0.00173299, 0.00045915), (0.141, 0.00001961, 5e-8), (0.141, 0.00176695, 0.00047876), (0.141, 0.00304085, 0.00176701), (0.141, 0.00349995, 0.00351961), (0.1218, 0.00121457, 0.00937578), (0.1375, 0.00059373, 0.00947055), (0.1375, 0.00297084, 0.00871288), (0.1218, -0.00066059, 0.00946352), (0.1375, -0.00188604, 0.00919586), (0.1218, -0.00247109, 0.00896751), (0.1375, -0.0040397, 0.00793631), (0.1218, -0.00521288, 0.00647084), (0.1375, -0.00549486, 0.00590967), (0.1218, -0.00587578, 0.00471457), (0.1375, -0.00599991, 0.00346638), (0.1218, -0.00596352, 0.00283941), (0.1375, -0.00546751, 0.00102891), (0.1218, -0.00443631, -0.0005397), (0.1375, -0.00398974, -0.00098129), (0.1375, -0.00297084, -0.00171288), (0.1375, -0.0018221, -0.00221664), (0.1218, -0.00121457, -0.00237578), (0.1375, 0.00066059, -0.00246352), (0.1218, 0.00247109, -0.00196751), (0.1375, 0.00302906, -0.00167926), (0.1218, 0.0040397, -0.00093631), (0.1375, 0.00487378, 5.4e-7), (0.1218, 0.00521288, 0.00052916), (0.1375, 0.00587578, 0.00228543), (0.1218, 0.00596352, 0.00416059), (0.1375, 0.0058618, 0.00478033), (0.1218, 0.00546751, 0.00597109), (0.1375, 0.00483427, 0.00705385), (0.1218, 0.00443631, 0.0075397), (0.0202, 0.00443631, 0.0075397), (0.0202, 0.00546751, 0.00597109), (0.0202, 0.00521288, 0.00052916), (0.0202, 0.0040397, -0.00093631), (0.0202, -0.00121457, -0.00237578), (0.0202, -0.00596352, 0.00283941), (0.0202, -0.00587578, 0.00471457), (0.0202, -0.00247109, 0.00896751), (0.0202, -0.00066059, 0.00946352), (0.0202, 0.00121457, 0.00937578), (0.0202, -0.00521288, 0.00647084), (0.0202, -0.00443631, -0.0005397), (0.0202, 0.00247109, -0.00196751), (0.0202, 0.00596352, 0.00416059), (0.0165, 0.00297084, 0.00871288), (0.0165, 0.00059373, 0.00947055), (0.0165, -0.00188604, 0.00919586), (0.0165, -0.0040397, 0.00793631), (0.0165, -0.00549486, 0.00590967), (0.0165, -0.00599991, 0.00346638), (0.0165, -0.00546751, 0.00102891), (0.0165, -0.00398974, -0.00098129), (0.0165, 0.00066059, -0.00246352), (0.0165, -0.0018221, -0.00221664), (0.0165, -0.00297084, -0.00171288), (0.0165, 0.00302906, -0.00167926), (0.0165, 0.00487378, 5.4e-7), (0.0165, 0.00587578, 0.00228543), (0.0165, 0.0058618, 0.00478033), (0.0165, 0.00483427, 0.00705385)]
            uniform token subdivisionScheme = "none"
            token visibility = "invisible"
            quatd xformOp:orient = (1, 0, 0, 0)
            double3 xformOp:translate = (0, 0, 0)
            uniform token[] xformOpOrder = ["xformOp:translate", "xformOp:orient"]
        }
    }

    def Xform "RRR_link1" (
        prepend apiSchemas = ["PhysicsRigidBodyAPI", "PhysicsMassAPI", "PhysicsFilteredPairsAPI"]
    )
    {
        point3f physics:centerOfMass = (0.028355459, -1.4062152e-7, 0.0038034953)
        float3 physics:diagonalInertia = (7.9839435e-7, 0.000028926668, 0.000029444602)
        rel physics:filteredPairs = [
            </Robot/base_link>,
            </Robot/L_link1>,
            </Robot/L_link2>,
            </Robot/L_link3>,
            </Robot/LLL_link2>,
            </Robot/LLL_link1>,
            </Robot/R_link1>,
            </Robot/R_link2>,
            </Robot/R_link3>,
            </Robot/RRR_link2>,
            </Robot/LL_link1>,
            </Robot/LL_link2>,
            </Robot/LL_link3>,
            </Robot/LL_link4>,
            </Robot/RR_link1>,
            </Robot/RR_link2>,
            </Robot/RR_link3>,
            </Robot/RR_link4>,
        ]
        float physics:mass = 0.035
        quatf physics:principalAxes = (-0.000003867819, 0.99999326, 0.0000024657538, -0.00366306)
        bool physics:rigidBodyEnabled = 1
        quatd xformOp:orient = (0.1477054241181501, -0.14838952727983135, 0.6930240808698125, 0.6898414884698493)
        double3 xformOp:translate = (0.005565376771553634, -0.1810333862302488, 0.2701280685864763)
        uniform token[] xformOpOrder = ["xformOp:translate", "xformOp:orient"]

        def "Visual" (
            prepend references = @meshes/visuals.usdc@</Visuals/RRR_link1>
        )
        {
            quatd xformOp:orient = (1, 0, 0, 0)
            double3 xformOp:translate = (0, 0, 0)
            uniform token[] xformOpOrder = ["xformOp:translate", "xformOp:orient"]
        }

        def Mesh "Collision_000" (
            prepend apiSchemas = ["PhysicsMeshCollisionAPI", "PhysicsCollisionAPI"]
        )
        {
            int[] faceVertexCounts = [3, 3, 3, 3, 3, 3, 3, 3, 3, 3, 3, 3, 3, 3, 3, 3, 3, 3, 3, 3, 3, 3, 3, 3, 3, 3, 3, 3, 3, 3, 3, 3, 3, 3, 3, 3, 3, 3, 3, 3, 3, 3, 3, 3, 3, 3, 3, 3, 3, 3, 3, 3, 3, 3, 3, 3, 3, 3, 3, 3, 3, 3, 3, 3, 3, 3, 3, 3, 3, 3, 3, 3, 3, 3, 3, 3, 3, 3, 3, 3, 3, 3, 3, 3, 3, 3, 3, 3, 3, 3, 3, 3, 3, 3, 3, 3, 3, 3, 3, 3, 3, 3, 3, 3, 3, 3, 3, 3, 3, 3, 3, 3, 3, 3, 3, 3]
            int[] faceVertexIndices = [2, 1, 4, 8, 16, 54, 54, 9, 8, 29, 30, 39, 39, 30, 40, 19, 20, 48, 20, 49, 48, 10, 11, 8, 8, 9, 10, 10, 13, 11, 12, 13, 10, 14, 32, 15, 57, 32, 14, 15, 13, 14, 14, 13, 12, 55, 25, 26, 55, 26, 45, 55, 54, 16, 16, 25, 55, 24, 50, 49, 24, 49, 20, 43, 24, 22, 50, 24, 43, 47, 18, 19, 19, 48, 47, 40, 30, 56, 30, 36, 56, 56, 36, 37, 37, 59, 56, 53, 0, 35, 1, 0, 53, 27, 23, 38, 41, 27, 38, 42, 21, 27, 42, 27, 41, 22, 21, 42, 42, 43, 22, 26, 17, 46, 45, 26, 46, 46, 17, 18, 18, 47, 46, 29, 39, 28, 39, 51, 28, 33, 28, 52, 52, 28, 51, 44, 53, 34, 34, 53, 35, 33, 52, 34, 34, 52, 44, 58, 32, 57, 58, 31, 32, 58, 59, 37, 37, 31, 58, 3, 25, 16, 8, 11, 3, 3, 20, 19, 3, 16, 8, 3, 30, 29, 37, 36, 3, 3, 24, 20, 5, 7, 3, 3, 23, 27, 19, 18, 3, 3, 17, 26, 27, 21, 3, 3, 31, 37, 3, 13, 15, 26, 25, 3, 3, 21, 22, 3, 36, 30, 15, 32, 3, 3, 34, 35, 11, 13, 3, 18, 17, 3, 22, 24, 3, 29, 28, 3, 32, 31, 3, 35, 0, 3, 3, 28, 33, 33, 34, 3, 3, 7, 23, 3, 4, 5, 3, 2, 4, 3, 0, 1, 1, 2, 3, 6, 7, 5, 5, 4, 6, 6, 38, 23, 23, 7, 6, 6, 48, 49, 6, 42, 41, 6, 55, 45, 6, 47, 48, 54, 55, 6, 6, 10, 9, 9, 54, 6, 57, 14, 6, 6, 52, 51, 6, 56, 59, 12, 10, 6, 6, 14, 12, 4, 1, 6, 6, 53, 44, 6, 51, 39, 50, 43, 6, 41, 38, 6, 49, 50, 6, 40, 56, 6, 45, 46, 6, 6, 39, 40, 1, 53, 6, 6, 58, 57, 43, 42, 6, 6, 46, 47, 44, 52, 6, 59, 58, 6]
            uniform token physics:approximation = "convexHull"
            bool physics:collisionEnabled = 1
            point3f[] points = [(-0.0045, -0.00779423, 0.008), (-0.0045, -0.00779423, 0), (-0.00307818, -0.00845723, 0), (-0.00307818, -0.00845723, 0.008), (-0.00156283, -0.00886327, 0), (-0.00156283, -0.00886327, 0.008), (0, -0.009, 0), (0, -0.009, 0.008), (0, 0.009, 0.008), (0, 0.009, -0), (-0.00156283, 0.00886327, 0), (-0.00156283, 0.00886327, 0.008), (-0.00307818, 0.00845723, 0), (-0.00307818, 0.00845723, 0.008), (-0.0045, 0.00779423, 0), (-0.0045, 0.00779423, 0.008), (0.018, 0.009, 0.008), (0.02042705, 0.00776336, 0.008), (0.02085317, 0.00692705, 0.008), (0.021, 0.006, 0.008), (0.021, -0.006, 0.008), (0.01976336, -0.00842705, 0.008), (0.02042705, -0.00776336, 0.008), (0.018, -0.009, 0.008), (0.02085317, -0.00692705, 0.008), (0.01892705, 0.00885317, 0.008), (0.01976336, 0.00842705, 0.008), (0.01892705, -0.00885317, 0.008), (-0.00889778, -0.00424056, 0.008), (-0.009, -0.0034641, 0.008), (-0.009, 0.0034641, 0.008), (-0.00812132, 0.00558542, 0.008), (-0.0075, 0.00606218, 0.008), (-0.00859808, -0.0049641, 0.008), (-0.00812132, -0.00558542, 0.008), (-0.0075, -0.00606218, 0.008), (-0.00889778, 0.00424056, 0.008), (-0.00859808, 0.0049641, 0.008), (0.018, -0.009, 0), (-0.009, -0.0034641, 0), (-0.009, 0.0034641, -0), (0.01892705, -0.00885317, 0), (0.01976336, -0.00842705, 0), (0.02042705, -0.00776336, 0), (-0.00812132, -0.00558542, -0), (0.01976336, 0.00842705, 0), (0.02042705, 0.00776336, 0), (0.02085317, 0.00692705, 0), (0.021, 0.006, 0), (0.021, -0.006, 0), (0.02085317, -0.00692705, -0), (-0.00889778, -0.00424056, -0), (-0.00859808, -0.0049641, 0), (-0.0075, -0.00606218, -0), (0.018, 0.009, -0), (0.01892705, 0.00885317, 0), (-0.00889778, 0.00424056, -0), (-0.0075, 0.00606218, 0), (-0.00812132, 0.00558542, 0), (-0.00859808, 0.0049641, 0)]
            uniform token subdivisionScheme = "none"
            token visibility = "invisible"
            quatd xformOp:orient = (1, 0, 0, 0)
            double3 xformOp:translate = (0, 0, 0)
            uniform token[] xformOpOrder = ["xformOp:translate", "xformOp:orient"]
        }

        def Mesh "Collision_001" (
            prepend apiSchemas = ["PhysicsMeshCollisionAPI", "PhysicsCollisionAPI"]
        )
        {
            int[] faceVertexCounts = [3, 3, 3, 3, 3, 3, 3, 3, 3, 3, 3, 3, 3, 3, 3, 3, 3, 3, 3, 3, 3, 3, 3, 3, 3, 3, 3, 3, 3, 3, 3, 3, 3, 3, 3, 3, 3, 3, 3, 3, 3, 3, 3, 3, 3, 3, 3, 3, 3, 3, 3, 3, 3, 3, 3, 3, 3, 3, 3, 3, 3, 3, 3, 3, 3, 3, 3, 3, 3, 3, 3, 3, 3, 3]
            int[] faceVertexIndices = [38, 36, 0, 0, 36, 1, 36, 11, 1, 18, 2, 20, 32, 30, 12, 12, 11, 32, 9, 26, 10, 24, 5, 10, 10, 26, 24, 9, 30, 28, 28, 26, 9, 32, 11, 34, 34, 11, 36, 14, 38, 0, 22, 5, 24, 5, 22, 6, 6, 22, 20, 8, 30, 9, 8, 12, 30, 4, 14, 0, 7, 20, 2, 7, 6, 20, 18, 16, 3, 3, 2, 18, 3, 16, 14, 14, 4, 3, 37, 38, 13, 36, 38, 37, 32, 33, 31, 31, 30, 32, 28, 31, 29, 30, 31, 28, 13, 38, 14, 14, 15, 13, 19, 20, 21, 18, 20, 19, 27, 28, 29, 26, 28, 27, 27, 25, 24, 24, 26, 27, 35, 33, 32, 32, 34, 35, 36, 37, 35, 35, 34, 36, 21, 20, 23, 20, 22, 23, 24, 25, 23, 23, 22, 24, 17, 19, 21, 17, 37, 13, 13, 15, 17, 17, 27, 29, 29, 31, 17, 33, 35, 17, 17, 31, 33, 21, 23, 17, 25, 27, 17, 17, 35, 37, 17, 23, 25, 15, 14, 17, 14, 16, 17, 18, 19, 17, 17, 16, 18, 3, 8, 9, 0, 1, 3, 5, 6, 3, 3, 1, 11, 9, 10, 3, 11, 12, 3, 3, 10, 5, 3, 4, 0, 12, 8, 3, 3, 7, 2, 6, 7, 3]
            uniform token physics:approximation = "convexHull"
            bool physics:collisionEnabled = 1
            point3f[] points = [(0.01580258, -0.00005258, 0.00599945), (0.01580258, 0.00111499, 0.00573759), (0.01580258, -0.00248756, 0.00374907), (0.01580258, -0.00208688, 0.00487657), (0.01580258, -0.00120811, 0.00568871), (0.01580258, -0.0005471, 0.0010606), (0.01580258, -0.00161808, 0.00159427), (0.01580258, -0.00231838, 0.00256452), (0.01580258, 0.00235567, 0.00266285), (0.01580258, 0.0016968, 0.00166401), (0.01580258, 0.00064921, 0.00108577), (0.01580258, 0.00202713, 0.00496312), (0.01580258, 0.00247488, 0.00385348), (0.09580258, -0.0000631, 0.00649934), (0.01630258, -0.00144973, 0.00612646), (0.09580258, -0.00144973, 0.00612646), (0.01630258, -0.00250425, 0.00515189), (0.09580258, -0.00250425, 0.00515189), (0.01630258, -0.00298507, 0.00379889), (0.09580258, -0.00298507, 0.00379889), (0.01630258, -0.00278205, 0.00237742), (0.09580258, -0.00278205, 0.00237742), (0.01630258, -0.0019417, 0.00121312), (0.09580258, -0.0019417, 0.00121312), (0.01630258, -0.00065652, 0.00057272), (0.09580258, -0.00065652, 0.00057272), (0.01630258, 0.00077906, 0.00060292), (0.09580258, 0.00077906, 0.00060292), (0.01630258, 0.00203616, 0.00129681), (0.09580258, 0.00203616, 0.00129681), (0.01630258, 0.0028268, 0.00249542), (0.09580258, 0.0028268, 0.00249542), (0.01630258, 0.00296986, 0.00392417), (0.09580258, 0.00296986, 0.00392417), (0.01630258, 0.00243256, 0.00525575), (0.09580258, 0.00243256, 0.00525575), (0.01630258, 0.00133799, 0.00618511), (0.09580258, 0.00133799, 0.00618511), (0.01630258, -0.0000631, 0.00649934)]
            uniform token subdivisionScheme = "none"
            token visibility = "invisible"
            quatd xformOp:orient = (1, 0, 0, 0)
            double3 xformOp:translate = (0, 0, 0)
            uniform token[] xformOpOrder = ["xformOp:translate", "xformOp:orient"]
        }
    }

    def Xform "LL_link1" (
        prepend apiSchemas = ["PhysicsRigidBodyAPI", "PhysicsMassAPI", "PhysicsFilteredPairsAPI"]
    )
    {
        point3f physics:centerOfMass = (0.051943, 8.3267e-17, -0.0053948)
        float3 physics:diagonalInertia = (0.000014, 0.000094, 0.000107)
        rel physics:filteredPairs = [
            </Robot/base_link>,
            </Robot/L_link1>,
            </Robot/L_link2>,
            </Robot/L_link3>,
            </Robot/LLL_link2>,
            </Robot/LLL_link1>,
            </Robot/R_link1>,
            </Robot/R_link2>,
            </Robot/R_link3>,
            </Robot/RRR_link2>,
            </Robot/RRR_link1>,
            </Robot/LL_link2>,
            </Robot/LL_link3>,
            </Robot/LL_link4>,
            </Robot/RR_link1>,
            </Robot/RR_link2>,
            </Robot/RR_link3>,
            </Robot/RR_link4>,
        ]
        float physics:mass = 0.041
        quatf physics:principalAxes = (1, 0, 0, 0)
        bool physics:rigidBodyEnabled = 1
        quatd xformOp:orient = (-0.6829262477872924, 0.6860531191643499, -0.17781955403634475, -0.17698323076029415)
        double3 xformOp:translate = (0, 0.195, 0.31911203)
        uniform token[] xformOpOrder = ["xformOp:translate", "xformOp:orient"]

        def "Visual" (
            prepend references = @meshes/visuals.usdc@</Visuals/LL_link1>
        )
        {
            quatd xformOp:orient = (1, 0, 0, 0)
            double3 xformOp:translate = (0, 0, 0)
            uniform token[] xformOpOrder = ["xformOp:translate", "xformOp:orient"]
        }

        def Mesh "Collision_000" (
            prepend apiSchemas = ["PhysicsMeshCollisionAPI", "PhysicsCollisionAPI"]
        )
        {
            int[] faceVertexCounts = [3, 3, 3, 3, 3, 3, 3, 3, 3, 3, 3, 3, 3, 3, 3, 3, 3, 3, 3, 3, 3, 3, 3, 3, 3, 3, 3, 3, 3, 3, 3, 3, 3, 3, 3, 3, 3, 3, 3, 3, 3, 3, 3, 3, 3, 3, 3, 3, 3, 3, 3, 3, 3, 3, 3, 3, 3, 3, 3, 3, 3, 3, 3, 3, 3, 3, 3, 3, 3, 3, 3, 3, 3, 3, 3, 3, 3, 3, 3, 3, 3, 3, 3, 3, 3, 3, 3, 3, 3, 3, 3, 3, 3, 3, 3, 3, 3, 3, 3, 3, 3, 3, 3, 3, 3, 3, 3, 3, 3, 3, 3, 3, 3, 3, 3, 3, 3, 3, 3, 3, 3, 3, 3, 3]
            int[] faceVertexIndices = [55, 61, 20, 43, 31, 9, 12, 43, 9, 2, 43, 42, 2, 31, 43, 42, 43, 54, 54, 11, 10, 12, 11, 54, 54, 43, 12, 19, 55, 20, 19, 18, 55, 20, 61, 17, 61, 34, 17, 42, 27, 7, 7, 2, 42, 38, 40, 39, 60, 57, 59, 3, 47, 8, 48, 8, 47, 8, 48, 0, 23, 48, 24, 23, 0, 48, 52, 33, 14, 52, 14, 50, 5, 6, 40, 41, 5, 40, 57, 1, 13, 13, 58, 57, 46, 4, 5, 46, 5, 41, 3, 4, 46, 46, 47, 3, 63, 18, 22, 55, 18, 63, 15, 34, 56, 56, 34, 61, 61, 55, 56, 55, 63, 56, 50, 14, 16, 16, 49, 50, 15, 56, 16, 16, 56, 49, 25, 26, 39, 39, 26, 38, 39, 6, 25, 39, 40, 6, 44, 30, 27, 44, 27, 42, 29, 30, 44, 44, 45, 29, 35, 36, 60, 59, 35, 60, 60, 36, 1, 1, 57, 60, 48, 58, 13, 13, 24, 48, 32, 33, 53, 33, 52, 53, 53, 10, 32, 53, 54, 10, 62, 21, 35, 62, 35, 59, 22, 21, 62, 62, 63, 22, 38, 26, 37, 26, 28, 37, 29, 45, 37, 37, 28, 29, 25, 6, 23, 14, 33, 23, 13, 1, 23, 27, 30, 23, 23, 24, 13, 23, 19, 20, 35, 21, 23, 23, 11, 12, 23, 36, 35, 23, 16, 14, 23, 21, 22, 1, 36, 23, 23, 4, 3, 20, 17, 23, 12, 9, 23, 23, 6, 5, 23, 26, 25, 5, 4, 23, 23, 33, 32, 32, 10, 23, 22, 18, 23, 23, 34, 15, 23, 9, 31, 31, 2, 23, 23, 7, 27, 23, 30, 29, 29, 28, 23, 10, 11, 23, 18, 19, 23, 23, 17, 34, 15, 16, 23, 2, 7, 23, 23, 28, 26, 3, 8, 23, 8, 0, 23, 51, 56, 63, 49, 56, 51, 54, 53, 51, 42, 54, 51, 51, 40, 38, 47, 46, 51, 51, 46, 41, 41, 40, 51, 51, 37, 45, 45, 44, 51, 38, 37, 51, 51, 44, 42, 50, 49, 51, 51, 52, 50, 51, 53, 52, 51, 48, 47, 51, 57, 58, 58, 48, 51, 59, 57, 51, 63, 62, 51, 51, 62, 59]
            uniform token physics:approximation = "convexHull"
            bool physics:collisionEnabled = 1
            point3f[] points = [(0.01057857, -0.03076178, -0.01), (-0.009717, -0.03048901, -0.01), (0.03604997, 0.02689967, -0.01), (0.11564868, -0.01483049, -0.01), (0.12014116, -0.01339988, -0.01), (0.12396763, -0.01064542, -0.01), (0.12675008, -0.00683925, -0.01), (0.09556109, 0.01787628, -0.01), (0.06784134, -0.02207929, -0.01), (0.00365251, 0.03179087, -0.01), (-0.00252615, 0.03190013, -0.01), (-0.00146653, 0.03196638, -0.01), (0.00135795, 0.03197118, -0.01), (-0.00252615, -0.03190013, -0.01), (-0.02221962, 0.02302799, -0.01), (-0.03012247, 0.01079986, -0.01), (-0.02687574, 0.01736936, -0.01), (-0.03180724, 0.00350704, -0.01), (-0.03178954, -0.003664, -0.01), (-0.03197037, -0.00137664, -0.01), (-0.03197056, 0.00137222, -0.01), (-0.02687574, -0.01736936, -0.01), (-0.03012247, -0.01079986, -0.01), (0.00967634, -0.03089858, -0.01), (0.00479718, -0.03163838, -0.01), (0.1282136, -0.00235738, -0.01), (0.1282136, 0.00235738, -0.01), (0.11564868, 0.01483049, -0.01), (0.12675008, 0.00683924, -0.01), (0.12396764, 0.01064542, -0.01), (0.12014116, 0.01339988, -0.01), (0.00479718, 0.03163838, -0.01), (-0.009717, 0.03048901, -0.01), (-0.01639828, 0.02747902, -0.01), (-0.03178954, 0.003664, -0.01), (-0.02221962, -0.023028, -0.01), (-0.01639828, -0.02747902, -0.01), (0.12675008, 0.00683924, -0), (0.1282136, 0.00235738, -0), (0.1282136, -0.00235738, -0), (0.12675008, -0.00683925, -0), (0.12396763, -0.01064542, -0), (0.11564868, 0.01483049, -0), (0.00479718, 0.03163838, -0), (0.12014116, 0.01339988, -0), (0.12396764, 0.01064542, -0), (0.12014116, -0.01339988, -0), (0.11564868, -0.01483049, -0), (0.00479718, -0.03163838, -0), (-0.02687574, 0.01736936, -0), (-0.02221962, 0.02302799, -0), (-0.01427734, 0.02554722, -0), (-0.01639828, 0.02747902, -0), (-0.009717, 0.03048901, -0), (-0.00252615, 0.03190013, -0), (-0.03178954, -0.003664, -0), (-0.03012247, 0.01079986, -0), (-0.009717, -0.03048901, -0), (-0.00252615, -0.03190013, -0), (-0.02221962, -0.023028, -0), (-0.01639828, -0.02747902, -0), (-0.03178954, 0.003664, -0), (-0.02687574, -0.01736936, -0), (-0.03012247, -0.01079986, -0)]
            uniform token subdivisionScheme = "none"
            token visibility = "invisible"
            quatd xformOp:orient = (1, 0, 0, 0)
            double3 xformOp:translate = (0, 0, 0)
            uniform token[] xformOpOrder = ["xformOp:translate", "xformOp:orient"]
        }
    }

    def Xform "LL_link2" (
        prepend apiSchemas = ["PhysicsRigidBodyAPI", "PhysicsMassAPI", "PhysicsFilteredPairsAPI"]
    )
    {
        point3f physics:centerOfMass = (0.067499995, -0.0031961587, -0.0139999995)
        float3 physics:diagonalInertia = (0.0000030771153, 0.00015746972, 0.00015965084)
        rel physics:filteredPairs = [
            </Robot/base_link>,
            </Robot/L_link1>,
            </Robot/L_link2>,
            </Robot/L_link3>,
            </Robot/LLL_link2>,
            </Robot/LLL_link1>,
            </Robot/R_link1>,
            </Robot/R_link2>,
            </Robot/R_link3>,
            </Robot/RRR_link2>,
            </Robot/RRR_link1>,
            </Robot/LL_link1>,
            </Robot/LL_link3>,
            </Robot/LL_link4>,
            </Robot/RR_link1>,
            </Robot/RR_link2>,
            </Robot/RR_link3>,
            </Robot/RR_link4>,
        ]
        float physics:mass = 0.084
        quatf physics:principalAxes = (1, 0, 0, 1.3383163e-8)
        bool physics:rigidBodyEnabled = 1
        quatd xformOp:orient = (0.23432044487126782, -0.2353775691121083, 0.6684904557839855, 0.6654410864982152)
        double3 xformOp:translate = (0.09912455985820944, 0.19474435875332108, 0.2640319403080863)
        uniform token[] xformOpOrder = ["xformOp:translate", "xformOp:orient"]

        def "Visual" (
            prepend references = @meshes/visuals.usdc@</Visuals/LL_link2>
        )
        {
            quatd xformOp:orient = (1, 0, 0, 0)
            double3 xformOp:translate = (0, 0, 0)
            uniform token[] xformOpOrder = ["xformOp:translate", "xformOp:orient"]
        }

        def Mesh "Collision_000" (
            prepend apiSchemas = ["PhysicsMeshCollisionAPI", "PhysicsCollisionAPI"]
        )
        {
            int[] faceVertexCounts = [3, 3, 3, 3, 3, 3, 3, 3, 3, 3, 3, 3, 3, 3, 3, 3, 3, 3, 3, 3, 3, 3, 3, 3, 3, 3, 3, 3, 3, 3, 3, 3, 3, 3, 3, 3, 3, 3, 3, 3, 3, 3, 3, 3, 3, 3, 3, 3, 3, 3, 3, 3, 3, 3, 3, 3, 3, 3, 3, 3, 3, 3, 3, 3, 3, 3, 3, 3, 3, 3, 3, 3, 3, 3, 3, 3]
            int[] faceVertexIndices = [1, 38, 0, 39, 38, 1, 11, 9, 8, 10, 11, 8, 7, 4, 6, 5, 4, 7, 6, 8, 7, 7, 8, 9, 2, 1, 0, 2, 3, 1, 5, 3, 2, 2, 4, 5, 28, 30, 29, 29, 30, 31, 26, 29, 27, 28, 29, 26, 37, 38, 39, 37, 36, 38, 34, 36, 37, 37, 35, 34, 18, 21, 20, 19, 18, 20, 20, 21, 22, 20, 22, 23, 17, 16, 18, 17, 18, 19, 14, 16, 17, 17, 15, 14, 13, 11, 10, 10, 12, 13, 13, 12, 14, 14, 15, 13, 24, 12, 10, 24, 21, 18, 38, 36, 24, 18, 16, 24, 0, 38, 24, 6, 4, 24, 24, 2, 0, 10, 8, 24, 24, 30, 28, 24, 8, 6, 24, 36, 34, 28, 26, 24, 22, 21, 24, 4, 2, 24, 24, 16, 14, 14, 12, 24, 34, 32, 24, 24, 32, 30, 31, 30, 33, 30, 32, 33, 34, 35, 33, 33, 32, 34, 5, 7, 25, 25, 37, 39, 31, 33, 25, 25, 3, 5, 39, 1, 25, 25, 9, 11, 19, 20, 25, 1, 3, 25, 25, 7, 9, 25, 17, 19, 25, 29, 31, 11, 13, 25, 27, 29, 25, 35, 37, 25, 25, 20, 23, 15, 17, 25, 25, 13, 15, 25, 33, 35, 23, 22, 25, 22, 24, 25, 25, 26, 27, 25, 24, 26]
            uniform token physics:approximation = "convexHull"
            bool physics:collisionEnabled = 1
            point3f[] points = [(0.00024154, 0.01199757, -0.018), (0.00024154, 0.01199757, -0.01), (-0.00390183, 0.01134794, -0.018), (-0.00390183, 0.01134794, -0.01), (-0.00756859, 0.00931217, -0.018), (-0.00756859, 0.00931217, -0.01), (-0.01031085, 0.00613891, -0.018), (-0.01031085, 0.00613891, -0.01), (-0.01179365, 0.0022158, -0.018), (-0.01179365, 0.0022158, -0.01), (-0.01183586, -0.00197797, -0.018), (-0.01183586, -0.00197797, -0.01), (-0.01043233, -0.00593014, -0.018), (-0.01043233, -0.00593014, -0.01), (-0.00775449, -0.00915794, -0.018), (-0.00775449, -0.00915794, -0.01), (-0.00412945, -0.0112671, -0.018), (-0.00412945, -0.0112671, -0.01), (-0, -0.012, -0.018), (-0, -0.012, -0.01), (0.13499999, -0.012, -0.01), (0.13499999, -0.012, -0.018), (0.13912944, -0.0112671, -0.018), (0.13912944, -0.0112671, -0.01), (0.1427545, -0.00915794, -0.018), (0.1427545, -0.00915794, -0.01), (0.14543232, -0.00593013, -0.018), (0.14543232, -0.00593013, -0.01), (0.14683586, -0.00197797, -0.018), (0.14683586, -0.00197797, -0.01), (0.14679365, 0.0022158, -0.018), (0.14679365, 0.0022158, -0.01), (0.14531085, 0.00613891, -0.018), (0.14531085, 0.00613891, -0.01), (0.14256859, 0.00931216, -0.018), (0.14256859, 0.00931216, -0.01), (0.13890183, 0.01134794, -0.018), (0.13890183, 0.01134794, -0.01), (0.13475847, 0.01199757, -0.018), (0.13475847, 0.01199757, -0.01)]
            uniform token subdivisionScheme = "none"
            token visibility = "invisible"
            quatd xformOp:orient = (1, 0, 0, 0)
            double3 xformOp:translate = (0, 0, 0)
            uniform token[] xformOpOrder = ["xformOp:translate", "xformOp:orient"]
        }
    }

    def Xform "LL_link3" (
        prepend apiSchemas = ["PhysicsRigidBodyAPI", "PhysicsMassAPI", "PhysicsFilteredPairsAPI"]
    )
    {
        point3f physics:centerOfMass = (0.098147795, -0.0047064787, -0.007237921)
        float3 physics:diagonalInertia = (0.0000028458603, 0.00017221244, 0.00017462595)
        rel physics:filteredPairs = [
            </Robot/base_link>,
            </Robot/L_link1>,
            </Robot/L_link2>,
            </Robot/L_link3>,
            </Robot/LLL_link2>,
            </Robot/LLL_link1>,
            </Robot/R_link1>,
            </Robot/R_link2>,
            </Robot/R_link3>,
            </Robot/RRR_link2>,
            </Robot/RRR_link1>,
            </Robot/LL_link1>,
            </Robot/LL_link2>,
            </Robot/LL_link4>,
            </Robot/RR_link1>,
            </Robot/RR_link2>,
            </Robot/RR_link3>,
            </Robot/RR_link4>,
        ]
        float physics:mass = 0.041
        quatf physics:principalAxes = (0.9999965, -0.00025599092, 0.000060544568, 0.0026341255)
        bool physics:rigidBodyEnabled = 1
        quatd xformOp:orient = (-0.2908001957144013, 0.29215259399039967, 0.6457032077558991, 0.6427670460523693)
        double3 xformOp:translate = (-0.006092098991826167, 0.19436063285435756, 0.17944880100201835)
        uniform token[] xformOpOrder = ["xformOp:translate", "xformOp:orient"]

        def "Visual" (
            prepend references = @meshes/visuals.usdc@</Visuals/LL_link3>
        )
        {
            quatd xformOp:orient = (1, 0, 0, 0)
            double3 xformOp:translate = (0, 0, 0)
            uniform token[] xformOpOrder = ["xformOp:translate", "xformOp:orient"]
        }

        def Mesh "Collision_000" (
            prepend apiSchemas = ["PhysicsMeshCollisionAPI", "PhysicsCollisionAPI"]
        )
        {
            int[] faceVertexCounts = [3, 3, 3, 3, 3, 3, 3, 3, 3, 3, 3, 3, 3, 3, 3, 3, 3, 3, 3, 3, 3, 3, 3, 3, 3, 3, 3, 3, 3, 3, 3, 3, 3, 3, 3, 3, 3, 3, 3, 3, 3, 3, 3, 3, 3, 3, 3, 3, 3, 3, 3, 3, 3, 3, 3, 3, 3, 3, 3, 3, 3, 3, 3, 3, 3, 3, 3, 3]
            int[] faceVertexIndices = [12, 11, 28, 28, 11, 27, 18, 35, 14, 14, 0, 18, 12, 28, 13, 28, 29, 13, 7, 13, 25, 25, 13, 29, 6, 25, 24, 7, 25, 6, 32, 31, 8, 17, 32, 8, 27, 11, 26, 11, 10, 26, 16, 33, 32, 16, 32, 17, 5, 23, 22, 5, 22, 4, 5, 6, 24, 24, 23, 5, 18, 0, 19, 0, 1, 19, 19, 1, 2, 2, 20, 19, 21, 3, 4, 4, 22, 21, 2, 3, 21, 21, 20, 2, 9, 8, 30, 30, 8, 31, 30, 10, 9, 30, 26, 10, 34, 28, 27, 24, 25, 34, 27, 26, 34, 34, 25, 29, 34, 35, 18, 34, 29, 28, 34, 30, 31, 22, 23, 34, 18, 19, 34, 34, 31, 32, 32, 33, 34, 34, 23, 24, 34, 21, 22, 34, 19, 20, 20, 21, 34, 26, 30, 34, 12, 13, 15, 15, 1, 0, 15, 10, 11, 15, 11, 12, 4, 3, 15, 17, 8, 15, 15, 16, 17, 0, 14, 15, 9, 10, 15, 15, 13, 7, 7, 6, 15, 2, 1, 15, 15, 3, 2, 15, 8, 9, 15, 5, 4, 6, 5, 15, 15, 14, 35, 35, 34, 15, 33, 16, 15, 15, 34, 33]
            uniform token physics:approximation = "convexHull"
            bool physics:collisionEnabled = 1
            point3f[] points = [(0.1994011, 0.01094407, -0.0032), (0.20412973, 0.01038701, -0.0032), (0.20817997, 0.00788386, -0.0032), (0.210793, 0.00390362, -0.0032), (0.21147922, -0.00080801, -0.0032), (0.21011008, -0.00536824, -0.0032), (0.2069421, -0.0089227, -0.0032), (0.20256881, -0.01080542, -0.0032), (-0.01074759, -0.00234292, -0.0032), (-0.00883485, -0.00655328, -0.0032), (-0.00536061, -0.00960541, -0.0032), (-0.00093893, -0.01095985, -0.0032), (0.13356838, -0.02248307, -0.0032), (0.13639918, -0.0223593, -0.0032), (-0.00100146, 0.01095432, -0.0032), (-0.00541534, 0.00957466, -0.0032), (-0.0088721, 0.00650275, -0.0032), (-0.01076079, 0.00228154, -0.0032), (0.1994011, 0.01094407, -0.0112), (0.20412973, 0.01038701, -0.0112), (0.20817997, 0.00788386, -0.0112), (0.210793, 0.00390362, -0.0112), (0.21147922, -0.00080801, -0.0112), (0.21011008, -0.00536824, -0.0112), (0.2069421, -0.0089227, -0.0112), (0.20256881, -0.01080542, -0.0112), (-0.00536061, -0.00960541, -0.0112), (-0.00093893, -0.01095985, -0.0112), (0.13356838, -0.02248307, -0.0112), (0.13639918, -0.0223593, -0.0112), (-0.00883485, -0.00655328, -0.0112), (-0.01074759, -0.00234292, -0.0112), (-0.01076079, 0.00228154, -0.0112), (-0.0088721, 0.00650275, -0.0112), (-0.00541534, 0.00957466, -0.0112), (-0.00100146, 0.01095432, -0.0112)]
            uniform token subdivisionScheme = "none"
            token visibility = "invisible"
            quatd xformOp:orient = (1, 0, 0, 0)
            double3 xformOp:translate = (0, 0, 0)
            uniform token[] xformOpOrder = ["xformOp:translate", "xformOp:orient"]
        }
    }

    def Xform "LL_link4" (
        prepend apiSchemas = ["PhysicsRigidBodyAPI", "PhysicsMassAPI", "PhysicsFilteredPairsAPI"]
    )
    {
        point3f physics:centerOfMass = (0.048482936, 0.0014755924, -0.0152)
        float3 physics:diagonalInertia = (0.0000019657643, 0.00006301904, 0.00006430214)
        rel physics:filteredPairs = [
            </Robot/base_link>,
            </Robot/L_link1>,
            </Robot/L_link2>,
            </Robot/L_link3>,
            </Robot/LLL_link2>,
            </Robot/LLL_link1>,
            </Robot/R_link1>,
            </Robot/R_link2>,
            </Robot/R_link3>,
            </Robot/RRR_link2>,
            </Robot/RRR_link1>,
            </Robot/LL_link1>,
            </Robot/LL_link2>,
            </Robot/LL_link3>,
            </Robot/RR_link1>,
            </Robot/RR_link2>,
            </Robot/RR_link3>,
            </Robot/RR_link4>,
        ]
        float physics:mass = 0.064
        quatf physics:principalAxes = (0.99999964, 0, 0, -0.0008170335)
        bool physics:rigidBodyEnabled = 1
        quatd xformOp:orient = (0.14707595813226482, -0.1477374075385759, 0.6931478690009246, 0.6899915598416652)
        double3 xformOp:translate = (-0.13846162594084196, 0.19505322820155113, 0.33005454042445487)
        uniform token[] xformOpOrder = ["xformOp:translate", "xformOp:orient"]

        def "Visual" (
            prepend references = @meshes/visuals.usdc@</Visuals/LL_link4>
        )
        {
            quatd xformOp:orient = (1, 0, 0, 0)
            double3 xformOp:translate = (0, 0, 0)
            uniform token[] xformOpOrder = ["xformOp:translate", "xformOp:orient"]
        }

        def Mesh "Collision_000" (
            prepend apiSchemas = ["PhysicsMeshCollisionAPI", "PhysicsCollisionAPI"]
        )
        {
            int[] faceVertexCounts = [3, 3, 3, 3, 3, 3, 3, 3, 3, 3, 3, 3, 3, 3, 3, 3, 3, 3, 3, 3, 3, 3, 3, 3, 3, 3, 3, 3, 3, 3, 3, 3, 3, 3, 3, 3, 3, 3, 3, 3, 3, 3, 3, 3, 3, 3, 3, 3, 3, 3, 3, 3, 3, 3, 3, 3, 3, 3, 3, 3, 3, 3, 3, 3, 3, 3, 3, 3, 3, 3, 3, 3, 3, 3, 3, 3, 3, 3, 3, 3, 3, 3, 3, 3]
            int[] faceVertexIndices = [23, 20, 22, 23, 21, 20, 20, 21, 18, 21, 19, 18, 0, 1, 43, 43, 42, 0, 3, 1, 0, 0, 2, 3, 36, 39, 37, 38, 39, 36, 29, 26, 28, 27, 26, 29, 16, 18, 17, 17, 18, 19, 41, 42, 43, 41, 40, 42, 41, 39, 38, 38, 40, 41, 28, 30, 31, 31, 29, 28, 10, 12, 11, 11, 12, 13, 11, 8, 10, 9, 8, 11, 2, 4, 5, 3, 2, 5, 32, 30, 24, 10, 8, 24, 22, 20, 24, 16, 14, 24, 24, 34, 32, 24, 4, 2, 42, 40, 24, 38, 36, 24, 20, 18, 24, 24, 30, 28, 24, 0, 42, 24, 18, 16, 6, 4, 24, 2, 0, 24, 24, 36, 34, 24, 40, 38, 28, 26, 24, 24, 12, 10, 24, 14, 12, 24, 8, 6, 24, 23, 22, 24, 25, 23, 24, 26, 27, 27, 25, 24, 34, 36, 35, 35, 36, 37, 12, 14, 15, 13, 12, 15, 16, 17, 15, 15, 14, 16, 6, 8, 7, 7, 8, 9, 7, 4, 6, 7, 5, 4, 33, 17, 19, 33, 11, 13, 43, 1, 33, 21, 23, 33, 33, 19, 21, 33, 1, 3, 37, 39, 33, 33, 41, 43, 27, 29, 33, 23, 25, 33, 33, 35, 37, 29, 31, 33, 39, 41, 33, 33, 25, 27, 3, 5, 33, 9, 11, 33, 13, 15, 33, 33, 7, 9, 33, 15, 17, 5, 7, 33, 33, 30, 32, 33, 31, 30, 32, 34, 33, 34, 35, 33]
            uniform token physics:approximation = "convexHull"
            bool physics:collisionEnabled = 1
            point3f[] points = [(0.00089673, 0.01096339, -0.0192), (0.00089673, 0.01096339, -0.0112), (-0.00252456, 0.01070638, -0.0192), (-0.00252456, 0.01070638, -0.0112), (-0.00570025, 0.00940782, -0.0192), (-0.00570025, 0.00940782, -0.0112), (-0.0083214, 0.00719405, -0.0192), (-0.0083214, 0.00719405, -0.0112), (-0.01013302, 0.00428041, -0.0192), (-0.01013302, 0.00428041, -0.0112), (-0.01095887, 0.00095036, -0.0192), (-0.01095887, 0.00095036, -0.0112), (-0.01071861, -0.00247214, -0.0192), (-0.01071861, -0.00247214, -0.0112), (-0.0094356, -0.00565414, -0.0192), (-0.0094356, -0.00565414, -0.0112), (-0.00723469, -0.0082861, -0.0192), (-0.00723469, -0.0082861, -0.0112), (-0.00432994, -0.01011195, -0.0192), (-0.00432994, -0.01011195, -0.0112), (-0.00100398, -0.01095409, -0.0192), (-0.00100398, -0.01095409, -0.0112), (0.0968497, -0.01099716, -0.0192), (0.0968497, -0.01099716, -0.0112), (0.10029041, -0.01036247, -0.0192), (0.10029041, -0.01036247, -0.0112), (0.10335777, -0.00867943, -0.0192), (0.10335777, -0.00867943, -0.0112), (0.10574146, -0.0061183, -0.0192), (0.10574146, -0.0061183, -0.0112), (0.10720033, -0.0029382, -0.0192), (0.10720033, -0.0029382, -0.0112), (0.10758678, 0.00053916, -0.0192), (0.10758678, 0.00053916, -0.0112), (0.10686172, 0.00396196, -0.0192), (0.10686172, 0.00396196, -0.0112), (0.10509849, 0.00698395, -0.0192), (0.10509849, 0.00698395, -0.0112), (0.1024755, 0.00929938, -0.0192), (0.1024755, 0.00929938, -0.0112), (0.09925809, 0.01067401, -0.0192), (0.09925809, 0.01067401, -0.0112), (0.09577177, 0.01096878, -0.0192), (0.09577177, 0.01096878, -0.0112)]
            uniform token subdivisionScheme = "none"
            token visibility = "invisible"
            quatd xformOp:orient = (1, 0, 0, 0)
            double3 xformOp:translate = (0, 0, 0)
            uniform token[] xformOpOrder = ["xformOp:translate", "xformOp:orient"]
        }
    }

    def Xform "RR_link1" (
        prepend apiSchemas = ["PhysicsRigidBodyAPI", "PhysicsMassAPI", "PhysicsFilteredPairsAPI"]
    )
    {
        point3f physics:centerOfMass = (0.051943, 3.4694e-17, 0.0046052)
        float3 physics:diagonalInertia = (0.000014, 0.000094, 0.000107)
        rel physics:filteredPairs = [
            </Robot/base_link>,
            </Robot/L_link1>,
            </Robot/L_link2>,
            </Robot/L_link3>,
            </Robot/LLL_link2>,
            </Robot/LLL_link1>,
            </Robot/R_link1>,
            </Robot/R_link2>,
            </Robot/R_link3>,
            </Robot/RRR_link2>,
            </Robot/RRR_link1>,
            </Robot/LL_link1>,
            </Robot/LL_link2>,
            </Robot/LL_link3>,
            </Robot/LL_link4>,
            </Robot/RR_link2>,
            </Robot/RR_link3>,
            </Robot/RR_link4>,
        ]
        float physics:mass = 0.041
        quatf physics:principalAxes = (1, 0, 0, 0)
        bool physics:rigidBodyEnabled = 1
        quatd xformOp:orient = (-0.6829268894005439, 0.6860537636486322, -0.1778170671066708, -0.17698075534595709)
        double3 xformOp:translate = (0, -0.194, 0.32088342000000003)
        uniform token[] xformOpOrder = ["xformOp:translate", "xformOp:orient"]

        def "Visual" (
            prepend references = @meshes/visuals.usdc@</Visuals/RR_link1>
        )
        {
            quatd xformOp:orient = (1, 0, 0, 0)
            double3 xformOp:translate = (0, 0, 0)
            uniform token[] xformOpOrder = ["xformOp:translate", "xformOp:orient"]
        }

        def Mesh "Collision_000" (
            prepend apiSchemas = ["PhysicsMeshCollisionAPI", "PhysicsCollisionAPI"]
        )
        {
            int[] faceVertexCounts = [3, 3, 3, 3, 3, 3, 3, 3, 3, 3, 3, 3, 3, 3, 3, 3, 3, 3, 3, 3, 3, 3, 3, 3, 3, 3, 3, 3, 3, 3, 3, 3, 3, 3, 3, 3, 3, 3, 3, 3, 3, 3, 3, 3, 3, 3, 3, 3, 3, 3, 3, 3, 3, 3, 3, 3, 3, 3, 3, 3, 3, 3, 3, 3, 3, 3, 3, 3, 3, 3, 3, 3, 3, 3, 3, 3, 3, 3, 3, 3, 3, 3, 3, 3, 3, 3, 3, 3, 3, 3, 3, 3, 3, 3, 3, 3, 3, 3, 3, 3, 3, 3, 3, 3, 3, 3, 3, 3, 3, 3, 3, 3, 3, 3, 3, 3, 3, 3, 3, 3, 3, 3]
            int[] faceVertexIndices = [54, 60, 20, 8, 47, 48, 3, 47, 8, 12, 53, 43, 43, 2, 31, 42, 2, 43, 0, 8, 48, 7, 42, 27, 7, 2, 42, 12, 43, 9, 9, 43, 31, 19, 18, 54, 19, 54, 20, 20, 60, 17, 60, 34, 17, 48, 24, 23, 23, 0, 48, 11, 53, 12, 11, 10, 53, 35, 36, 59, 58, 35, 59, 59, 36, 1, 1, 56, 59, 13, 24, 57, 57, 24, 48, 57, 1, 13, 57, 56, 1, 62, 18, 22, 54, 18, 62, 4, 46, 47, 4, 47, 3, 5, 6, 41, 41, 6, 40, 41, 4, 5, 46, 4, 41, 39, 6, 25, 40, 6, 39, 38, 39, 26, 26, 39, 25, 61, 21, 35, 61, 35, 58, 22, 21, 61, 61, 62, 22, 15, 34, 55, 55, 34, 60, 16, 49, 50, 50, 14, 16, 16, 55, 49, 15, 55, 16, 52, 10, 32, 53, 10, 52, 50, 51, 33, 33, 14, 50, 51, 52, 33, 33, 52, 32, 42, 44, 30, 27, 42, 30, 30, 44, 45, 45, 29, 30, 37, 44, 42, 37, 41, 40, 50, 49, 37, 42, 43, 37, 40, 39, 37, 48, 47, 37, 58, 59, 37, 37, 57, 48, 37, 51, 50, 60, 54, 37, 47, 46, 37, 37, 59, 56, 56, 57, 37, 37, 43, 53, 53, 52, 37, 54, 62, 37, 37, 61, 58, 46, 41, 37, 37, 55, 60, 45, 44, 37, 37, 39, 38, 62, 61, 37, 49, 55, 37, 37, 52, 51, 28, 7, 27, 28, 23, 24, 12, 9, 28, 13, 1, 28, 28, 36, 35, 28, 26, 25, 28, 24, 13, 35, 21, 28, 28, 16, 14, 28, 19, 20, 25, 6, 28, 28, 21, 22, 1, 36, 28, 3, 8, 28, 20, 17, 28, 28, 6, 5, 28, 4, 3, 31, 2, 28, 28, 11, 12, 14, 33, 28, 22, 18, 28, 28, 34, 15, 5, 4, 28, 8, 0, 28, 2, 7, 28, 32, 10, 28, 28, 9, 31, 27, 30, 28, 18, 19, 28, 28, 17, 34, 15, 16, 28, 0, 23, 28, 10, 11, 28, 28, 33, 32, 28, 30, 29, 28, 29, 45, 45, 37, 28, 38, 26, 28, 28, 37, 38]
            uniform token physics:approximation = "convexHull"
            bool physics:collisionEnabled = 1
            point3f[] points = [(0.01057857, -0.03076178, 0), (-0.009717, -0.03048901, 0), (0.03604997, 0.02689967, 0), (0.11564868, -0.01483049, 0), (0.12014116, -0.01339988, 0), (0.12396763, -0.01064542, 0), (0.12675008, -0.00683925, 0), (0.09556109, 0.01787628, 0), (0.06784134, -0.02207929, 0), (0.00365251, 0.03179087, 0), (-0.00252615, 0.03190013, 0), (-0.00146653, 0.03196638, 0), (0.00135795, 0.03197118, 0), (-0.00252615, -0.03190013, 0), (-0.02221962, 0.02302799, 0), (-0.03012247, 0.01079986, 0), (-0.02687574, 0.01736936, 0), (-0.03180724, 0.00350704, 0), (-0.03178954, -0.003664, 0), (-0.03197037, -0.00137664, 0), (-0.03197056, 0.00137222, 0), (-0.02687574, -0.01736936, 0), (-0.03012247, -0.01079986, 0), (0.00967634, -0.03089858, 0), (0.00479718, -0.03163838, 0), (0.1282136, -0.00235738, 0), (0.1282136, 0.00235738, 0), (0.11564868, 0.01483049, 0), (0.12675008, 0.00683924, 0), (0.12396764, 0.01064542, 0), (0.12014116, 0.01339988, 0), (0.00479718, 0.03163838, 0), (-0.009717, 0.03048901, 0), (-0.01639828, 0.02747902, 0), (-0.03178954, 0.003664, 0), (-0.02221962, -0.023028, 0), (-0.01639828, -0.02747902, 0), (0.12675008, 0.00683924, 0.01), (0.1282136, 0.00235738, 0.01), (0.1282136, -0.00235738, 0.01), (0.12675008, -0.00683925, 0.01), (0.12396763, -0.01064542, 0.01), (0.11564868, 0.01483049, 0.01), (0.00479718, 0.03163838, 0.01), (0.12014116, 0.01339988, 0.01), (0.12396764, 0.01064542, 0.01), (0.12014116, -0.01339988, 0.01), (0.11564868, -0.01483049, 0.01), (0.00479718, -0.03163838, 0.01), (-0.02687574, 0.01736936, 0.01), (-0.02221962, 0.02302799, 0.01), (-0.01639828, 0.02747902, 0.01), (-0.009717, 0.03048901, 0.01), (-0.00252615, 0.03190013, 0.01), (-0.03178954, -0.003664, 0.01), (-0.03012247, 0.01079986, 0.01), (-0.009717, -0.03048901, 0.01), (-0.00252615, -0.03190013, 0.01), (-0.02221962, -0.023028, 0.01), (-0.01639828, -0.02747902, 0.01), (-0.03178954, 0.003664, 0.01), (-0.02687574, -0.01736936, 0.01), (-0.03012247, -0.01079986, 0.01)]
            uniform token subdivisionScheme = "none"
            token visibility = "invisible"
            quatd xformOp:orient = (1, 0, 0, 0)
            double3 xformOp:translate = (0, 0, 0)
            uniform token[] xformOpOrder = ["xformOp:translate", "xformOp:orient"]
        }
    }

    def Xform "RR_link2" (
        prepend apiSchemas = ["PhysicsRigidBodyAPI", "PhysicsMassAPI", "PhysicsFilteredPairsAPI"]
    )
    {
        point3f physics:centerOfMass = (0.067499995, -0.0031961587, 0.014)
        float3 physics:diagonalInertia = (0.000030771156, 0.0015746972, 0.0015965083)
        rel physics:filteredPairs = [
            </Robot/base_link>,
            </Robot/L_link1>,
            </Robot/L_link2>,
            </Robot/L_link3>,
            </Robot/LLL_link2>,
            </Robot/LLL_link1>,
            </Robot/R_link1>,
            </Robot/R_link2>,
            </Robot/R_link3>,
            </Robot/RRR_link2>,
            </Robot/RRR_link1>,
            </Robot/LL_link1>,
            </Robot/LL_link2>,
            </Robot/LL_link3>,
            </Robot/LL_link4>,
            </Robot/RR_link1>,
            </Robot/RR_link3>,
            </Robot/RR_link4>,
        ]
        float physics:mass = 0.84
        quatf physics:principalAxes = (1, 2.1014289e-16, -4.6837597e-17, 1.3383163e-8)
        bool physics:rigidBodyEnabled = 1
        quatd xformOp:orient = (0.2343191978105877, -0.2353763162606652, 0.6684908969517555, 0.6654415255855316)
        double3 xformOp:translate = (0.09912495917380912, -0.1942556379369121, 0.2658040489248335)
        uniform token[] xformOpOrder = ["xformOp:translate", "xformOp:orient"]

        def "Visual" (
            prepend references = @meshes/visuals.usdc@</Visuals/RR_link2>
        )
        {
            quatd xformOp:orient = (1, 0, 0, 0)
            double3 xformOp:translate = (0, 0, 0)
            uniform token[] xformOpOrder = ["xformOp:translate", "xformOp:orient"]
        }

        def Mesh "Collision_000" (
            prepend apiSchemas = ["PhysicsMeshCollisionAPI", "PhysicsCollisionAPI"]
        )
        {
            int[] faceVertexCounts = [3, 3, 3, 3, 3, 3, 3, 3, 3, 3, 3, 3, 3, 3, 3, 3, 3, 3, 3, 3, 3, 3, 3, 3, 3, 3, 3, 3, 3, 3, 3, 3, 3, 3, 3, 3, 3, 3, 3, 3, 3, 3, 3, 3, 3, 3, 3, 3, 3, 3, 3, 3, 3, 3, 3, 3, 3, 3, 3, 3, 3, 3, 3, 3, 3, 3, 3, 3, 3, 3, 3, 3, 3, 3, 3, 3]
            int[] faceVertexIndices = [1, 38, 0, 39, 38, 1, 11, 9, 8, 10, 11, 8, 7, 4, 6, 5, 4, 7, 6, 8, 7, 7, 8, 9, 2, 1, 0, 2, 3, 1, 5, 3, 2, 2, 4, 5, 28, 30, 29, 29, 30, 31, 26, 29, 27, 28, 29, 26, 37, 38, 39, 37, 36, 38, 34, 36, 37, 37, 35, 34, 18, 21, 20, 19, 18, 20, 20, 21, 22, 20, 22, 23, 17, 16, 18, 17, 18, 19, 14, 16, 17, 17, 15, 14, 13, 11, 10, 10, 12, 13, 13, 12, 14, 14, 15, 13, 24, 12, 10, 24, 21, 18, 38, 36, 24, 18, 16, 24, 0, 38, 24, 6, 4, 24, 24, 2, 0, 10, 8, 24, 24, 30, 28, 24, 8, 6, 24, 36, 34, 28, 26, 24, 22, 21, 24, 4, 2, 24, 24, 16, 14, 14, 12, 24, 34, 32, 24, 24, 32, 30, 31, 30, 33, 30, 32, 33, 34, 35, 33, 33, 32, 34, 5, 7, 25, 25, 37, 39, 31, 33, 25, 25, 3, 5, 39, 1, 25, 25, 9, 11, 19, 20, 25, 1, 3, 25, 25, 7, 9, 25, 17, 19, 25, 29, 31, 11, 13, 25, 27, 29, 25, 35, 37, 25, 25, 20, 23, 15, 17, 25, 25, 13, 15, 25, 33, 35, 23, 22, 25, 22, 24, 25, 25, 26, 27, 25, 24, 26]
            uniform token physics:approximation = "convexHull"
            bool physics:collisionEnabled = 1
            point3f[] points = [(0.00024154, 0.01199757, 0.01), (0.00024154, 0.01199757, 0.018), (-0.00390183, 0.01134794, 0.01), (-0.00390183, 0.01134794, 0.018), (-0.00756859, 0.00931217, 0.01), (-0.00756859, 0.00931217, 0.018), (-0.01031085, 0.00613891, 0.01), (-0.01031085, 0.00613891, 0.018), (-0.01179365, 0.0022158, 0.01), (-0.01179365, 0.0022158, 0.018), (-0.01183586, -0.00197797, 0.01), (-0.01183586, -0.00197797, 0.018), (-0.01043233, -0.00593014, 0.01), (-0.01043233, -0.00593014, 0.018), (-0.00775449, -0.00915794, 0.01), (-0.00775449, -0.00915794, 0.018), (-0.00412945, -0.0112671, 0.01), (-0.00412945, -0.0112671, 0.018), (-0, -0.012, 0.01), (-0, -0.012, 0.018), (0.13499999, -0.012, 0.018), (0.13499999, -0.012, 0.01), (0.13912944, -0.0112671, 0.01), (0.13912944, -0.0112671, 0.018), (0.1427545, -0.00915794, 0.01), (0.1427545, -0.00915794, 0.018), (0.14543232, -0.00593013, 0.01), (0.14543232, -0.00593013, 0.018), (0.14683586, -0.00197797, 0.01), (0.14683586, -0.00197797, 0.018), (0.14679365, 0.0022158, 0.01), (0.14679365, 0.0022158, 0.018), (0.14531085, 0.00613891, 0.01), (0.14531085, 0.00613891, 0.018), (0.14256859, 0.00931216, 0.01), (0.14256859, 0.00931216, 0.018), (0.13890183, 0.01134794, 0.01), (0.13890183, 0.01134794, 0.018), (0.13475847, 0.01199757, 0.01), (0.13475847, 0.01199757, 0.018)]
            uniform token subdivisionScheme = "none"
            token visibility = "invisible"
            quatd xformOp:orient = (1, 0, 0, 0)
            double3 xformOp:translate = (0, 0, 0)
            uniform token[] xformOpOrder = ["xformOp:translate", "xformOp:orient"]
        }
    }

    def Xform "RR_link3" (
        prepend apiSchemas = ["PhysicsRigidBodyAPI", "PhysicsMassAPI", "PhysicsFilteredPairsAPI"]
    )
    {
        point3f physics:centerOfMass = (0.098147795, -0.0047064787, 0.0071620787)
        float3 physics:diagonalInertia = (0.0000028458603, 0.00017221244, 0.00017462595)
        rel physics:filteredPairs = [
            </Robot/base_link>,
            </Robot/L_link1>,
            </Robot/L_link2>,
            </Robot/L_link3>,
            </Robot/LLL_link2>,
            </Robot/LLL_link1>,
            </Robot/R_link1>,
            </Robot/R_link2>,
            </Robot/R_link3>,
            </Robot/RRR_link2>,
            </Robot/RRR_link1>,
            </Robot/LL_link1>,
            </Robot/LL_link2>,
            </Robot/LL_link3>,
            </Robot/LL_link4>,
            </Robot/RR_link1>,
            </Robot/RR_link2>,
            </Robot/RR_link4>,
        ]
        float physics:mass = 0.041
        quatf physics:principalAxes = (0.9999965, -0.00025599092, 0.00006054457, 0.0026341255)
        bool physics:rigidBodyEnabled = 1
        quatd xformOp:orient = (-0.29080019571440113, 0.2921525939903995, 0.6457032077558992, 0.6427670460523695)
        double3 xformOp:translate = (-0.006092016712050605, -0.19463936202148602, 0.1812213039867474)
        uniform token[] xformOpOrder = ["xformOp:translate", "xformOp:orient"]

        def "Visual" (
            prepend references = @meshes/visuals.usdc@</Visuals/RR_link3>
        )
        {
            quatd xformOp:orient = (1, 0, 0, 0)
            double3 xformOp:translate = (0, 0, 0)
            uniform token[] xformOpOrder = ["xformOp:translate", "xformOp:orient"]
        }

        def Mesh "Collision_000" (
            prepend apiSchemas = ["PhysicsMeshCollisionAPI", "PhysicsCollisionAPI"]
        )
        {
            int[] faceVertexCounts = [3, 3, 3, 3, 3, 3, 3, 3, 3, 3, 3, 3, 3, 3, 3, 3, 3, 3, 3, 3, 3, 3, 3, 3, 3, 3, 3, 3, 3, 3, 3, 3, 3, 3, 3, 3, 3, 3, 3, 3, 3, 3, 3, 3, 3, 3, 3, 3, 3, 3, 3, 3, 3, 3, 3, 3, 3, 3, 3, 3, 3, 3, 3, 3, 3, 3, 3, 3]
            int[] faceVertexIndices = [12, 11, 28, 28, 11, 27, 18, 35, 14, 14, 0, 18, 12, 28, 13, 28, 29, 13, 7, 13, 25, 25, 13, 29, 6, 25, 24, 7, 25, 6, 32, 31, 8, 17, 32, 8, 27, 11, 26, 11, 10, 26, 16, 33, 32, 16, 32, 17, 5, 23, 22, 5, 22, 4, 5, 6, 24, 24, 23, 5, 18, 0, 19, 0, 1, 19, 19, 1, 2, 2, 20, 19, 21, 3, 4, 4, 22, 21, 2, 3, 21, 21, 20, 2, 9, 8, 30, 30, 8, 31, 30, 10, 9, 30, 26, 10, 34, 28, 27, 24, 25, 34, 27, 26, 34, 34, 25, 29, 34, 35, 18, 34, 29, 28, 34, 30, 31, 22, 23, 34, 18, 19, 34, 34, 31, 32, 32, 33, 34, 34, 23, 24, 34, 21, 22, 34, 19, 20, 20, 21, 34, 26, 30, 34, 12, 13, 15, 15, 1, 0, 15, 10, 11, 15, 11, 12, 4, 3, 15, 17, 8, 15, 15, 16, 17, 0, 14, 15, 9, 10, 15, 15, 13, 7, 7, 6, 15, 2, 1, 15, 15, 3, 2, 15, 8, 9, 15, 5, 4, 6, 5, 15, 15, 14, 35, 35, 34, 15, 33, 16, 15, 15, 34, 33]
            uniform token physics:approximation = "convexHull"
            bool physics:collisionEnabled = 1
            point3f[] points = [(0.1994011, 0.01094407, 0.0112), (0.20412973, 0.01038701, 0.0112), (0.20817997, 0.00788386, 0.0112), (0.210793, 0.00390362, 0.0112), (0.21147922, -0.00080801, 0.0112), (0.21011008, -0.00536824, 0.0112), (0.2069421, -0.0089227, 0.0112), (0.20256881, -0.01080542, 0.0112), (-0.01074759, -0.00234292, 0.0112), (-0.00883485, -0.00655328, 0.0112), (-0.00536061, -0.00960541, 0.0112), (-0.00093893, -0.01095985, 0.0112), (0.13356838, -0.02248307, 0.0112), (0.13639918, -0.0223593, 0.0112), (-0.00100146, 0.01095432, 0.0112), (-0.00541534, 0.00957466, 0.0112), (-0.0088721, 0.00650275, 0.0112), (-0.01076079, 0.00228154, 0.0112), (0.1994011, 0.01094407, 0.0032), (0.20412973, 0.01038701, 0.0032), (0.20817997, 0.00788386, 0.0032), (0.210793, 0.00390362, 0.0032), (0.21147922, -0.00080801, 0.0032), (0.21011008, -0.00536824, 0.0032), (0.2069421, -0.0089227, 0.0032), (0.20256881, -0.01080542, 0.0032), (-0.00536061, -0.00960541, 0.0032), (-0.00093893, -0.01095985, 0.0032), (0.13356838, -0.02248307, 0.0032), (0.13639918, -0.0223593, 0.0032), (-0.00883485, -0.00655328, 0.0032), (-0.01074759, -0.00234292, 0.0032), (-0.01076079, 0.00228154, 0.0032), (-0.0088721, 0.00650275, 0.0032), (-0.00541534, 0.00957466, 0.0032), (-0.00100146, 0.01095432, 0.0032)]
            uniform token subdivisionScheme = "none"
            token visibility = "invisible"
            quatd xformOp:orient = (1, 0, 0, 0)
            double3 xformOp:translate = (0, 0, 0)
            uniform token[] xformOpOrder = ["xformOp:translate", "xformOp:orient"]
        }
    }

    def Xform "RR_link4" (
        prepend apiSchemas = ["PhysicsRigidBodyAPI", "PhysicsMassAPI", "PhysicsFilteredPairsAPI"]
    )
    {
        point3f physics:centerOfMass = (0.048482936, 0.0014755924, 0.0152)
        float3 physics:diagonalInertia = (0.0000019657643, 0.00006301904, 0.00006430214)
        rel physics:filteredPairs = [
            </Robot/base_link>,
            </Robot/L_link1>,
            </Robot/L_link2>,
            </Robot/L_link3>,
            </Robot/LLL_link2>,
            </Robot/LLL_link1>,
            </Robot/R_link1>,
            </Robot/R_link2>,
            </Robot/R_link3>,
            </Robot/RRR_link2>,
            </Robot/RRR_link1>,
            </Robot/LL_link1>,
            </Robot/LL_link2>,
            </Robot/LL_link3>,
            </Robot/LL_link4>,
            </Robot/RR_link1>,
            </Robot/RR_link2>,
            </Robot/RR_link3>,
        ]
        float physics:mass = 0.064
        quatf physics:principalAxes = (0.99999964, -2.3938938e-16, 2.1966841e-16, -0.0008170335)
        bool physics:rigidBodyEnabled = 1
        quatd xformOp:orient = (0.14707595813226454, -0.1477374075385755, 0.6931478690009247, 0.6899915598416652)
        double3 xformOp:translate = (-0.1384615436610664, -0.19394676667429245, 0.3318270434091838)
        uniform token[] xformOpOrder = ["xformOp:translate", "xformOp:orient"]

        def "Visual" (
            prepend references = @meshes/visuals.usdc@</Visuals/RR_link4>
        )
        {
            quatd xformOp:orient = (1, 0, 0, 0)
            double3 xformOp:translate = (0, 0, 0)
            uniform token[] xformOpOrder = ["xformOp:translate", "xformOp:orient"]
        }

        def Mesh "Collision_000" (
            prepend apiSchemas = ["PhysicsMeshCollisionAPI", "PhysicsCollisionAPI"]
        )
        {
            int[] faceVertexCounts = [3, 3, 3, 3, 3, 3, 3, 3, 3, 3, 3, 3, 3, 3, 3, 3, 3, 3, 3, 3, 3, 3, 3, 3, 3, 3, 3, 3, 3, 3, 3, 3, 3, 3, 3, 3, 3, 3, 3, 3, 3, 3, 3, 3, 3, 3, 3, 3, 3, 3, 3, 3, 3, 3, 3, 3, 3, 3, 3, 3, 3, 3, 3, 3, 3, 3, 3, 3, 3, 3, 3, 3, 3, 3, 3, 3, 3, 3, 3, 3, 3, 3, 3, 3]
            int[] faceVertexIndices = [23, 20, 22, 23, 21, 20, 20, 21, 18, 21, 19, 18, 0, 1, 43, 43, 42, 0, 3, 1, 0, 0, 2, 3, 36, 39, 37, 38, 39, 36, 29, 26, 28, 27, 26, 29, 16, 18, 17, 17, 18, 19, 41, 42, 43, 41, 40, 42, 41, 39, 38, 38, 40, 41, 28, 30, 31, 31, 29, 28, 10, 12, 11, 11, 12, 13, 11, 8, 10, 9, 8, 11, 2, 4, 5, 3, 2, 5, 32, 30, 24, 10, 8, 24, 22, 20, 24, 16, 14, 24, 24, 34, 32, 24, 4, 2, 42, 40, 24, 38, 36, 24, 20, 18, 24, 24, 30, 28, 24, 0, 42, 24, 18, 16, 6, 4, 24, 2, 0, 24, 24, 36, 34, 24, 40, 38, 28, 26, 24, 24, 12, 10, 24, 14, 12, 24, 8, 6, 24, 23, 22, 24, 25, 23, 24, 26, 27, 27, 25, 24, 34, 36, 35, 35, 36, 37, 12, 14, 15, 13, 12, 15, 16, 17, 15, 15, 14, 16, 6, 8, 7, 7, 8, 9, 7, 4, 6, 7, 5, 4, 33, 17, 19, 33, 11, 13, 43, 1, 33, 21, 23, 33, 33, 19, 21, 33, 1, 3, 37, 39, 33, 33, 41, 43, 27, 29, 33, 23, 25, 33, 33, 35, 37, 29, 31, 33, 39, 41, 33, 33, 25, 27, 3, 5, 33, 9, 11, 33, 13, 15, 33, 33, 7, 9, 33, 15, 17, 5, 7, 33, 33, 30, 32, 33, 31, 30, 32, 34, 33, 34, 35, 33]
            uniform token physics:approximation = "convexHull"
            bool physics:collisionEnabled = 1
            point3f[] points = [(0.00089673, 0.01096339, 0.0112), (0.00089673, 0.01096339, 0.0192), (-0.00252456, 0.01070638, 0.0112), (-0.00252456, 0.01070638, 0.0192), (-0.00570025, 0.00940782, 0.0112), (-0.00570025, 0.00940782, 0.0192), (-0.0083214, 0.00719405, 0.0112), (-0.0083214, 0.00719405, 0.0192), (-0.01013302, 0.00428041, 0.0112), (-0.01013302, 0.00428041, 0.0192), (-0.01095887, 0.00095036, 0.0112), (-0.01095887, 0.00095036, 0.0192), (-0.01071861, -0.00247214, 0.0112), (-0.01071861, -0.00247214, 0.0192), (-0.0094356, -0.00565414, 0.0112), (-0.0094356, -0.00565414, 0.0192), (-0.00723469, -0.0082861, 0.0112), (-0.00723469, -0.0082861, 0.0192), (-0.00432994, -0.01011195, 0.0112), (-0.00432994, -0.01011195, 0.0192), (-0.00100398, -0.01095409, 0.0112), (-0.00100398, -0.01095409, 0.0192), (0.0968497, -0.01099716, 0.0112), (0.0968497, -0.01099716, 0.0192), (0.10029041, -0.01036247, 0.0112), (0.10029041, -0.01036247, 0.0192), (0.10335777, -0.00867943, 0.0112), (0.10335777, -0.00867943, 0.0192), (0.10574146, -0.0061183, 0.0112), (0.10574146, -0.0061183, 0.0192), (0.10720033, -0.0029382, 0.0112), (0.10720033, -0.0029382, 0.0192), (0.10758678, 0.00053916, 0.0112), (0.10758678, 0.00053916, 0.0192), (0.10686172, 0.00396196, 0.0112), (0.10686172, 0.00396196, 0.0192), (0.10509849, 0.00698395, 0.0112), (0.10509849, 0.00698395, 0.0192), (0.1024755, 0.00929938, 0.0112), (0.1024755, 0.00929938, 0.0192), (0.09925809, 0.01067401, 0.0112), (0.09925809, 0.01067401, 0.0192), (0.09577177, 0.01096878, 0.0112), (0.09577177, 0.01096878, 0.0192)]
            uniform token subdivisionScheme = "none"
            token visibility = "invisible"
            quatd xformOp:orient = (1, 0, 0, 0)
            double3 xformOp:translate = (0, 0, 0)
            uniform token[] xformOpOrder = ["xformOp:translate", "xformOp:orient"]
        }
    }

    def "tree_joints"
    {
        def PhysicsRevoluteJoint "L_joint1"
        {
            uniform token physics:axis = "Z"
            rel physics:body0 = </Robot/base_link>
            rel physics:body1 = </Robot/L_link1>
            uniform bool physics:excludeFromArticulation = 0
            point3f physics:localPos0 = (0, 0.1838, -0.00083697)
            point3f physics:localPos1 = (0, 0, 0)
            quatf physics:localRot0 = (0.63569164, 0.632773, -0.31192392, 0.31336555)
            quatf physics:localRot1 = (9.163872e-17, 0.44214758, 0.8969423, 0)
        }

        def PhysicsRevoluteJoint "R_joint1"
        {
            uniform token physics:axis = "Z"
            rel physics:body0 = </Robot/base_link>
            rel physics:body1 = </Robot/R_link1>
            uniform bool physics:excludeFromArticulation = 0
            point3f physics:localPos0 = (0, -0.1828, 0.00083241)
            point3f physics:localPos1 = (0, 0, 0)
            quatf physics:localRot0 = (-0.0000012956814, -0.0000013016601, 0.70873255, 0.70547724)
            quatf physics:localRot1 = (1, -1.3444107e-17, -2.7272767e-17, 0)
        }

        def PhysicsRevoluteJoint "LL_joint1"
        {
            uniform token physics:axis = "Z"
            rel physics:body0 = </Robot/base_link>
            rel physics:body1 = </Robot/LL_link1>
            uniform bool physics:excludeFromArticulation = 0
            point3f physics:localPos0 = (0, 0.195, -0.00088797)
            point3f physics:localPos1 = (0, 0, 0)
            quatf physics:localRot0 = (0.5612001, 0.55862087, 0.43086067, -0.43284675)
            quatf physics:localRot1 = (0.0000235873, 0.89061236, 0.45476326, -1.9021361e-21)
        }

        def PhysicsRevoluteJoint "RR_joint1"
        {
            uniform token physics:axis = "Z"
            rel physics:body0 = </Robot/base_link>
            rel physics:body1 = </Robot/RR_link1>
            uniform bool physics:excludeFromArticulation = 0
            point3f physics:localPos0 = (0, -0.194, 0.00088342)
            point3f physics:localPos1 = (0, 0, 0)
            quatf physics:localRot0 = (-0.6934542, 0.6966545, -0.13028549, -0.12968962)
            quatf physics:localRot1 = (1, -0.000021007141, -0.000010726637, 0)
        }

        def PhysicsRevoluteJoint "L_joint2"
        {
            uniform token physics:axis = "Z"
            rel physics:body0 = </Robot/L_link1>
            rel physics:body1 = </Robot/L_link2>
            uniform bool physics:excludeFromArticulation = 0
            point3f physics:localPos0 = (0.21, 0, 0)
            point3f physics:localPos1 = (0, 0, 0)
            quatf physics:localRot0 = (-0.3821727, -2.0156398e-17, 2.2638153e-17, 0.9240909)
            quatf physics:localRot1 = (1, 2.8622937e-17, 9.97466e-18, 0)
            float physics:lowerLimit = -9.936659
            float physics:upperLimit = 35.06334
        }

        def PhysicsRevoluteJoint "R_jonit2"
        {
            uniform token physics:axis = "Z"
            rel physics:body0 = </Robot/R_link1>
            rel physics:body1 = </Robot/R_link2>
            uniform bool physics:excludeFromArticulation = 0
            point3f physics:localPos0 = (0.21, 0, 0)
            point3f physics:localPos1 = (0, 0, 0)
            quatf physics:localRot0 = (3.4985425e-17, -0.66498274, 0.7468587, -8.459452e-17)
            quatf physics:localRot1 = (-9.1543496e-17, 0.94430363, 0.32907552, 0)
            float physics:lowerLimit = -35.06334
            float physics:upperLimit = 9.936659
        }

        def PhysicsRevoluteJoint "LL_joint2"
        {
            uniform token physics:axis = "Z"
            rel physics:body0 = </Robot/LL_link1>
            rel physics:body1 = </Robot/LL_link2>
            uniform bool physics:excludeFromArticulation = 0
            point3f physics:localPos0 = (0.1134, 0, 0)
            point3f physics:localPos1 = (0, 0, 0)
            quatf physics:localRot0 = (0.3821727, -0.000017940743, 0.00001531308, 0.9240909)
            quatf physics:localRot1 = (1, 0.0000072942157, 0.000022431119, 0)
        }

        def PhysicsRevoluteJoint "RR_joint2"
        {
            uniform token physics:axis = "Z"
            rel physics:body0 = </Robot/RR_link1>
            rel physics:body1 = </Robot/RR_link2>
            uniform bool physics:excludeFromArticulation = 0
            point3f physics:localPos0 = (0.1134, 0, 0)
            point3f physics:localPos1 = (0, 0, 0)
            quatf physics:localRot0 = (0.3821727, -0.000017940743, 0.00001531308, 0.9240909)
            quatf physics:localRot1 = (1, 0.0000072942157, 0.000022431119, 0)
        }

        def PhysicsRevoluteJoint "L_joint3"
        {
            uniform token physics:axis = "Z"
            rel physics:body0 = </Robot/L_link2>
            rel physics:body1 = </Robot/L_link3>
            uniform bool physics:excludeFromArticulation = 0
            point3f physics:localPos0 = (0.25, 0, 0.015)
            point3f physics:localPos1 = (0, 0, 0)
            quatf physics:localRot0 = (-0.70710546, -1.3186373e-17, -2.698594e-17, 0.7071081)
            quatf physics:localRot1 = (1, -9.7578196e-18, 2.8406097e-17, 0)
        }

        def PhysicsRevoluteJoint "LLL_joint2"
        {
            uniform token physics:axis = "Z"
            rel physics:body0 = </Robot/L_link2>
            rel physics:body1 = </Robot/LLL_link2>
            uniform bool physics:excludeFromArticulation = 0
            point3f physics:localPos0 = (0.050754, 0.005, -0.002)
            point3f physics:localPos1 = (0, 0, 0)
            quatf physics:localRot0 = (-8.5726464e-17, 0.7737692, 0.6334677, 3.2646023e-17)
            quatf physics:localRot1 = (-9.1732166e-17, 0.49766946, 0.8673668, 0)
        }

        def PhysicsRevoluteJoint "R_joint3"
        {
            uniform token physics:axis = "Z"
            rel physics:body0 = </Robot/R_link2>
            rel physics:body1 = </Robot/R_link3>
            uniform bool physics:excludeFromArticulation = 0
            point3f physics:localPos0 = (0.25, 0, -0.015)
            point3f physics:localPos1 = (0, 0, 0)
            quatf physics:localRot0 = (-4.7909267e-22, -0.33542857, 0.94206566, -1.3042906e-16)
            quatf physics:localRot1 = (-1.3042906e-16, 0.9420644, 0.33543202, 0)
        }

        def PhysicsRevoluteJoint "RRR_joint2"
        {
            uniform token physics:axis = "Z"
            rel physics:body0 = </Robot/R_link2>
            rel physics:body1 = </Robot/RRR_link2>
            uniform bool physics:excludeFromArticulation = 0
            point3f physics:localPos0 = (0.050754, 0.005, 0.002)
            point3f physics:localPos1 = (0, 0, 0)
            quatf physics:localRot0 = (0.9345301, 2.3599824e-17, 1.9320651e-17, -0.35588416)
            quatf physics:localRot1 = (1, 1.517883e-17, 2.6454533e-17, 0)
        }

        def PhysicsRevoluteJoint "LL_joint3"
        {
            uniform token physics:axis = "Z"
            rel physics:body0 = </Robot/LL_link2>
            rel physics:body1 = </Robot/LL_link3>
            uniform bool physics:excludeFromArticulation = 0
            point3f physics:localPos0 = (0.135, 0, 0)
            point3f physics:localPos1 = (0, 0, 0)
            quatf physics:localRot0 = (0.8008399, 0.000019275014, 0.000013595385, 0.5988785)
            quatf physics:localRot1 = (1, 0.000023578184, -6.5566536e-7, 0)
        }

        def PhysicsRevoluteJoint "RR_joint3"
        {
            uniform token physics:axis = "Z"
            rel physics:body0 = </Robot/RR_link2>
            rel physics:body1 = </Robot/RR_link3>
            uniform bool physics:excludeFromArticulation = 0
            point3f physics:localPos0 = (0.135, 0, 0)
            point3f physics:localPos1 = (0, 0, 0)
            quatf physics:localRot0 = (0.8008399, 0.000019275014, 0.000013595385, 0.5988785)
            quatf physics:localRot1 = (1, 0.000023578184, -6.5566536e-7, 0)
        }

        def PhysicsPrismaticJoint "L_spring_slide"
        {
            uniform token physics:axis = "X"
            rel physics:body0 = </Robot/LLL_link2>
            rel physics:body1 = </Robot/LLL_link1>
            uniform bool physics:excludeFromArticulation = 0
            point3f physics:localPos0 = (0.16227283, -0.000004556152, -2.7755576e-17)
            point3f physics:localPos1 = (0, 0, 0)
            quatf physics:localRot0 = (1, 7.828914e-12, -1.00432286e-16, -0.0000140385555)
            quatf physics:localRot1 = (0.0000012117606, 1.540744e-33, 7.828913e-12, 1)
            float physics:lowerLimit = -0.0054702344
            float physics:upperLimit = 0.07452977
        }

        def PhysicsPrismaticJoint "R_spring_slide"
        {
            uniform token physics:axis = "X"
            rel physics:body0 = </Robot/RRR_link2>
            rel physics:body1 = </Robot/RRR_link1>
            uniform bool physics:excludeFromArticulation = 0
            point3f physics:localPos0 = (0.16227283, -0.000004556152, 0)
            point3f physics:localPos1 = (0, 0, 0)
            quatf physics:localRot0 = (1, -6.274315e-11, 8.047811e-16, -0.0000140385555)
            quatf physics:localRot1 = (0.0000012117606, 0, -6.274315e-11, 1)
            float physics:lowerLimit = -0.0054702344
            float physics:upperLimit = 0.07452977
        }

        def PhysicsRevoluteJoint "LL_link4"
        {
            uniform token physics:axis = "Z"
            rel physics:body0 = </Robot/LL_link3>
            rel physics:body1 = </Robot/LL_link4>
            uniform bool physics:excludeFromArticulation = 0
            point3f physics:localPos0 = (0.20051, 0, 0)
            point3f physics:localPos1 = (0, 0, 0)
            quatf physics:localRot0 = (0.90692693, 0.000021659915, 0.000009338565, -0.42128798)
            quatf physics:localRot1 = (1, 0.000015709735, 0.000017594457, 0)
        }

        def PhysicsRevoluteJoint "RR_joint4"
        {
            uniform token physics:axis = "Z"
            rel physics:body0 = </Robot/RR_link3>
            rel physics:body1 = </Robot/RR_link4>
            uniform bool physics:excludeFromArticulation = 0
            point3f physics:localPos0 = (0.20051, 0, 0)
            point3f physics:localPos1 = (0, 0, 0)
            quatf physics:localRot0 = (0.90692693, 0.000021659915, 0.000009338565, -0.42128798)
            quatf physics:localRot1 = (1, 0.000015709735, 0.000017594457, 0)
        }
    }

    def "loop_joints"
    {
        def PhysicsSphericalJoint "L_rocker_P"
        {
            rel physics:body0 = </Robot/L_link1>
            rel physics:body1 = </Robot/LL_link3>
            uniform bool physics:excludeFromArticulation = 1
            point3f physics:localPos0 = (0.1134, 0, 0)
            point3f physics:localPos1 = (0.13450731, -0.011522671, -0.011204107)
            quatf physics:localRot0 = (1, 0, 0, 0)
            quatf physics:localRot1 = (1, 0, 0, 0)
        }

        def PhysicsSphericalJoint "L_upper_E"
        {
            rel physics:body0 = </Robot/L_link2>
            rel physics:body1 = </Robot/LL_link4>
            uniform bool physics:excludeFromArticulation = 1
            point3f physics:localPos0 = (-0.0647772, -0.0171149, 0)
            point3f physics:localPos1 = (0.09659961, 3.5211409e-7, -0.011206876)
            quatf physics:localRot0 = (1, 0, 0, 0)
            quatf physics:localRot1 = (1, 0, 0, 0)
        }

        def PhysicsSphericalJoint "L_spring_upper_mount"
        {
            rel physics:body0 = </Robot/L_link1>
            rel physics:body1 = </Robot/LLL_link1>
            uniform bool physics:excludeFromArticulation = 1
            point3f physics:localPos0 = (0.01559, -0.048559, -0.002)
            point3f physics:localPos1 = (1.7347235e-18, 6.938894e-18, -2.7755576e-17)
            quatf physics:localRot0 = (1, 0, 0, 0)
            quatf physics:localRot1 = (1, 0, 0, 0)
        }

        def PhysicsSphericalJoint "R_rocker_P"
        {
            rel physics:body0 = </Robot/R_link1>
            rel physics:body1 = </Robot/RR_link3>
            uniform bool physics:excludeFromArticulation = 1
            point3f physics:localPos0 = (0.1134, 0, 0)
            point3f physics:localPos1 = (0.13450728, -0.011523728, 0.011196125)
            quatf physics:localRot0 = (1, 0, 0, 0)
            quatf physics:localRot1 = (1, 0, 0, 0)
        }

        def PhysicsSphericalJoint "R_upper_E"
        {
            rel physics:body0 = </Robot/R_link2>
            rel physics:body1 = </Robot/RR_link4>
            uniform bool physics:excludeFromArticulation = 1
            point3f physics:localPos0 = (-0.0647772, -0.0171149, 0)
            point3f physics:localPos1 = (0.09660039, -3.5168932e-7, 0.0111933565)
            quatf physics:localRot0 = (1, 0, 0, 0)
            quatf physics:localRot1 = (1, 0, 0, 0)
        }

        def PhysicsSphericalJoint "R_spring_upper_mount"
        {
            rel physics:body0 = </Robot/R_link1>
            rel physics:body1 = </Robot/RRR_link1>
            uniform bool physics:excludeFromArticulation = 1
            point3f physics:localPos0 = (0.01559, -0.048559, 0.002)
            point3f physics:localPos1 = (0, 0, -2.7755576e-17)
            quatf physics:localRot0 = (1, 0, 0, 0)
            quatf physics:localRot1 = (1, 0, 0, 0)
        }
    }
}

