#usda 1.0
(
    defaultPrim = "Robot"
    kilogramsPerUnit = 1
    metersPerUnit = 1
    upAxis = "Z"
)

def Xform "Robot" (
    customData = {
        string control_coordinate_scope = "equivalent_output_joints_not_hardware_mapping"
        bool hardware_deployment_ready = 0
        string model_kind = "coupled_fourbar_research"
    }
)
{
    def Xform "base_link" (
        prepend apiSchemas = ["PhysicsRigidBodyAPI", "PhysicsMassAPI", "PhysicsFilteredPairsAPI", "PhysicsArticulationRootAPI", "PhysxArticulationAPI"]
    )
    {
        point3f physics:centerOfMass = (-0.005, 0.0003, -0.053)
        float3 physics:diagonalInertia = (0.12599663, 0.17778148, 0.25522187)
        rel physics:filteredPairs = [
            </Robot/L_crank>,
            </Robot/L_lower_coupler>,
            </Robot/L_link1>,
            </Robot/L_rocker>,
            </Robot/L_upper_coupler>,
            </Robot/L_link2>,
            </Robot/L_link3>,
            </Robot/R_crank>,
            </Robot/R_lower_coupler>,
            </Robot/R_link1>,
            </Robot/R_rocker>,
            </Robot/R_upper_coupler>,
            </Robot/R_link2>,
            </Robot/R_link3>,
        ]
        float physics:mass = 10.8
        quatf physics:principalAxes = (0.02020097, -0.7049087, 0.7087944, -0.01749595)
        bool physics:rigidBodyEnabled = 1
        custom bool physxArticulation:enabledSelfCollisions = 0
        quatd xformOp:orient = (1, 0, 0, 0)
        double3 xformOp:translate = (0, 0, 0.32)
        uniform token[] xformOpOrder = ["xformOp:translate", "xformOp:orient"]

        def "Visual" (
            prepend references = @meshes/visuals.usdc@</Visuals/base>
        )
        {
            quatd xformOp:orient = (0.7071067811865477, 0, 0, 0.7071067811865475)
            double3 xformOp:translate = (0, 0, 0)
            uniform token[] xformOpOrder = ["xformOp:translate", "xformOp:orient"]
        }

        def Mesh "Collision_000" (
            prepend apiSchemas = ["PhysicsMeshCollisionAPI", "PhysicsCollisionAPI"]
        )
        {
            int[] faceVertexCounts = [3, 3, 3, 3, 3, 3, 3, 3, 3, 3, 3, 3, 3, 3, 3, 3, 3, 3, 3, 3, 3, 3, 3, 3, 3, 3, 3, 3, 3, 3, 3, 3, 3, 3, 3, 3, 3, 3, 3, 3, 3, 3, 3, 3, 3, 3, 3, 3, 3, 3, 3, 3, 3, 3, 3, 3, 3, 3, 3, 3, 3, 3, 3, 3, 3, 3, 3, 3, 3, 3, 3, 3, 3, 3, 3, 3, 3, 3, 3, 3, 3, 3, 3, 3, 3, 3, 3, 3, 3, 3, 3, 3, 3, 3, 3, 3, 3, 3, 3, 3, 3, 3, 3, 3, 3, 3, 3, 3, 3, 3, 3, 3, 3, 3, 3, 3, 3, 3, 3, 3, 3, 3, 3, 3, 3, 3, 3, 3, 3, 3, 3, 3, 3, 3, 3, 3, 3, 3, 3, 3, 3, 3, 3, 3, 3, 3, 3, 3, 3, 3, 3, 3, 3, 3, 3, 3, 3, 3, 3, 3, 3, 3, 3, 3, 3, 3, 3, 3, 3, 3, 3, 3, 3, 3, 3, 3, 3, 3, 3, 3, 3, 3, 3, 3, 3, 3, 3, 3, 3, 3, 3, 3, 3, 3, 3, 3, 3, 3, 3, 3, 3, 3, 3, 3, 3, 3, 3, 3, 3, 3, 3, 3, 3, 3, 3, 3, 3, 3, 3, 3, 3, 3, 3, 3, 3, 3, 3, 3, 3, 3, 3, 3, 3, 3, 3, 3, 3, 3, 3, 3, 3, 3, 3, 3, 3, 3, 3, 3, 3, 3, 3, 3, 3, 3, 3, 3, 3, 3, 3, 3, 3, 3, 3, 3, 3, 3, 3, 3, 3, 3, 3, 3, 3, 3, 3, 3, 3, 3, 3, 3, 3, 3, 3, 3, 3, 3, 3, 3, 3, 3, 3, 3, 3, 3, 3, 3, 3, 3, 3, 3, 3, 3, 3, 3, 3, 3, 3, 3, 3, 3, 3, 3, 3, 3, 3, 3, 3, 3, 3, 3, 3, 3, 3, 3, 3, 3, 3, 3, 3, 3, 3, 3, 3, 3, 3, 3, 3, 3, 3, 3, 3, 3]
            int[] faceVertexIndices = [0, 1, 70, 0, 2, 12, 0, 10, 11, 0, 11, 1, 0, 12, 14, 0, 14, 10, 0, 36, 38, 0, 38, 2, 0, 69, 36, 0, 70, 69, 1, 3, 39, 1, 11, 15, 1, 13, 3, 1, 15, 13, 1, 37, 70, 1, 39, 37, 2, 4, 12, 2, 38, 40, 2, 40, 42, 2, 42, 4, 3, 5, 43, 3, 13, 5, 3, 41, 39, 3, 43, 41, 4, 6, 12, 4, 42, 6, 5, 7, 43, 5, 13, 7, 6, 8, 12, 6, 42, 8, 7, 9, 43, 7, 13, 9, 8, 42, 44, 8, 44, 12, 9, 13, 45, 9, 45, 43, 10, 14, 18, 10, 18, 11, 11, 18, 19, 11, 19, 15, 12, 16, 18, 12, 18, 14, 12, 44, 16, 13, 15, 19, 13, 17, 45, 13, 19, 17, 16, 44, 46, 16, 46, 48, 16, 48, 18, 17, 19, 49, 17, 47, 45, 17, 49, 47, 18, 20, 21, 18, 21, 19, 18, 24, 28, 18, 28, 20, 18, 48, 52, 18, 52, 24, 19, 21, 29, 19, 25, 53, 19, 29, 25, 19, 53, 49, 20, 22, 21, 20, 23, 22, 20, 26, 34, 20, 28, 26, 20, 34, 23, 21, 22, 23, 21, 23, 35, 21, 27, 29, 21, 35, 27, 23, 32, 33, 23, 33, 35, 23, 34, 32, 24, 52, 28, 25, 29, 53, 26, 28, 34, 27, 35, 29, 28, 30, 58, 28, 50, 34, 28, 52, 54, 28, 54, 30, 28, 58, 50, 29, 31, 55, 29, 35, 51, 29, 51, 59, 29, 55, 53, 29, 59, 31, 30, 54, 74, 30, 74, 78, 30, 78, 98, 30, 98, 138, 30, 110, 58, 30, 138, 110, 31, 59, 111, 31, 111, 139, 31, 139, 55, 32, 34, 33, 33, 34, 35, 34, 50, 56, 34, 56, 128, 34, 112, 35, 34, 128, 112, 35, 57, 51, 35, 112, 113, 35, 113, 129, 35, 129, 57, 36, 69, 38, 37, 39, 70, 38, 62, 65, 38, 65, 66, 38, 66, 67, 38, 67, 40, 38, 69, 62, 39, 41, 68, 39, 63, 70, 39, 64, 63, 39, 68, 64, 40, 60, 87, 40, 67, 60, 40, 83, 42, 40, 87, 83, 41, 43, 84, 41, 61, 68, 41, 84, 88, 41, 88, 61, 42, 79, 44, 42, 83, 79, 43, 45, 80, 43, 80, 84, 44, 52, 46, 44, 79, 81, 44, 81, 52, 45, 47, 53, 45, 53, 82, 45, 82, 80, 46, 52, 48, 47, 49, 53, 50, 58, 110, 50, 110, 128, 50, 128, 56, 51, 57, 129, 51, 111, 59, 51, 129, 111, 52, 73, 54, 52, 81, 73, 53, 55, 82, 54, 73, 74, 55, 86, 82, 55, 89, 86, 55, 109, 89, 55, 139, 109, 60, 67, 122, 60, 122, 87, 61, 88, 123, 61, 123, 68, 62, 69, 75, 62, 71, 65, 62, 75, 71, 63, 64, 72, 63, 72, 76, 63, 76, 70, 64, 68, 106, 64, 104, 72, 64, 106, 104, 65, 71, 103, 65, 103, 66, 66, 103, 105, 66, 105, 67, 67, 105, 107, 67, 107, 122, 68, 108, 106, 68, 123, 108, 69, 70, 76, 69, 76, 75, 71, 75, 103, 72, 104, 76, 73, 77, 78, 73, 78, 74, 73, 81, 85, 73, 85, 77, 75, 76, 101, 75, 101, 103, 76, 102, 101, 76, 104, 102, 77, 85, 99, 77, 98, 78, 77, 99, 98, 79, 83, 85, 79, 85, 81, 80, 82, 86, 80, 86, 84, 83, 87, 85, 84, 86, 93, 84, 93, 88, 85, 87, 90, 85, 90, 92, 85, 92, 99, 86, 89, 93, 87, 122, 90, 88, 91, 123, 88, 93, 91, 89, 109, 93, 90, 94, 96, 90, 96, 92, 90, 122, 124, 90, 124, 94, 91, 93, 97, 91, 95, 125, 91, 97, 95, 91, 125, 123, 92, 96, 99, 93, 109, 115, 93, 115, 97, 94, 124, 96, 95, 97, 125, 96, 116, 99, 96, 124, 126, 96, 126, 116, 97, 115, 117, 97, 117, 127, 97, 127, 125, 98, 99, 100, 98, 100, 140, 98, 140, 138, 99, 114, 100, 99, 116, 114, 100, 114, 140, 101, 102, 151, 101, 120, 103, 101, 132, 120, 101, 151, 132, 102, 104, 121, 102, 121, 133, 102, 133, 152, 102, 152, 151, 103, 120, 105, 104, 106, 121, 105, 120, 107, 106, 108, 121, 107, 120, 122, 108, 123, 121, 109, 139, 141, 109, 141, 115, 110, 138, 140, 110, 140, 142, 110, 142, 128, 111, 129, 143, 111, 141, 139, 111, 143, 141, 112, 128, 129, 112, 129, 113, 114, 116, 142, 114, 142, 140, 115, 141, 143, 115, 143, 117, 116, 118, 169, 116, 126, 131, 116, 131, 118, 116, 146, 142, 116, 169, 146, 117, 119, 130, 117, 130, 127, 117, 143, 147, 117, 147, 170, 117, 170, 119, 118, 131, 165, 118, 165, 169, 119, 166, 130, 119, 170, 166, 120, 132, 151, 120, 151, 153, 120, 153, 122, 121, 123, 154, 121, 152, 133, 121, 154, 152, 122, 153, 124, 123, 125, 154, 124, 153, 155, 124, 155, 157, 124, 157, 126, 125, 127, 158, 125, 156, 154, 125, 158, 156, 126, 157, 159, 126, 159, 161, 126, 161, 165, 126, 165, 131, 127, 130, 166, 127, 160, 158, 127, 162, 160, 127, 166, 162, 128, 134, 136, 128, 136, 129, 128, 142, 134, 129, 135, 143, 129, 136, 137, 129, 137, 135, 134, 142, 144, 134, 144, 171, 134, 148, 149, 134, 149, 136, 134, 171, 148, 135, 137, 149, 135, 145, 143, 135, 149, 172, 135, 172, 145, 136, 149, 137, 142, 146, 169, 142, 169, 171, 142, 171, 144, 143, 145, 172, 143, 170, 147, 143, 172, 170, 148, 171, 149, 149, 150, 172, 149, 171, 150, 150, 171, 172, 151, 152, 154, 151, 154, 153, 153, 154, 163, 153, 157, 155, 153, 161, 157, 153, 163, 161, 154, 156, 158, 154, 158, 162, 154, 162, 164, 154, 164, 163, 157, 161, 159, 158, 160, 162, 161, 163, 165, 162, 166, 164, 163, 164, 167, 163, 167, 171, 163, 171, 165, 164, 166, 172, 164, 168, 167, 164, 172, 168, 165, 171, 169, 166, 170, 172, 167, 168, 172, 167, 172, 171]
            uniform token physics:approximation = "convexHull"
            bool physics:collisionEnabled = 1
            point3f[] points = [(-0.25263172, -0.023, -0.02834989), (-0.25263172, 0.023, -0.02834989), (-0.2526305, -0.024, -0.028081942), (-0.2526305, 0.024, -0.028081942), (-0.25262716, -0.024732051, -0.027349897), (-0.25262716, 0.024732051, -0.027349897), (-0.2526226, -0.025, -0.02634991), (-0.2526226, 0.025, -0.02634991), (-0.2525252, -0.025, -0.0049619316), (-0.2525252, 0.025, -0.0049619316), (-0.2525243, -0.0053973645, -0.0047550835), (-0.2525243, 0.0053973645, -0.0047550835), (-0.25252125, -0.02479896, -0.0040880176), (-0.25252125, 0.02479896, -0.0040880176), (-0.25251633, -0.023425013, -0.003007631), (-0.25251633, 0.023425013, -0.003007631), (-0.2524634, -0.021331763, 0.0086140325), (-0.2524634, 0.021331763, 0.0086140325), (-0.25242144, -0.0152475545, 0.017831124), (-0.25242144, 0.0152475545, 0.017831124), (-0.2523976, -0.0055220933, 0.02306456), (-0.2523976, 0.0055220933, 0.02306456), (-0.24994448, -3.25949e-15, 0.023738418), (-0.1676005, 0.0025100647, 0.044191178), (-0.14796072, -0.109295934, 0.008965685), (-0.14796072, 0.109295934, 0.008965685), (-0.14255299, -0.06209493, 0.03964955), (-0.14255299, 0.06209493, 0.03964955), (-0.14182094, -0.06282698, 0.039646216), (-0.14182094, 0.06282698, 0.039646216), (-0.14082095, -0.06309493, 0.039641663), (-0.14082095, 0.06309493, 0.039641663), (-0.1215834, -0.032284558, 0.050554175), (-0.1215834, 0.032284558, 0.050554175), (-0.11952584, -0.037604295, 0.050544806), (-0.11952584, 0.037604295, 0.050544806), (-0.11765906, -0.0995, -0.14446571), (-0.11765906, 0.0995, -0.14446571), (-0.11608396, -0.2415, -0.12797272), (-0.11608396, 0.2415, -0.12797272), (-0.116080604, -0.24425, -0.12723586), (-0.116080604, 0.24425, -0.12723586), (-0.11604981, -0.2565, -0.120472796), (-0.11604981, 0.2565, -0.120472796), (-0.11601247, -0.2565, -0.11227288), (-0.11601247, 0.2565, -0.11227288), (-0.11581757, -0.2405, -0.069473326), (-0.11581757, 0.2405, -0.069473326), (-0.115397416, -0.239, -0.065475196), (-0.115397416, 0.239, -0.065475196), (-0.11463569, -0.04220154, 0.050522536), (-0.11463569, 0.04220154, 0.050522536), (-0.11429936, -0.24009807, -0.065480195), (-0.11429936, 0.24009807, -0.065480195), (-0.11279937, -0.2405, -0.06548703), (-0.11279937, 0.2405, -0.06548703), (-0.11277115, -0.041156113, 0.050514046), (-0.11277115, 0.041156113, 0.050514046), (-0.1091992, -0.04392698, 0.050497778), (-0.1091992, 0.04392698, 0.050497778), (-0.10608069, -0.24425, -0.1272814), (-0.10608069, 0.24425, -0.1272814), (-0.09219284, -0.14532323, -0.15193811), (-0.09219284, 0.14532323, -0.15193811), (-0.09219138, 0.1471379, -0.15161815), (-0.09219002, -0.14883405, -0.15131907), (-0.09217062, -0.173, -0.14705801), (-0.09216121, -0.18471554, -0.14499226), (-0.09216121, 0.18471554, -0.14499226), (-0.09128495, -0.03, -0.17216907), (-0.09128495, 0.03, -0.17216907), (-0.08399292, -0.14532323, -0.15197545), (-0.08399292, 0.14532323, -0.15197545), (-0.08382115, -0.25156924, -0.07033346), (-0.08381875, -0.2508824, -0.06980643), (-0.08308504, -0.03, -0.17220642), (-0.08308504, 0.03, -0.17220642), (-0.08262116, -0.25156924, -0.07033892), (-0.08261876, -0.2508824, -0.06981189), (-0.059383355, -0.2819776, -0.11273076), (-0.059383355, 0.2819776, -0.11273076), (-0.05936878, -0.2819776, -0.10953079), (-0.05936878, 0.2819776, -0.10953079), (-0.051729765, -0.2835, -0.1127656), (-0.051729765, 0.2835, -0.1127656), (-0.051715195, -0.2835, -0.10956564), (-0.051715195, 0.2835, -0.10956564), (0.0034853935, -0.2835, -0.113017045), (0.0034853935, 0.2835, -0.113017045), (0.0034999652, 0.2835, -0.10981707), (0.050700635, -0.2835, -0.11323205), (0.050700635, 0.2835, -0.11323205), (0.050715204, -0.2835, -0.11003208), (0.050715204, 0.2835, -0.11003208), (0.05835422, -0.2819776, -0.1132669), (0.05835422, 0.2819776, -0.1132669), (0.058368795, -0.2819776, -0.110066935), (0.058368795, 0.2819776, -0.110066935), (0.081979536, -0.2508824, -0.070561424), (0.08317712, -0.25156924, -0.071093924), (0.08317952, -0.2508824, -0.07056689), (0.08971317, -0.03, -0.17299329), (0.08971317, 0.03, -0.17299329), (0.09080527, -0.14532323, -0.15277144), (0.09080527, 0.14532323, -0.15277144), (0.09083033, -0.17654394, -0.14726645), (0.09083033, 0.17654394, -0.14726645), (0.0908369, -0.18471554, -0.14582558), (0.0908369, 0.18471554, -0.14582558), (0.10819833, 0.2405, -0.06649339), (0.109654576, -0.04392698, 0.049501177), (0.109654576, 0.04392698, 0.049501177), (0.111488275, -0.035331372, 0.04949283), (0.111488275, 0.035331372, 0.04949283), (0.11219829, -0.2405, -0.06651161), (0.11219829, 0.2405, -0.06651161), (0.113698274, -0.24009807, -0.06651843), (0.113698274, 0.24009807, -0.06651843), (0.11479634, -0.239, -0.06652343), (0.11479634, 0.239, -0.06652343), (0.11491366, -0.2415, -0.12902462), (0.11491366, 0.2415, -0.12902462), (0.11491701, -0.24425, -0.12828776), (0.11491701, 0.24425, -0.12828776), (0.1149478, -0.2565, -0.1215247), (0.1149478, 0.2565, -0.1215247), (0.114985146, -0.2565, -0.113324784), (0.114985146, 0.2565, -0.113324784), (0.11509106, -0.04220154, 0.049476422), (0.11509106, 0.04220154, 0.049476422), (0.115180045, 0.2405, -0.07052523), (0.115180954, -0.2405, -0.070325226), (0.1163385, -0.0995, -0.14553128), (0.1163385, 0.0995, -0.14553128), (0.119981214, -0.037604295, 0.049454153), (0.119981214, 0.037604295, 0.049454153), (0.12203877, -0.032284558, 0.049444783), (0.12203877, 0.032284558, 0.049444783), (0.12235345, -0.06309493, 0.038443238), (0.12235345, 0.06309493, 0.038443238), (0.14117613, -0.06309493, 0.038357522), (0.14117613, 0.06309493, 0.038357522), (0.14217612, -0.06282698, 0.03835297), (0.14217612, 0.06282698, 0.03835297), (0.14290817, -0.06209493, 0.038349636), (0.14290817, 0.06209493, 0.038349636), (0.14803623, -0.109295934, 0.0076177935), (0.14803623, 0.109295934, 0.0076177935), (0.16599563, -0.0037522228, 0.042582415), (0.16799602, 0.0025100647, 0.04266296), (0.25015032, -2.939519e-15, 0.021461118), (0.25236306, -0.023, -0.0306495), (0.25236306, 0.023, -0.0306495), (0.25236428, -0.024, -0.030381555), (0.25236428, 0.024, -0.030381555), (0.2523676, -0.024732051, -0.02964951), (0.2523676, 0.024732051, -0.02964951), (0.25237215, -0.025, -0.02864952), (0.25237215, 0.025, -0.02864952), (0.25246954, -0.025, -0.0072615435), (0.25246954, 0.025, -0.0072615435), (0.25247353, -0.02479896, -0.0063876295), (0.25247353, 0.02479896, -0.0063876295), (0.25247672, -0.024236254, -0.0056894054), (0.25247672, 0.024236254, -0.0056894054), (0.25253138, -0.021331763, 0.006314421), (0.25253138, 0.021331763, 0.006314421), (0.25253272, -0.0019547231, 0.006607628), (0.25253272, 0.0019547231, 0.006607628), (0.25257334, -0.0152475545, 0.015531513), (0.25257334, 0.0152475545, 0.015531513), (0.25259718, -0.0055220933, 0.020764947), (0.25259718, 0.0055220933, 0.020764947)]
            uniform token subdivisionScheme = "none"
            token visibility = "invisible"
            quatd xformOp:orient = (0.7071067811865477, 0, 0, 0.7071067811865475)
            double3 xformOp:translate = (0, 0, 0)
            uniform token[] xformOpOrder = ["xformOp:translate", "xformOp:orient"]
        }

        def Mesh "Collision_001" (
            prepend apiSchemas = ["PhysicsMeshCollisionAPI", "PhysicsCollisionAPI"]
        )
        {
            int[] faceVertexCounts = [3, 3, 3, 3, 3, 3, 3, 3, 3, 3, 3, 3, 3, 3, 3, 3, 3, 3, 3, 3, 3, 3, 3, 3, 3, 3, 3, 3, 3, 3, 3, 3, 3, 3, 3, 3, 3, 3, 3, 3, 3, 3, 3, 3, 3, 3, 3, 3, 3, 3, 3, 3, 3, 3, 3, 3, 3, 3, 3, 3, 3, 3, 3, 3, 3, 3, 3, 3, 3, 3, 3, 3, 3, 3, 3, 3, 3, 3, 3, 3, 3, 3, 3, 3, 3, 3, 3, 3, 3, 3, 3, 3, 3, 3, 3, 3, 3, 3, 3, 3, 3, 3, 3, 3, 3, 3, 3, 3, 3, 3, 3, 3, 3, 3, 3, 3, 3, 3, 3, 3, 3, 3, 3, 3, 3, 3, 3, 3, 3, 3]
            int[] faceVertexIndices = [0, 1, 3, 0, 2, 34, 0, 3, 2, 0, 32, 1, 0, 34, 32, 1, 4, 8, 1, 5, 4, 1, 8, 12, 1, 11, 3, 1, 12, 17, 1, 17, 11, 1, 32, 33, 1, 33, 36, 1, 36, 5, 2, 3, 34, 3, 7, 35, 3, 9, 7, 3, 11, 9, 3, 35, 34, 4, 5, 6, 4, 6, 8, 5, 36, 6, 6, 36, 37, 6, 37, 8, 7, 9, 41, 7, 38, 35, 7, 41, 38, 8, 10, 13, 8, 13, 12, 8, 37, 39, 8, 39, 42, 8, 42, 10, 9, 11, 41, 10, 42, 13, 11, 17, 19, 11, 19, 20, 11, 20, 56, 11, 44, 41, 11, 56, 44, 12, 13, 16, 12, 16, 26, 12, 24, 17, 12, 26, 24, 13, 14, 16, 13, 42, 45, 13, 45, 14, 14, 15, 16, 14, 45, 48, 14, 48, 15, 15, 48, 49, 15, 49, 50, 15, 50, 16, 16, 18, 26, 16, 50, 18, 17, 22, 19, 17, 23, 25, 17, 24, 23, 17, 25, 22, 18, 50, 51, 18, 51, 61, 18, 61, 26, 19, 22, 20, 20, 21, 57, 20, 22, 21, 20, 57, 56, 21, 22, 58, 21, 58, 57, 22, 25, 58, 23, 24, 25, 24, 26, 28, 24, 28, 30, 24, 30, 25, 25, 27, 62, 25, 29, 27, 25, 30, 29, 25, 60, 58, 25, 62, 60, 26, 61, 28, 27, 29, 64, 27, 64, 62, 28, 61, 63, 28, 63, 65, 28, 65, 30, 29, 30, 31, 29, 31, 64, 30, 65, 66, 30, 66, 31, 31, 66, 64, 32, 34, 35, 32, 35, 38, 32, 38, 33, 33, 37, 36, 33, 38, 43, 33, 40, 37, 33, 43, 40, 37, 40, 46, 37, 42, 39, 37, 46, 48, 37, 48, 42, 38, 41, 56, 38, 53, 43, 38, 56, 53, 40, 43, 53, 40, 47, 46, 40, 52, 47, 40, 53, 52, 41, 44, 56, 42, 48, 45, 46, 47, 53, 46, 50, 48, 46, 53, 54, 46, 54, 50, 47, 52, 53, 48, 50, 49, 50, 54, 62, 50, 59, 66, 50, 61, 51, 50, 62, 59, 50, 63, 61, 50, 65, 63, 50, 66, 65, 53, 55, 54, 53, 56, 62, 53, 62, 55, 54, 55, 62, 56, 57, 58, 56, 58, 62, 58, 60, 62, 59, 62, 66, 62, 64, 66]
            uniform token physics:approximation = "convexHull"
            bool physics:collisionEnabled = 1
            point3f[] points = [(-0.12511542, -0.24017026, -0.13486072), (-0.12511522, -0.24321277, -0.13481377), (-0.12511228, -0.23720653, -0.13417117), (-0.12510598, -0.23449723, -0.13278596), (-0.12510397, -0.27017784, -0.13234389), (-0.12510386, -0.27297136, -0.13232285), (-0.12510026, -0.27565005, -0.13152988), (-0.12509687, -0.2322029, -0.13078718), (-0.12509342, -0.27800488, -0.13002688), (-0.12508552, -0.23045951, -0.12829328), (-0.12508386, -0.27985203, -0.12793113), (-0.12507258, -0.22937037, -0.12545203), (-0.1250725, -0.2715, -0.12543176), (-0.12507237, -0.28104737, -0.1254062), (-0.12505981, -0.28149763, -0.122649156), (-0.12504718, -0.28116766, -0.11987513), (-0.12503546, -0.28008318, -0.117300645), (-0.12503417, -0.23023447, -0.117015414), (-0.12502556, -0.27832884, -0.115126595), (-0.124885075, -0.21675144, -0.084276006), (-0.124874406, -0.21581791, -0.08193365), (-0.12486301, -0.2155, -0.079432234), (-0.12484998, -0.21591845, -0.07656975), (-0.12484692, -0.22196446, -0.07589674), (-0.12484025, -0.2255, -0.07443229), (-0.12483804, -0.2171388, -0.073946826), (-0.124829754, -0.23232883, -0.072127044), (-0.12482818, -0.2190589, -0.071782984), (-0.124822244, -0.22995193, -0.070477985), (-0.124821246, -0.22151807, -0.07025932), (-0.124818146, -0.22720245, -0.06957832), (-0.1248178, -0.22431049, -0.06950334), (-0.11711549, -0.24017026, -0.13489716), (-0.117115274, -0.24321277, -0.13485019), (-0.11711235, -0.23720653, -0.1342076), (-0.11710604, -0.23449723, -0.1328224), (-0.117103934, -0.27297136, -0.13235928), (-0.11710032, -0.27565005, -0.13156632), (-0.11709694, -0.2322029, -0.13082361), (-0.11709348, -0.27800488, -0.13006331), (-0.117092036, -0.25207907, -0.12974726), (-0.11708558, -0.23045951, -0.12832971), (-0.11708394, -0.27985203, -0.12796757), (-0.11707499, -0.23796447, -0.12600371), (-0.11707265, -0.22937037, -0.12548845), (-0.11707244, -0.28104737, -0.12544264), (-0.11707072, -0.273, -0.12506627), (-0.11707072, -0.27, -0.12506627), (-0.11705988, -0.28149763, -0.12268558), (-0.11704725, -0.28116766, -0.11991157), (-0.11703552, -0.28008318, -0.11733707), (-0.11702563, -0.27832884, -0.11516303), (-0.117010765, -0.24817564, -0.11190018), (-0.1168944, -0.21824121, -0.08634682), (-0.11687918, -0.22903553, -0.08300416), (-0.11687918, -0.22196446, -0.08300416), (-0.11687447, -0.21581791, -0.08197007), (-0.11686309, -0.2155, -0.07946867), (-0.11685005, -0.21591845, -0.07660618), (-0.11684205, -0.22741342, -0.074849315), (-0.116838105, -0.2171388, -0.07398326), (-0.11682982, -0.23232883, -0.07216347), (-0.11682825, -0.2190589, -0.07181942), (-0.11682231, -0.22995193, -0.07051442), (-0.11682131, -0.22151807, -0.07029574), (-0.11681821, -0.22720245, -0.06961475), (-0.11681787, -0.22431049, -0.06953977)]
            uniform token subdivisionScheme = "none"
            token visibility = "invisible"
            quatd xformOp:orient = (0.7071067811865477, 0, 0, 0.7071067811865475)
            double3 xformOp:translate = (0, 0, 0)
            uniform token[] xformOpOrder = ["xformOp:translate", "xformOp:orient"]
        }

        def Mesh "Collision_002" (
            prepend apiSchemas = ["PhysicsMeshCollisionAPI", "PhysicsCollisionAPI"]
        )
        {
            int[] faceVertexCounts = [3, 3, 3, 3, 3, 3, 3, 3, 3, 3, 3, 3, 3, 3, 3, 3, 3, 3, 3, 3, 3, 3, 3, 3, 3, 3, 3, 3, 3, 3, 3, 3, 3, 3, 3, 3, 3, 3, 3, 3, 3, 3, 3, 3, 3, 3, 3, 3, 3, 3, 3, 3, 3, 3, 3, 3, 3, 3, 3, 3, 3, 3, 3, 3, 3, 3, 3, 3, 3, 3, 3, 3, 3, 3, 3, 3, 3, 3, 3, 3, 3, 3, 3, 3, 3, 3, 3, 3, 3, 3, 3, 3, 3, 3, 3, 3, 3, 3, 3, 3, 3, 3, 3, 3, 3, 3, 3, 3, 3, 3, 3, 3, 3, 3, 3, 3, 3, 3, 3, 3, 3, 3, 3, 3, 3, 3, 3, 3, 3, 3]
            int[] faceVertexIndices = [0, 1, 32, 0, 2, 3, 0, 3, 1, 0, 32, 34, 0, 34, 2, 1, 3, 11, 1, 4, 5, 1, 5, 36, 1, 8, 4, 1, 11, 17, 1, 12, 8, 1, 17, 12, 1, 33, 32, 1, 36, 33, 2, 34, 3, 3, 7, 9, 3, 9, 11, 3, 34, 35, 3, 35, 7, 4, 6, 5, 4, 8, 6, 5, 6, 36, 6, 8, 37, 6, 37, 36, 7, 35, 38, 7, 38, 41, 7, 41, 9, 8, 10, 42, 8, 12, 13, 8, 13, 10, 8, 39, 37, 8, 42, 39, 9, 41, 11, 10, 13, 42, 11, 19, 17, 11, 20, 19, 11, 41, 44, 11, 44, 56, 11, 56, 20, 12, 16, 13, 12, 17, 24, 12, 24, 26, 12, 26, 16, 13, 14, 45, 13, 16, 14, 13, 45, 42, 14, 15, 48, 14, 16, 15, 14, 48, 45, 15, 16, 50, 15, 49, 48, 15, 50, 49, 16, 18, 50, 16, 26, 18, 17, 19, 22, 17, 22, 25, 17, 23, 24, 17, 25, 23, 18, 26, 61, 18, 51, 50, 18, 61, 51, 19, 20, 22, 20, 21, 22, 20, 56, 57, 20, 57, 21, 21, 57, 58, 21, 58, 22, 22, 58, 25, 23, 25, 24, 24, 25, 30, 24, 28, 26, 24, 30, 28, 25, 27, 29, 25, 29, 30, 25, 58, 60, 25, 60, 62, 25, 62, 27, 26, 28, 61, 27, 62, 64, 27, 64, 29, 28, 30, 65, 28, 63, 61, 28, 65, 63, 29, 31, 30, 29, 64, 31, 30, 31, 66, 30, 66, 65, 31, 64, 66, 32, 33, 38, 32, 35, 34, 32, 38, 35, 33, 36, 37, 33, 37, 40, 33, 40, 43, 33, 43, 38, 37, 39, 42, 37, 42, 48, 37, 47, 40, 37, 48, 47, 38, 43, 53, 38, 53, 56, 38, 56, 41, 40, 46, 52, 40, 47, 46, 40, 52, 53, 40, 53, 43, 41, 56, 44, 42, 45, 48, 46, 47, 53, 46, 53, 52, 47, 48, 50, 47, 50, 55, 47, 55, 53, 48, 49, 50, 50, 51, 61, 50, 59, 62, 50, 61, 63, 50, 62, 55, 50, 63, 65, 50, 65, 66, 50, 66, 59, 53, 54, 62, 53, 55, 54, 53, 62, 56, 54, 55, 62, 56, 58, 57, 56, 62, 58, 58, 62, 60, 59, 66, 62, 62, 66, 64]
            uniform token physics:approximation = "convexHull"
            bool physics:collisionEnabled = 1
            point3f[] points = [(-0.12511542, 0.24017026, -0.13486072), (-0.12511522, 0.24321277, -0.13481377), (-0.12511228, 0.23720653, -0.13417117), (-0.12510598, 0.23449723, -0.13278596), (-0.12510397, 0.27017784, -0.13234389), (-0.12510386, 0.27297136, -0.13232285), (-0.12510026, 0.27565005, -0.13152988), (-0.12509687, 0.2322029, -0.13078718), (-0.12509342, 0.27800488, -0.13002688), (-0.12508552, 0.23045951, -0.12829328), (-0.12508386, 0.27985203, -0.12793113), (-0.12507258, 0.22937037, -0.12545203), (-0.1250725, 0.2715, -0.12543176), (-0.12507237, 0.28104737, -0.1254062), (-0.12505981, 0.28149763, -0.122649156), (-0.12504718, 0.28116766, -0.11987513), (-0.12503546, 0.28008318, -0.117300645), (-0.12503417, 0.23023447, -0.117015414), (-0.12502556, 0.27832884, -0.115126595), (-0.124885075, 0.21675144, -0.084276006), (-0.124874406, 0.21581791, -0.08193365), (-0.12486301, 0.2155, -0.079432234), (-0.12484998, 0.21591845, -0.07656975), (-0.12484692, 0.22196446, -0.07589674), (-0.12484025, 0.2255, -0.07443229), (-0.12483804, 0.2171388, -0.073946826), (-0.124829754, 0.23232883, -0.072127044), (-0.12482818, 0.2190589, -0.071782984), (-0.124822244, 0.22995193, -0.070477985), (-0.124821246, 0.22151807, -0.07025932), (-0.124818146, 0.22720245, -0.06957832), (-0.1248178, 0.22431049, -0.06950334), (-0.11711549, 0.24017026, -0.13489716), (-0.117115274, 0.24321277, -0.13485019), (-0.11711235, 0.23720653, -0.1342076), (-0.11710604, 0.23449723, -0.1328224), (-0.117103934, 0.27297136, -0.13235928), (-0.11710032, 0.27565005, -0.13156632), (-0.11709694, 0.2322029, -0.13082361), (-0.11709348, 0.27800488, -0.13006331), (-0.117092036, 0.25207907, -0.12974726), (-0.11708558, 0.23045951, -0.12832971), (-0.11708394, 0.27985203, -0.12796757), (-0.11707499, 0.23796447, -0.12600371), (-0.11707265, 0.22937037, -0.12548845), (-0.11707244, 0.28104737, -0.12544264), (-0.11707072, 0.27, -0.12506627), (-0.11707072, 0.273, -0.12506627), (-0.11705988, 0.28149763, -0.12268558), (-0.11704725, 0.28116766, -0.11991157), (-0.11703552, 0.28008318, -0.11733707), (-0.11702563, 0.27832884, -0.11516303), (-0.117010765, 0.24817564, -0.11190018), (-0.1168944, 0.21824121, -0.08634682), (-0.11687918, 0.22196446, -0.08300416), (-0.11687918, 0.22903553, -0.08300416), (-0.11687447, 0.21581791, -0.08197007), (-0.11686309, 0.2155, -0.07946867), (-0.11685005, 0.21591845, -0.07660618), (-0.11684205, 0.22741342, -0.074849315), (-0.116838105, 0.2171388, -0.07398326), (-0.11682982, 0.23232883, -0.07216347), (-0.11682825, 0.2190589, -0.07181942), (-0.11682231, 0.22995193, -0.07051442), (-0.11682131, 0.22151807, -0.07029574), (-0.11681821, 0.22720245, -0.06961475), (-0.11681787, 0.22431049, -0.06953977)]
            uniform token subdivisionScheme = "none"
            token visibility = "invisible"
            quatd xformOp:orient = (0.7071067811865477, 0, 0, 0.7071067811865475)
            double3 xformOp:translate = (0, 0, 0)
            uniform token[] xformOpOrder = ["xformOp:translate", "xformOp:orient"]
        }

        def Mesh "Collision_003" (
            prepend apiSchemas = ["PhysicsMeshCollisionAPI", "PhysicsCollisionAPI"]
        )
        {
            int[] faceVertexCounts = [3, 3, 3, 3]
            int[] faceVertexIndices = [0, 1, 2, 0, 2, 3, 0, 3, 1, 1, 3, 2]
            uniform token physics:approximation = "convexHull"
            bool physics:collisionEnabled = 1
            point3f[] points = [(-0.11666769, 0.040235374, -0.032239586), (-0.11665065, 0.04003808, -0.032818053), (-0.11664802, 0.04003808, -0.032239676), (-0.11664802, 0.040235374, -0.032239676)]
            uniform token subdivisionScheme = "none"
            token visibility = "invisible"
            quatd xformOp:orient = (0.7071067811865477, 0, 0, 0.7071067811865475)
            double3 xformOp:translate = (0, 0, 0)
            uniform token[] xformOpOrder = ["xformOp:translate", "xformOp:orient"]
        }

        def Mesh "Collision_004" (
            prepend apiSchemas = ["PhysicsMeshCollisionAPI", "PhysicsCollisionAPI"]
        )
        {
            int[] faceVertexCounts = [3, 3, 3, 3]
            int[] faceVertexIndices = [0, 1, 2, 0, 2, 3, 0, 3, 1, 1, 3, 2]
            uniform token physics:approximation = "convexHull"
            bool physics:collisionEnabled = 1
            point3f[] points = [(-0.10965072, 0.04003808, -0.03284993), (-0.109648086, 0.04003808, -0.03227155), (-0.109648086, 0.040235374, -0.03227155), (-0.10962845, 0.040235374, -0.03227164)]
            uniform token subdivisionScheme = "none"
            token visibility = "invisible"
            quatd xformOp:orient = (0.7071067811865477, 0, 0, 0.7071067811865475)
            double3 xformOp:translate = (0, 0, 0)
            uniform token[] xformOpOrder = ["xformOp:translate", "xformOp:orient"]
        }

        def Mesh "Collision_005" (
            prepend apiSchemas = ["PhysicsMeshCollisionAPI", "PhysicsCollisionAPI"]
        )
        {
            int[] faceVertexCounts = [3, 3, 3, 3, 3, 3, 3, 3, 3, 3, 3, 3, 3, 3, 3, 3, 3, 3, 3, 3, 3, 3, 3, 3, 3, 3, 3, 3, 3, 3, 3, 3, 3, 3, 3, 3, 3, 3, 3, 3, 3, 3, 3, 3, 3, 3, 3, 3, 3, 3, 3, 3, 3, 3, 3, 3, 3, 3, 3, 3, 3, 3, 3, 3, 3, 3, 3, 3, 3, 3, 3, 3, 3, 3, 3, 3, 3, 3, 3, 3, 3, 3, 3, 3, 3, 3, 3, 3, 3, 3, 3, 3, 3, 3, 3, 3, 3, 3, 3, 3, 3, 3, 3, 3, 3, 3, 3, 3, 3, 3, 3, 3, 3, 3, 3, 3, 3, 3, 3, 3, 3, 3, 3, 3, 3, 3, 3, 3, 3, 3, 3, 3, 3, 3, 3, 3, 3, 3, 3, 3, 3, 3, 3, 3, 3, 3]
            int[] faceVertexIndices = [0, 1, 58, 0, 2, 1, 0, 32, 34, 0, 34, 2, 0, 57, 59, 0, 58, 57, 0, 59, 32, 1, 2, 3, 1, 3, 35, 1, 33, 60, 1, 35, 33, 1, 60, 58, 2, 4, 8, 2, 8, 9, 2, 9, 3, 2, 34, 4, 3, 5, 35, 3, 9, 5, 4, 6, 8, 4, 34, 36, 4, 36, 6, 5, 7, 39, 5, 9, 7, 5, 37, 35, 5, 39, 37, 6, 36, 38, 6, 38, 8, 7, 9, 39, 8, 10, 14, 8, 14, 22, 8, 20, 21, 8, 21, 9, 8, 22, 20, 8, 38, 40, 8, 40, 10, 9, 11, 41, 9, 15, 11, 9, 21, 23, 9, 23, 15, 9, 41, 39, 10, 12, 14, 10, 40, 42, 10, 42, 44, 10, 44, 12, 11, 13, 45, 11, 15, 13, 11, 43, 41, 11, 45, 43, 12, 44, 46, 12, 46, 14, 13, 15, 47, 13, 47, 45, 14, 16, 18, 14, 18, 24, 14, 24, 22, 14, 46, 16, 15, 17, 48, 15, 19, 17, 15, 23, 25, 15, 25, 19, 15, 48, 47, 16, 26, 18, 16, 46, 49, 16, 49, 51, 16, 51, 26, 17, 19, 27, 17, 27, 52, 17, 50, 48, 17, 52, 50, 18, 26, 24, 19, 25, 27, 20, 22, 21, 21, 22, 23, 22, 24, 25, 22, 25, 23, 24, 26, 28, 24, 28, 30, 24, 30, 25, 25, 29, 27, 25, 30, 31, 25, 31, 29, 26, 51, 53, 26, 53, 28, 27, 29, 52, 28, 53, 55, 28, 55, 30, 29, 31, 56, 29, 54, 52, 29, 56, 54, 30, 55, 56, 30, 56, 31, 32, 59, 34, 33, 35, 60, 34, 59, 61, 34, 61, 36, 35, 37, 62, 35, 62, 60, 36, 61, 63, 36, 63, 38, 37, 39, 64, 37, 64, 62, 38, 63, 65, 38, 65, 40, 39, 41, 66, 39, 66, 64, 40, 65, 42, 41, 43, 66, 42, 65, 67, 42, 67, 44, 43, 45, 68, 43, 68, 66, 44, 67, 69, 44, 69, 46, 45, 47, 70, 45, 70, 68, 46, 51, 49, 46, 69, 51, 47, 48, 50, 47, 50, 52, 47, 52, 70, 51, 69, 71, 51, 71, 53, 52, 54, 72, 52, 72, 70, 53, 71, 73, 53, 73, 55, 54, 56, 74, 54, 74, 72, 55, 73, 56, 56, 73, 74, 57, 58, 59, 58, 60, 59, 59, 60, 62, 59, 62, 61, 61, 62, 70, 61, 69, 63, 61, 70, 69, 62, 64, 70, 63, 69, 65, 64, 66, 70, 65, 69, 67, 66, 68, 70, 69, 70, 73, 69, 73, 71, 70, 72, 74, 70, 74, 73]
            uniform token physics:approximation = "convexHull"
            bool physics:collisionEnabled = 1
            point3f[] points = [(-0.08099096, -0.041, -0.10763231), (-0.08099096, 0.041, -0.10763231), (-0.08099027, -0.041765366, -0.10748007), (-0.08099027, 0.041765366, -0.10748007), (-0.080988295, -0.042414214, -0.10704653), (-0.080988295, 0.042414214, -0.10704653), (-0.08098534, -0.04284776, -0.10639769), (-0.08098534, 0.04284776, -0.10639769), (-0.08098186, -0.043, -0.10563233), (-0.08098186, 0.043, -0.10563233), (-0.08091732, -0.043, -0.091460906), (-0.08091732, 0.043, -0.091460906), (-0.080913834, -0.04284776, -0.090695545), (-0.080913834, 0.04284776, -0.090695545), (-0.080910884, -0.042414214, -0.090046704), (-0.080910884, 0.042414214, -0.090046704), (-0.08090045, -0.040124748, -0.08775726), (-0.08090045, 0.040124748, -0.08775726), (-0.0808893, -0.037675, -0.08530754), (-0.0808893, 0.037675, -0.08530754), (-0.08085891, -0.017, -0.07863261), (-0.08085891, 0.017, -0.07863261), (-0.08083694, -0.021428943, -0.07380766), (-0.08083694, 0.021428943, -0.07380766), (-0.080830105, -0.024675, -0.072307676), (-0.080830105, 0.024675, -0.072307676), (-0.080829695, -0.024585787, -0.07221846), (-0.080829695, 0.024585787, -0.07221846), (-0.08082772, -0.02393694, -0.07178492), (-0.08082772, 0.02393694, -0.07178492), (-0.08082703, -0.023171572, -0.07163268), (-0.08082703, 0.023171572, -0.07163268), (-0.07399104, -0.041, -0.10766418), (-0.07399104, 0.041, -0.10766418), (-0.073990345, -0.041765366, -0.107511945), (-0.073990345, 0.041765366, -0.107511945), (-0.07398837, -0.042414214, -0.1070784), (-0.07398837, 0.042414214, -0.1070784), (-0.07398541, -0.04284776, -0.10642956), (-0.07398541, 0.04284776, -0.10642956), (-0.073981926, -0.043, -0.1056642), (-0.073981926, 0.043, -0.1056642), (-0.0739174, -0.043, -0.09149278), (-0.0739174, 0.043, -0.09149278), (-0.07391391, -0.04284776, -0.09072742), (-0.07391391, 0.04284776, -0.09072742), (-0.07391095, -0.042414214, -0.09007858), (-0.07391095, 0.042414214, -0.09007858), (-0.07391055, 0.042325, -0.089989364), (-0.073889375, -0.037675, -0.08533941), (-0.073889375, 0.037675, -0.08533941), (-0.07382977, -0.024585787, -0.07225034), (-0.07382977, 0.024585787, -0.07225034), (-0.073827796, -0.02393694, -0.071816795), (-0.073827796, 0.02393694, -0.071816795), (-0.0738271, -0.023171572, -0.07166456), (-0.0738271, 0.023171572, -0.07166456), (-0.06974108, -0.014299038, -0.10768354), (-0.06974108, 0.014299038, -0.10768354), (-0.064991124, -0.022, -0.10770517), (-0.064991124, 0.022, -0.10770517), (-0.0649899, -0.023, -0.10743722), (-0.0649899, 0.023, -0.10743722), (-0.06498657, -0.023732051, -0.10670518), (-0.06498657, 0.023732051, -0.10670518), (-0.06498202, -0.024, -0.10570519), (-0.06498202, 0.024, -0.10570519), (-0.06497747, -0.024, -0.1047052), (-0.06497747, 0.024, -0.1047052), (-0.06497291, -0.023732051, -0.103705205), (-0.06497291, 0.023732051, -0.103705205), (-0.06496958, -0.023, -0.10297316), (-0.06496958, 0.023, -0.10297316), (-0.064968355, -0.022, -0.10270522), (-0.064968355, 0.022, -0.10270522)]
            uniform token subdivisionScheme = "none"
            token visibility = "invisible"
            quatd xformOp:orient = (0.7071067811865477, 0, 0, 0.7071067811865475)
            double3 xformOp:translate = (0, 0, 0)
            uniform token[] xformOpOrder = ["xformOp:translate", "xformOp:orient"]
        }

        def Mesh "Collision_006" (
            prepend apiSchemas = ["PhysicsMeshCollisionAPI", "PhysicsCollisionAPI"]
        )
        {
            int[] faceVertexCounts = [3, 3, 3, 3, 3, 3, 3, 3, 3, 3, 3, 3, 3, 3, 3, 3, 3, 3, 3, 3, 3, 3, 3, 3, 3, 3, 3, 3, 3, 3, 3, 3, 3, 3, 3, 3, 3, 3, 3, 3, 3, 3, 3, 3, 3, 3, 3, 3, 3, 3, 3, 3, 3, 3, 3, 3, 3, 3, 3, 3, 3, 3, 3, 3, 3, 3, 3, 3, 3, 3, 3, 3, 3, 3, 3, 3, 3, 3, 3, 3, 3, 3, 3, 3, 3, 3, 3, 3, 3, 3, 3, 3, 3, 3, 3, 3, 3, 3, 3, 3, 3, 3, 3, 3, 3, 3, 3, 3, 3, 3, 3, 3, 3, 3, 3, 3, 3, 3, 3, 3, 3, 3, 3, 3, 3, 3, 3, 3, 3, 3, 3, 3, 3, 3, 3, 3, 3, 3, 3, 3, 3, 3, 3, 3, 3, 3, 3, 3, 3, 3, 3, 3, 3, 3, 3, 3, 3, 3, 3, 3, 3, 3, 3, 3, 3, 3, 3, 3, 3, 3, 3, 3, 3, 3]
            int[] faceVertexIndices = [0, 1, 36, 0, 2, 6, 0, 4, 8, 0, 6, 1, 0, 8, 2, 0, 36, 4, 1, 3, 9, 1, 5, 37, 1, 6, 7, 1, 7, 3, 1, 9, 5, 1, 37, 36, 2, 8, 6, 3, 7, 9, 4, 10, 19, 4, 19, 8, 4, 36, 10, 5, 9, 20, 5, 11, 37, 5, 20, 11, 6, 8, 21, 6, 12, 13, 6, 13, 14, 6, 14, 7, 6, 21, 23, 6, 23, 25, 6, 25, 27, 6, 27, 12, 7, 14, 28, 7, 22, 9, 7, 24, 22, 7, 26, 24, 7, 28, 26, 8, 19, 21, 9, 22, 20, 10, 15, 17, 10, 17, 19, 10, 36, 15, 11, 16, 37, 11, 18, 16, 11, 20, 18, 12, 27, 13, 13, 27, 28, 13, 28, 14, 15, 36, 56, 15, 56, 17, 16, 18, 37, 17, 29, 62, 17, 56, 60, 17, 57, 19, 17, 60, 29, 17, 62, 57, 18, 20, 32, 18, 30, 53, 18, 32, 30, 18, 53, 37, 19, 31, 21, 19, 57, 62, 19, 62, 31, 20, 22, 34, 20, 34, 32, 21, 31, 33, 21, 33, 23, 22, 24, 34, 23, 33, 35, 23, 35, 44, 23, 42, 25, 23, 44, 42, 24, 26, 39, 24, 39, 40, 24, 40, 41, 24, 41, 46, 24, 46, 68, 24, 68, 34, 25, 38, 27, 25, 42, 43, 25, 43, 38, 26, 28, 39, 27, 38, 39, 27, 39, 28, 29, 60, 62, 30, 32, 64, 30, 61, 53, 30, 64, 61, 31, 62, 63, 31, 63, 65, 31, 65, 33, 32, 34, 64, 33, 58, 35, 33, 65, 58, 34, 66, 64, 34, 68, 66, 35, 47, 44, 35, 58, 47, 36, 37, 53, 36, 52, 56, 36, 53, 52, 38, 43, 45, 38, 45, 48, 38, 48, 54, 38, 54, 55, 38, 55, 39, 39, 41, 40, 39, 55, 41, 41, 55, 46, 42, 44, 45, 42, 45, 43, 44, 47, 45, 45, 47, 48, 46, 51, 68, 46, 55, 51, 47, 50, 48, 47, 58, 67, 47, 67, 50, 48, 49, 54, 48, 50, 49, 49, 50, 69, 49, 69, 54, 50, 67, 69, 51, 55, 68, 52, 53, 84, 52, 60, 56, 52, 77, 60, 52, 79, 77, 52, 83, 79, 52, 84, 83, 53, 59, 78, 53, 61, 59, 53, 78, 80, 53, 80, 84, 54, 69, 71, 54, 71, 55, 55, 70, 68, 55, 71, 72, 55, 72, 73, 55, 73, 70, 58, 65, 67, 59, 61, 78, 60, 77, 62, 61, 64, 78, 62, 77, 63, 63, 77, 79, 63, 79, 81, 63, 81, 65, 64, 66, 82, 64, 80, 78, 64, 82, 80, 65, 81, 87, 65, 87, 67, 66, 68, 88, 66, 88, 82, 67, 87, 69, 68, 70, 88, 69, 87, 71, 70, 73, 88, 71, 74, 72, 71, 87, 74, 72, 74, 75, 72, 75, 76, 72, 76, 73, 73, 76, 88, 74, 87, 75, 75, 87, 76, 76, 87, 88, 79, 83, 85, 79, 85, 81, 80, 82, 86, 80, 86, 84, 81, 85, 87, 82, 88, 86, 83, 84, 86, 83, 86, 85, 85, 86, 87, 86, 88, 87]
            uniform token physics:approximation = "convexHull"
            bool physics:collisionEnabled = 1
            point3f[] points = [(-0.05080002, 0.061031792, -0.06576935), (-0.05080002, 0.090468206, -0.06576935), (-0.050626975, 0.061031792, -0.027769748), (-0.050626975, 0.090468206, -0.027769748), (-0.05048248, 0.05853179, -0.0657708), (-0.05048248, 0.09296821, -0.0657708), (-0.050326433, 0.06870804, 0.03822957), (-0.050326433, 0.08279196, 0.038229566), (-0.050309442, 0.058531795, -0.027771195), (-0.050309442, 0.09296821, -0.027771194), (-0.050230194, 0.057704337, -0.06577195), (-0.050230194, 0.093795665, -0.06577195), (-0.04574406, 0.059338674, 0.056308888), (-0.04574406, 0.06155, 0.05630889), (-0.04574406, 0.08476132, 0.056308888), (-0.045504954, 0.04145905, -0.0009840346), (-0.04550349, 0.11012348, -0.0006625646), (-0.045469314, 0.039849713, 0.0068422346), (-0.04546645, 0.11173916, 0.007471933), (-0.0454331, 0.03925, 0.014795105), (-0.0454331, 0.11225, 0.014795105), (-0.045258183, 0.03925, 0.053206645), (-0.045258183, 0.11225, 0.053206645), (-0.0452468, 0.03991987, 0.055706616), (-0.0452468, 0.111580126, 0.055706616), (-0.045238465, 0.04175, 0.05753672), (-0.045238465, 0.10975, 0.057536725), (-0.045235414, 0.04425, 0.05820659), (-0.045235414, 0.10725, 0.05820659), (-0.039469372, 0.039849713, 0.006814913), (-0.039466504, 0.11173916, 0.007444611), (-0.03943316, 0.03925, 0.014767783), (-0.03943316, 0.11225, 0.014767783), (-0.03925824, 0.03925, 0.053179324), (-0.03925824, 0.11225, 0.053179324), (-0.039246857, 0.03991987, 0.055679295), (-0.031878002, 0.05895287, -0.07195631), (-0.031877983, 0.10195287, -0.07195242), (-0.03119494, 0.058939323, 0.078042135), (-0.031194922, 0.10193932, 0.07804602), (-0.028721467, 0.109249994, 0.061231423), (-0.025338909, 0.109249994, 0.061216023), (-0.025210118, 0.042483974, 0.063715465), (-0.024957847, 0.042916987, 0.06421431), (-0.024710122, 0.04235, 0.06371318), (-0.024707846, 0.04285, 0.06421318), (0.0054126126, 0.109249994, 0.06107599), (0.025289357, 0.04235, 0.063485496), (0.025291633, 0.04285, 0.0639855), (0.025541632, 0.042916987, 0.06398436), (0.025789352, 0.042483974, 0.063483216), (0.02927793, 0.109249994, 0.06096731), (0.031121349, 0.05895287, -0.07224319), (0.031121368, 0.10195287, -0.07223931), (0.031804405, 0.058939323, 0.07775525), (0.03180442, 0.10193932, 0.07775914), (0.03949563, 0.041376524, -0.001049631), (0.039532673, 0.039760843, 0.007084869), (0.03975232, 0.03991987, 0.055319555), (0.045494102, 0.110040955, -0.0013984207), (0.045495566, 0.041376524, -0.0010769533), (0.04552974, 0.11165029, 0.0064278487), (0.04553261, 0.039760843, 0.0070575466), (0.04556596, 0.03925, 0.0143807195), (0.04556596, 0.11225, 0.0143807195), (0.045740873, 0.03925, 0.05279226), (0.045740873, 0.11225, 0.05279226), (0.045752257, 0.03991987, 0.05529223), (0.045752257, 0.111580126, 0.05529223), (0.04576059, 0.04175, 0.05712234), (0.04576059, 0.10975, 0.05712234), (0.04576364, 0.04425, 0.057792205), (0.04576364, 0.05275, 0.05779221), (0.04576364, 0.10725, 0.057792205), (0.046254985, 0.059338674, 0.055889945), (0.046254985, 0.08255, 0.05588995), (0.046254985, 0.08476132, 0.05588995), (0.049629103, 0.057704337, -0.06622668), (0.049629103, 0.093795665, -0.06622668), (0.049881395, 0.05853179, -0.06622783), (0.049881395, 0.09296821, -0.06622783), (0.050054435, 0.058531795, -0.028228225), (0.050054435, 0.09296821, -0.028228225), (0.05019893, 0.061031792, -0.06622928), (0.05019893, 0.090468206, -0.06622928), (0.050371975, 0.061031792, -0.02822967), (0.050371975, 0.090468206, -0.02822967), (0.050672516, 0.06870804, 0.037769645), (0.050672516, 0.08279196, 0.037769645)]
            uniform token subdivisionScheme = "none"
            token visibility = "invisible"
            quatd xformOp:orient = (0.7071067811865477, 0, 0, 0.7071067811865475)
            double3 xformOp:translate = (0, 0, 0)
            uniform token[] xformOpOrder = ["xformOp:translate", "xformOp:orient"]
        }

        def Mesh "Collision_007" (
            prepend apiSchemas = ["PhysicsMeshCollisionAPI", "PhysicsCollisionAPI"]
        )
        {
            int[] faceVertexCounts = [3, 3, 3, 3, 3, 3, 3, 3, 3, 3, 3, 3, 3, 3, 3, 3, 3, 3, 3, 3, 3, 3, 3, 3, 3, 3, 3, 3, 3, 3, 3, 3, 3, 3, 3, 3, 3, 3, 3, 3, 3, 3, 3, 3, 3, 3, 3, 3, 3, 3, 3, 3, 3, 3, 3, 3, 3, 3, 3, 3, 3, 3, 3, 3, 3, 3, 3, 3, 3, 3, 3, 3, 3, 3, 3, 3, 3, 3, 3, 3, 3, 3, 3, 3, 3, 3, 3, 3, 3, 3, 3, 3, 3, 3, 3, 3, 3, 3, 3, 3, 3, 3, 3, 3, 3, 3, 3, 3, 3, 3, 3, 3, 3, 3, 3, 3, 3, 3, 3, 3, 3, 3, 3, 3, 3, 3, 3, 3, 3, 3, 3, 3, 3, 3, 3, 3, 3, 3, 3, 3, 3, 3, 3, 3, 3, 3, 3, 3]
            int[] faceVertexIndices = [0, 1, 18, 0, 2, 14, 0, 6, 1, 0, 14, 6, 0, 18, 42, 0, 20, 2, 0, 42, 20, 1, 3, 21, 1, 6, 7, 1, 7, 15, 1, 15, 3, 1, 19, 18, 1, 21, 43, 1, 43, 19, 2, 4, 8, 2, 8, 10, 2, 10, 14, 2, 20, 22, 2, 22, 24, 2, 24, 4, 3, 5, 25, 3, 9, 5, 3, 11, 9, 3, 15, 11, 3, 23, 21, 3, 25, 23, 4, 24, 26, 4, 26, 8, 5, 9, 27, 5, 27, 25, 6, 14, 15, 6, 15, 7, 8, 26, 10, 9, 11, 27, 10, 12, 14, 10, 26, 28, 10, 28, 30, 10, 30, 12, 11, 13, 31, 11, 15, 13, 11, 29, 27, 11, 31, 29, 12, 30, 32, 12, 32, 14, 13, 15, 34, 13, 33, 31, 13, 34, 33, 14, 16, 15, 14, 32, 35, 14, 35, 36, 14, 36, 38, 14, 38, 16, 15, 16, 17, 15, 17, 39, 15, 37, 34, 15, 39, 37, 16, 38, 40, 16, 40, 41, 16, 41, 17, 17, 41, 39, 18, 19, 42, 19, 43, 42, 20, 42, 44, 20, 44, 22, 21, 23, 45, 21, 45, 43, 22, 44, 46, 22, 46, 24, 23, 25, 45, 24, 46, 26, 25, 27, 47, 25, 47, 45, 26, 46, 48, 26, 48, 58, 26, 58, 28, 27, 29, 59, 27, 49, 47, 27, 59, 49, 28, 58, 30, 29, 31, 59, 30, 58, 60, 30, 60, 62, 30, 62, 32, 31, 33, 63, 31, 61, 59, 31, 63, 61, 32, 62, 64, 32, 64, 35, 33, 34, 63, 34, 37, 65, 34, 65, 63, 35, 64, 36, 36, 64, 66, 36, 66, 70, 36, 70, 72, 36, 72, 38, 37, 39, 73, 37, 67, 65, 37, 71, 67, 37, 73, 71, 38, 72, 40, 39, 41, 73, 40, 72, 74, 40, 74, 75, 40, 75, 41, 41, 75, 73, 42, 43, 45, 42, 45, 44, 44, 45, 50, 44, 50, 56, 44, 52, 46, 44, 54, 52, 44, 56, 60, 44, 60, 54, 45, 47, 53, 45, 51, 50, 45, 53, 55, 45, 55, 61, 45, 57, 51, 45, 61, 57, 46, 52, 48, 47, 49, 53, 48, 52, 58, 49, 59, 53, 50, 51, 57, 50, 57, 56, 52, 54, 58, 53, 59, 55, 54, 60, 58, 55, 59, 61, 56, 57, 69, 56, 64, 60, 56, 68, 64, 56, 69, 68, 57, 61, 65, 57, 65, 69, 60, 64, 62, 61, 63, 65, 64, 68, 72, 64, 70, 66, 64, 72, 70, 65, 67, 71, 65, 71, 73, 65, 73, 69, 68, 69, 73, 68, 73, 72, 72, 73, 75, 72, 75, 74]
            uniform token physics:approximation = "convexHull"
            bool physics:collisionEnabled = 1
            point3f[] points = [(0.06400753, -0.022, -0.108292595), (0.06400753, 0.022, -0.108292595), (0.06400875, -0.023, -0.10802465), (0.06400875, 0.023, -0.10802465), (0.06401209, -0.023732051, -0.10729261), (0.06401209, 0.023732051, -0.10729261), (0.064013675, -0.02, -0.10694261), (0.064013675, 0.02, -0.10694261), (0.06401664, -0.024, -0.10629261), (0.06401664, 0.024, -0.10629261), (0.06402119, -0.024, -0.105292626), (0.06402119, 0.024, -0.105292626), (0.064025745, -0.023732051, -0.10429263), (0.064025745, 0.023732051, -0.10429263), (0.064029075, -0.023, -0.10356059), (0.064029075, 0.023, -0.10356059), (0.0640303, -0.022, -0.103292644), (0.0640303, 0.022, -0.103292644), (0.07025747, -0.014299038, -0.108321056), (0.07025747, 0.014299038, -0.108321056), (0.07300744, -0.041, -0.10833357), (0.07300744, 0.041, -0.10833357), (0.073008664, -0.042, -0.10806563), (0.073008664, 0.042, -0.10806563), (0.073011994, -0.042732053, -0.107333586), (0.073011994, 0.042732053, -0.107333586), (0.07301655, -0.043, -0.1063336), (0.07301655, 0.043, -0.1063336), (0.07308108, -0.043, -0.09216217), (0.07308108, 0.043, -0.09216217), (0.07308456, -0.04284776, -0.09139681), (0.07308456, 0.04284776, -0.09139681), (0.07308752, -0.042414214, -0.090747975), (0.07308752, 0.042414214, -0.090747975), (0.07308792, 0.042325, -0.09065876), (0.073097944, -0.040124748, -0.08845853), (0.0731687, -0.024585787, -0.07291973), (0.0731687, 0.024585787, -0.07291973), (0.07317068, -0.02393694, -0.07248619), (0.07317068, 0.02393694, -0.07248619), (0.07317137, -0.023171572, -0.07233395), (0.07317137, 0.023171572, -0.07233395), (0.08000737, -0.041, -0.108365454), (0.08000737, 0.041, -0.108365454), (0.08000859, -0.042, -0.10809751), (0.08000859, 0.042, -0.10809751), (0.08001192, -0.042732053, -0.10736547), (0.08001192, 0.042732053, -0.10736547), (0.08001647, -0.043, -0.10636547), (0.08001647, 0.043, -0.10636547), (0.08002103, -0.02165, -0.105365485), (0.08002103, 0.02165, -0.105365485), (0.08002934, -0.043, -0.1035405), (0.08002934, 0.043, -0.1035405), (0.08004232, -0.043, -0.10069053), (0.08004232, 0.043, -0.10069053), (0.08006577, -0.041428942, -0.09554058), (0.08006577, 0.041428942, -0.09554058), (0.08008101, -0.043, -0.09219404), (0.08008101, 0.043, -0.09219404), (0.080084495, -0.04284776, -0.09142869), (0.080084495, 0.04284776, -0.09142869), (0.080087446, -0.042414214, -0.09077985), (0.080087446, 0.042414214, -0.09077985), (0.08009788, -0.040124748, -0.088490404), (0.08009788, 0.040124748, -0.088490404), (0.08014933, -0.028825, -0.07719077), (0.08014933, 0.028825, -0.07719077), (0.08016415, -0.020825, -0.073936865), (0.08016415, 0.020825, -0.073936865), (0.080168635, -0.024585787, -0.07295161), (0.080168635, 0.024585787, -0.07295161), (0.08017061, -0.02393694, -0.072518066), (0.08017061, 0.02393694, -0.072518066), (0.0801713, -0.023171572, -0.07236583), (0.0801713, 0.023171572, -0.07236583)]
            uniform token subdivisionScheme = "none"
            token visibility = "invisible"
            quatd xformOp:orient = (0.7071067811865477, 0, 0, 0.7071067811865475)
            double3 xformOp:translate = (0, 0, 0)
            uniform token[] xformOpOrder = ["xformOp:translate", "xformOp:orient"]
        }

        def Mesh "Collision_008" (
            prepend apiSchemas = ["PhysicsMeshCollisionAPI", "PhysicsCollisionAPI"]
        )
        {
            int[] faceVertexCounts = [3, 3, 3, 3]
            int[] faceVertexIndices = [0, 1, 2, 0, 2, 3, 0, 3, 1, 1, 3, 2]
            uniform token physics:approximation = "convexHull"
            bool physics:collisionEnabled = 1
            point3f[] points = [(0.10932998, -0.040235374, -0.033268716), (0.109347, -0.04003808, -0.033847187), (0.10934964, -0.040235374, -0.03326881), (0.10934964, -0.04003808, -0.03326881)]
            uniform token subdivisionScheme = "none"
            token visibility = "invisible"
            quatd xformOp:orient = (0.7071067811865477, 0, 0, 0.7071067811865475)
            double3 xformOp:translate = (0, 0, 0)
            uniform token[] xformOpOrder = ["xformOp:translate", "xformOp:orient"]
        }

        def Mesh "Collision_009" (
            prepend apiSchemas = ["PhysicsMeshCollisionAPI", "PhysicsCollisionAPI"]
        )
        {
            int[] faceVertexCounts = [3, 3, 3, 3]
            int[] faceVertexIndices = [0, 1, 2, 0, 2, 3, 0, 3, 1, 1, 3, 2]
            uniform token physics:approximation = "convexHull"
            bool physics:collisionEnabled = 1
            point3f[] points = [(0.10932998, 0.040235374, -0.033268716), (0.109347, 0.04003808, -0.033847187), (0.10934964, 0.04003808, -0.03326881), (0.10934964, 0.040235374, -0.03326881)]
            uniform token subdivisionScheme = "none"
            token visibility = "invisible"
            quatd xformOp:orient = (0.7071067811865477, 0, 0, 0.7071067811865475)
            double3 xformOp:translate = (0, 0, 0)
            uniform token[] xformOpOrder = ["xformOp:translate", "xformOp:orient"]
        }

        def Mesh "Collision_010" (
            prepend apiSchemas = ["PhysicsMeshCollisionAPI", "PhysicsCollisionAPI"]
        )
        {
            int[] faceVertexCounts = [3, 3, 3, 3, 3, 3, 3, 3, 3, 3, 3, 3, 3, 3, 3, 3, 3, 3, 3, 3, 3, 3, 3, 3, 3, 3, 3, 3, 3, 3, 3, 3, 3, 3, 3, 3, 3, 3, 3, 3, 3, 3, 3, 3, 3, 3, 3, 3, 3, 3, 3, 3, 3, 3, 3, 3, 3, 3, 3, 3, 3, 3, 3, 3, 3, 3, 3, 3, 3, 3, 3, 3, 3, 3, 3, 3, 3, 3, 3, 3, 3, 3, 3, 3, 3, 3, 3, 3, 3, 3, 3, 3, 3, 3, 3, 3, 3, 3, 3, 3, 3, 3, 3, 3, 3, 3, 3, 3, 3, 3, 3, 3, 3, 3, 3, 3, 3, 3, 3, 3, 3, 3, 3, 3]
            int[] faceVertexIndices = [0, 1, 2, 0, 2, 30, 0, 30, 31, 0, 31, 1, 1, 4, 5, 1, 5, 6, 1, 6, 2, 1, 31, 4, 2, 3, 32, 2, 6, 3, 2, 32, 30, 3, 6, 36, 3, 33, 32, 3, 36, 33, 4, 31, 34, 4, 34, 35, 4, 35, 5, 5, 7, 11, 5, 11, 12, 5, 12, 15, 5, 14, 6, 5, 15, 21, 5, 21, 22, 5, 22, 14, 5, 35, 38, 5, 38, 7, 6, 8, 39, 6, 10, 8, 6, 14, 22, 6, 17, 18, 6, 18, 10, 6, 22, 17, 6, 39, 36, 7, 9, 11, 7, 38, 9, 8, 10, 39, 9, 38, 40, 9, 40, 11, 10, 18, 53, 10, 41, 39, 10, 53, 41, 11, 40, 42, 11, 42, 12, 12, 13, 15, 12, 42, 43, 12, 43, 13, 13, 43, 44, 13, 44, 46, 13, 46, 15, 15, 16, 24, 15, 24, 21, 15, 46, 16, 16, 46, 47, 16, 47, 58, 16, 58, 24, 17, 22, 18, 18, 19, 53, 18, 22, 25, 18, 25, 19, 19, 20, 56, 19, 23, 20, 19, 25, 23, 19, 55, 53, 19, 56, 55, 20, 23, 57, 20, 57, 56, 21, 24, 26, 21, 25, 22, 21, 26, 25, 23, 25, 57, 24, 58, 26, 25, 26, 28, 25, 27, 59, 25, 28, 29, 25, 29, 27, 25, 59, 57, 26, 58, 60, 26, 60, 62, 26, 62, 28, 27, 29, 61, 27, 61, 59, 28, 62, 29, 29, 62, 63, 29, 63, 61, 30, 32, 33, 30, 33, 39, 30, 34, 31, 30, 37, 34, 30, 39, 48, 30, 48, 37, 33, 36, 39, 34, 37, 44, 34, 38, 35, 34, 40, 38, 34, 44, 40, 37, 45, 44, 37, 48, 45, 39, 41, 52, 39, 49, 48, 39, 51, 49, 39, 52, 51, 40, 44, 42, 41, 53, 52, 42, 44, 43, 44, 45, 50, 44, 47, 46, 44, 50, 54, 44, 54, 62, 44, 60, 47, 44, 62, 60, 45, 48, 50, 47, 60, 58, 48, 49, 51, 48, 51, 50, 50, 51, 54, 51, 52, 56, 51, 56, 54, 52, 53, 55, 52, 55, 56, 54, 56, 62, 56, 57, 62, 57, 59, 62, 59, 61, 62, 61, 63, 62]
            uniform token physics:approximation = "convexHull"
            bool physics:collisionEnabled = 1
            point3f[] points = [(0.11588209, -0.24017026, -0.13595816), (0.1158823, -0.24321277, -0.1359112), (0.11588523, -0.23720653, -0.13526861), (0.11589154, -0.23449723, -0.1338834), (0.11589365, -0.27297136, -0.13342029), (0.11589725, -0.27565005, -0.13262732), (0.115900636, -0.2322029, -0.13188462), (0.1159041, -0.27800488, -0.13112432), (0.115912, -0.23045951, -0.12939072), (0.115913644, -0.27985203, -0.12902857), (0.11592493, -0.22937037, -0.12654945), (0.11592514, -0.28104737, -0.12650365), (0.115937695, -0.28149763, -0.1237466), (0.11595033, -0.28116766, -0.120972574), (0.11595972, -0.23958658, -0.11890988), (0.11596205, -0.28008318, -0.118398085), (0.11597195, -0.27832884, -0.116224036), (0.11609108, -0.2224813, -0.090063065), (0.1161231, -0.21581791, -0.08303108), (0.116134495, -0.2155, -0.080529675), (0.11614753, -0.21591845, -0.07766719), (0.11615553, -0.22741342, -0.07591032), (0.11615553, -0.22358659, -0.07591032), (0.11615948, -0.2171388, -0.07504427), (0.11616776, -0.23232883, -0.073224485), (0.116169326, -0.2190589, -0.072880425), (0.11617527, -0.22995193, -0.071575426), (0.11617627, -0.22151807, -0.07135676), (0.11617937, -0.22720245, -0.07067576), (0.11617971, -0.22431049, -0.07060078), (0.12388201, -0.24017026, -0.1359946), (0.12388222, -0.24321277, -0.13594763), (0.12388515, -0.23720653, -0.13530505), (0.12389146, -0.23449723, -0.13391984), (0.12389357, -0.27297136, -0.13345672), (0.12389717, -0.27565005, -0.13266376), (0.123900555, -0.2322029, -0.13192105), (0.12390358, -0.26511028, -0.13125789), (0.12390402, -0.27800488, -0.13116075), (0.12391192, -0.23045951, -0.12942715), (0.123913564, -0.27985203, -0.129065), (0.12392485, -0.22937037, -0.12658589), (0.12392506, -0.28104737, -0.12654008), (0.123937614, -0.28149763, -0.12378302), (0.12395025, -0.28116766, -0.12100901), (0.12395227, -0.2715, -0.12056569), (0.12396197, -0.28008318, -0.11843451), (0.12397187, -0.27832884, -0.11626047), (0.12397504, -0.2553394, -0.11556574), (0.12397504, -0.25242016, -0.11556574), (0.12399868, -0.2573881, -0.11037421), (0.12408788, -0.22364378, -0.0907863), (0.12411236, -0.21675144, -0.08540988), (0.12412302, -0.21581791, -0.083067514), (0.124125704, -0.23011939, -0.0824795), (0.124134414, -0.2155, -0.08056611), (0.12414745, -0.21591845, -0.07770362), (0.124159396, -0.2171388, -0.07508069), (0.12416768, -0.23232883, -0.07326091), (0.124169245, -0.2190589, -0.07291685), (0.12417519, -0.22995193, -0.07161185), (0.12417618, -0.22151807, -0.071393184), (0.12417929, -0.22720245, -0.07071219), (0.124179624, -0.22431049, -0.07063721)]
            uniform token subdivisionScheme = "none"
            token visibility = "invisible"
            quatd xformOp:orient = (0.7071067811865477, 0, 0, 0.7071067811865475)
            double3 xformOp:translate = (0, 0, 0)
            uniform token[] xformOpOrder = ["xformOp:translate", "xformOp:orient"]
        }

        def Mesh "Collision_011" (
            prepend apiSchemas = ["PhysicsMeshCollisionAPI", "PhysicsCollisionAPI"]
        )
        {
            int[] faceVertexCounts = [3, 3, 3, 3, 3, 3, 3, 3, 3, 3, 3, 3, 3, 3, 3, 3, 3, 3, 3, 3, 3, 3, 3, 3, 3, 3, 3, 3, 3, 3, 3, 3, 3, 3, 3, 3, 3, 3, 3, 3, 3, 3, 3, 3, 3, 3, 3, 3, 3, 3, 3, 3, 3, 3, 3, 3, 3, 3, 3, 3, 3, 3, 3, 3, 3, 3, 3, 3, 3, 3, 3, 3, 3, 3, 3, 3, 3, 3, 3, 3, 3, 3, 3, 3, 3, 3, 3, 3, 3, 3, 3, 3, 3, 3, 3, 3, 3, 3, 3, 3, 3, 3, 3, 3, 3, 3, 3, 3, 3, 3, 3, 3, 3, 3, 3, 3, 3, 3, 3, 3, 3, 3, 3, 3]
            int[] faceVertexIndices = [0, 1, 31, 0, 2, 1, 0, 30, 2, 0, 31, 30, 1, 2, 6, 1, 4, 31, 1, 5, 4, 1, 6, 5, 2, 3, 6, 2, 30, 32, 2, 32, 3, 3, 32, 33, 3, 33, 36, 3, 36, 6, 4, 5, 35, 4, 34, 31, 4, 35, 34, 5, 6, 14, 5, 7, 38, 5, 11, 7, 5, 12, 11, 5, 14, 21, 5, 15, 12, 5, 21, 22, 5, 22, 15, 5, 38, 35, 6, 8, 10, 6, 10, 18, 6, 17, 21, 6, 18, 17, 6, 21, 14, 6, 36, 39, 6, 39, 8, 7, 9, 38, 7, 11, 9, 8, 39, 10, 9, 11, 40, 9, 40, 38, 10, 39, 41, 10, 41, 53, 10, 53, 18, 11, 12, 42, 11, 42, 40, 12, 13, 43, 12, 15, 13, 12, 43, 42, 13, 15, 46, 13, 44, 43, 13, 46, 44, 15, 16, 46, 15, 22, 24, 15, 24, 16, 16, 24, 58, 16, 47, 46, 16, 58, 47, 17, 18, 21, 18, 19, 25, 18, 25, 21, 18, 53, 19, 19, 20, 23, 19, 23, 25, 19, 53, 55, 19, 55, 56, 19, 56, 20, 20, 56, 57, 20, 57, 23, 21, 25, 22, 22, 25, 26, 22, 26, 24, 23, 57, 25, 24, 26, 58, 25, 27, 29, 25, 28, 26, 25, 29, 28, 25, 57, 59, 25, 59, 27, 26, 28, 62, 26, 60, 58, 26, 62, 60, 27, 59, 61, 27, 61, 29, 28, 29, 62, 29, 61, 63, 29, 63, 62, 30, 31, 34, 30, 33, 32, 30, 34, 37, 30, 37, 49, 30, 39, 33, 30, 49, 39, 33, 39, 36, 34, 35, 38, 34, 38, 40, 34, 40, 44, 34, 44, 37, 37, 44, 45, 37, 45, 49, 39, 48, 51, 39, 49, 48, 39, 51, 52, 39, 52, 41, 40, 42, 44, 41, 52, 53, 42, 43, 44, 44, 46, 47, 44, 47, 60, 44, 50, 45, 44, 54, 50, 44, 60, 62, 44, 62, 54, 45, 50, 49, 47, 58, 60, 48, 49, 51, 49, 50, 51, 50, 54, 51, 51, 54, 56, 51, 56, 52, 52, 55, 53, 52, 56, 55, 54, 62, 56, 56, 62, 57, 57, 62, 59, 59, 62, 61, 61, 62, 63]
            uniform token physics:approximation = "convexHull"
            bool physics:collisionEnabled = 1
            point3f[] points = [(0.11588209, 0.24017026, -0.13595816), (0.1158823, 0.24321277, -0.1359112), (0.11588523, 0.23720653, -0.13526861), (0.11589154, 0.23449723, -0.1338834), (0.11589365, 0.27297136, -0.13342029), (0.11589725, 0.27565005, -0.13262732), (0.115900636, 0.2322029, -0.13188462), (0.1159041, 0.27800488, -0.13112432), (0.115912, 0.23045951, -0.12939072), (0.115913644, 0.27985203, -0.12902857), (0.11592493, 0.22937037, -0.12654945), (0.11592514, 0.28104737, -0.12650365), (0.115937695, 0.28149763, -0.1237466), (0.11595033, 0.28116766, -0.120972574), (0.11595972, 0.23958658, -0.11890988), (0.11596205, 0.28008318, -0.118398085), (0.11597195, 0.27832884, -0.116224036), (0.11609108, 0.2224813, -0.090063065), (0.1161231, 0.21581791, -0.08303108), (0.116134495, 0.2155, -0.080529675), (0.11614753, 0.21591845, -0.07766719), (0.11615553, 0.22358659, -0.07591032), (0.11615553, 0.22741342, -0.07591032), (0.11615948, 0.2171388, -0.07504427), (0.11616776, 0.23232883, -0.073224485), (0.116169326, 0.2190589, -0.072880425), (0.11617527, 0.22995193, -0.071575426), (0.11617627, 0.22151807, -0.07135676), (0.11617937, 0.22720245, -0.07067576), (0.11617971, 0.22431049, -0.07060078), (0.12388201, 0.24017026, -0.1359946), (0.12388222, 0.24321277, -0.13594763), (0.12388515, 0.23720653, -0.13530505), (0.12389146, 0.23449723, -0.13391984), (0.12389357, 0.27297136, -0.13345672), (0.12389717, 0.27565005, -0.13266376), (0.123900555, 0.2322029, -0.13192105), (0.12390358, 0.26511028, -0.13125789), (0.12390402, 0.27800488, -0.13116075), (0.12391192, 0.23045951, -0.12942715), (0.123913564, 0.27985203, -0.129065), (0.12392485, 0.22937037, -0.12658589), (0.12392506, 0.28104737, -0.12654008), (0.123937614, 0.28149763, -0.12378302), (0.12395025, 0.28116766, -0.12100901), (0.12395227, 0.2715, -0.12056569), (0.12396197, 0.28008318, -0.11843451), (0.12397187, 0.27832884, -0.11626047), (0.12397504, 0.25242016, -0.11556574), (0.12397504, 0.2553394, -0.11556574), (0.12399868, 0.2573881, -0.11037421), (0.12408788, 0.22364378, -0.0907863), (0.12411236, 0.21675144, -0.08540988), (0.12412302, 0.21581791, -0.083067514), (0.124125704, 0.23011939, -0.0824795), (0.124134414, 0.2155, -0.08056611), (0.12414745, 0.21591845, -0.07770362), (0.124159396, 0.2171388, -0.07508069), (0.12416768, 0.23232883, -0.07326091), (0.124169245, 0.2190589, -0.07291685), (0.12417519, 0.22995193, -0.07161185), (0.12417618, 0.22151807, -0.071393184), (0.12417929, 0.22720245, -0.07071219), (0.124179624, 0.22431049, -0.07063721)]
            uniform token subdivisionScheme = "none"
            token visibility = "invisible"
            quatd xformOp:orient = (0.7071067811865477, 0, 0, 0.7071067811865475)
            double3 xformOp:translate = (0, 0, 0)
            uniform token[] xformOpOrder = ["xformOp:translate", "xformOp:orient"]
        }

        def Mesh "Collision_012" (
            prepend apiSchemas = ["PhysicsMeshCollisionAPI", "PhysicsCollisionAPI"]
        )
        {
            int[] faceVertexCounts = [3, 3, 3, 3, 3, 3, 3, 3, 3, 3, 3, 3, 3, 3]
            int[] faceVertexIndices = [0, 1, 2, 0, 2, 8, 0, 3, 1, 0, 4, 3, 0, 6, 7, 0, 7, 4, 0, 8, 6, 1, 3, 7, 1, 5, 2, 1, 7, 8, 1, 8, 5, 2, 5, 8, 3, 4, 7, 6, 8, 7]
            uniform token physics:approximation = "convexHull"
            bool physics:collisionEnabled = 1
            point3f[] points = [(0.116340294, -0.04003808, -0.035335917), (0.11634956, -0.040703725, -0.033300683), (0.11634956, -0.04003808, -0.033300683), (0.116364114, -0.04071157, -0.03330075), (0.11641538, -0.040405978, -0.03427156), (0.11643223, -0.040436186, -0.03330106), (0.11658206, -0.040680442, -0.033544302), (0.11658316, -0.040765133, -0.03330175), (0.11666298, -0.040765133, -0.03330211)]
            uniform token subdivisionScheme = "none"
            token visibility = "invisible"
            quatd xformOp:orient = (0.7071067811865477, 0, 0, 0.7071067811865475)
            double3 xformOp:translate = (0, 0, 0)
            uniform token[] xformOpOrder = ["xformOp:translate", "xformOp:orient"]
        }

        def Mesh "Collision_013" (
            prepend apiSchemas = ["PhysicsMeshCollisionAPI", "PhysicsCollisionAPI"]
        )
        {
            int[] faceVertexCounts = [3, 3, 3, 3]
            int[] faceVertexIndices = [0, 1, 2, 0, 2, 3, 0, 3, 1, 1, 3, 2]
            uniform token physics:approximation = "convexHull"
            bool physics:collisionEnabled = 1
            point3f[] points = [(0.11634693, 0.04003808, -0.033879064), (0.11634956, 0.04003808, -0.033300683), (0.11634956, 0.040235374, -0.033300683), (0.116369225, 0.040235374, -0.033300772)]
            uniform token subdivisionScheme = "none"
            token visibility = "invisible"
            quatd xformOp:orient = (0.7071067811865477, 0, 0, 0.7071067811865475)
            double3 xformOp:translate = (0, 0, 0)
            uniform token[] xformOpOrder = ["xformOp:translate", "xformOp:orient"]
        }
    }

    def Xform "L_crank" (
        prepend apiSchemas = ["PhysicsRigidBodyAPI", "PhysicsMassAPI", "PhysicsFilteredPairsAPI"]
    )
    {
        point3f physics:centerOfMass = (-0.049812432, -0.015140145, 0.005803948)
        float3 physics:diagonalInertia = (0.00001573448, 0.000104450155, 0.000119459226)
        rel physics:filteredPairs = [
            </Robot/base_link>,
            </Robot/L_lower_coupler>,
            </Robot/L_link1>,
            </Robot/L_rocker>,
            </Robot/L_upper_coupler>,
            </Robot/L_link2>,
            </Robot/L_link3>,
            </Robot/R_crank>,
            </Robot/R_lower_coupler>,
            </Robot/R_link1>,
            </Robot/R_rocker>,
            </Robot/R_upper_coupler>,
            </Robot/R_link2>,
            </Robot/R_link3>,
        ]
        float physics:mass = 0.045842197
        quatf physics:principalAxes = (0.9891408, -0.0007289413, 0.0049499148, 0.14688583)
        bool physics:rigidBodyEnabled = 1
        quatd xformOp:orient = (-0.07735999098557746, 0.0777130698948888, 0.7044412837076773, 0.7012407492227638)
        double3 xformOp:translate = (1.5193149424649162e-18, 0.183798094345848, 0.319163032357256)
        uniform token[] xformOpOrder = ["xformOp:translate", "xformOp:orient"]

        def "Visual" (
            prepend references = @meshes/visuals.usdc@</Visuals/L_C0>
        )
        {
            quatd xformOp:orient = (1, 0, 0, 0)
            double3 xformOp:translate = (5.30552901294578e-19, 2.5298050691328436e-18, -0)
            uniform token[] xformOpOrder = ["xformOp:translate", "xformOp:orient"]
        }

        def Mesh "Collision_000" (
            prepend apiSchemas = ["PhysicsMeshCollisionAPI", "PhysicsCollisionAPI"]
        )
        {
            int[] faceVertexCounts = [3, 3, 3, 3, 3, 3, 3, 3, 3, 3, 3, 3, 3, 3, 3, 3, 3, 3, 3, 3, 3, 3, 3, 3, 3, 3, 3, 3, 3, 3, 3, 3, 3, 3, 3, 3, 3, 3, 3, 3, 3, 3, 3, 3, 3, 3, 3, 3, 3, 3, 3, 3, 3, 3, 3, 3, 3, 3, 3, 3, 3, 3, 3, 3, 3, 3, 3, 3, 3, 3, 3, 3, 3, 3, 3, 3, 3, 3, 3, 3, 3, 3, 3, 3, 3, 3, 3, 3, 3, 3, 3, 3, 3, 3, 3, 3, 3, 3, 3, 3, 3, 3, 3, 3, 3, 3, 3, 3, 3, 3, 3, 3, 3, 3, 3, 3, 3, 3, 3, 3, 3, 3]
            int[] faceVertexIndices = [8, 42, 29, 55, 56, 18, 42, 41, 5, 5, 41, 23, 56, 33, 19, 18, 56, 19, 16, 55, 17, 17, 55, 18, 42, 5, 1, 47, 53, 6, 6, 7, 47, 10, 52, 42, 10, 42, 8, 28, 29, 42, 42, 1, 28, 11, 53, 21, 11, 6, 53, 9, 30, 52, 52, 10, 9, 34, 20, 58, 59, 34, 58, 58, 20, 35, 35, 62, 58, 33, 56, 57, 33, 57, 13, 55, 16, 34, 55, 34, 59, 48, 14, 13, 13, 57, 48, 37, 25, 26, 26, 44, 37, 43, 27, 23, 23, 41, 43, 26, 27, 43, 43, 44, 26, 12, 21, 53, 54, 12, 53, 36, 62, 35, 36, 61, 62, 0, 12, 60, 60, 12, 54, 60, 36, 0, 61, 36, 60, 51, 31, 32, 51, 32, 50, 30, 51, 52, 31, 51, 30, 22, 24, 38, 38, 39, 22, 38, 24, 25, 25, 37, 38, 7, 2, 46, 47, 7, 46, 46, 2, 3, 3, 45, 46, 40, 4, 22, 22, 39, 40, 3, 4, 40, 40, 45, 3, 49, 41, 42, 39, 38, 49, 49, 60, 54, 49, 40, 39, 49, 43, 41, 49, 55, 59, 49, 53, 47, 59, 58, 49, 57, 56, 49, 49, 51, 50, 47, 46, 49, 49, 58, 62, 62, 61, 49, 42, 52, 49, 56, 55, 49, 49, 48, 57, 49, 37, 44, 44, 43, 49, 54, 53, 49, 61, 60, 49, 52, 51, 49, 49, 38, 37, 49, 46, 45, 45, 40, 49, 50, 32, 49, 32, 15, 49, 14, 48, 49, 49, 15, 14, 8, 29, 9, 0, 36, 9, 22, 4, 9, 9, 10, 8, 13, 14, 9, 9, 2, 7, 9, 12, 0, 34, 16, 9, 9, 20, 34, 9, 5, 23, 9, 24, 22, 23, 27, 9, 18, 19, 9, 35, 20, 9, 32, 31, 9, 9, 17, 18, 9, 33, 13, 26, 25, 9, 9, 27, 26, 9, 21, 12, 7, 6, 9, 9, 15, 32, 25, 24, 9, 3, 2, 9, 9, 4, 3, 9, 36, 35, 31, 30, 9, 9, 19, 33, 16, 17, 9, 14, 15, 9, 9, 1, 5, 29, 28, 9, 9, 11, 21, 9, 28, 1, 6, 11, 9]
            uniform token physics:approximation = "convexHull"
            bool physics:collisionEnabled = 1
            point3f[] points = [(0.00043366, 0.03199706, 0.0012), (-0.02667278, -0.03621817, 0.0012), (-0.11884774, -0.02210585, 0.0012), (-0.12170818, -0.02585376, 0.0012), (-0.12326394, -0.03030445, 0.0012), (-0.08623682, -0.04488535, 0.0012), (-0.07133003, 0.00140309, 0.0012), (-0.11496519, -0.019431, 0.0012), (0.00574737, -0.03147964, 0.0012), (0.01069633, -0.03015938, 0.0012), (0.00799525, -0.03098509, 0.0012), (-0.01906462, 0.02635779, 0.0012), (-0.00685685, 0.03125674, 0.0012), (0.03196115, -0.00157631, 0.0012), (0.03076451, -0.00880595, 0.0012), (0.02795455, -0.01557379, 0.0012), (0.02935135, 0.01274749, 0.0012), (0.03018934, 0.01061149, 0.0012), (0.03098866, 0.00798141, 0.0012), (0.03145302, 0.00589131, 0.0012), (0.0206654, 0.02443238, 0.0012), (-0.01378778, 0.02887728, 0.0012), (-0.1233613, -0.03501821, 0.0012), (-0.10634227, -0.0478109, 0.0012), (-0.12199064, -0.03952934, 0.0012), (-0.11928738, -0.04339216, 0.0012), (-0.11551859, -0.04622504, 0.0012), (-0.11105661, -0.04774812, 0.0012), (-0.00548352, -0.03313491, 0.0012), (0.00460781, -0.03166651, 0.0012), (0.01169093, -0.02978795, 0.0012), (0.01816097, -0.02634728, 0.0012), (0.02367863, -0.02152493, 0.0012), (0.03148172, 0.00573599, 0.0012), (0.02568176, 0.01909049, 0.0012), (0.01456533, 0.028493, 0.0012), (0.00770143, 0.03105943, 0.0012), (-0.11928738, -0.04339216, 0.0112), (-0.12199064, -0.03952934, 0.0112), (-0.1233613, -0.03501821, 0.0112), (-0.12326394, -0.03030445, 0.0112), (-0.10634227, -0.0478109, 0.0112), (0.00460781, -0.03166651, 0.0112), (-0.11105661, -0.04774812, 0.0112), (-0.11551859, -0.04622504, 0.0112), (-0.12170818, -0.02585376, 0.0112), (-0.11884774, -0.02210585, 0.0112), (-0.11496519, -0.019431, 0.0112), (0.03076451, -0.00880595, 0.0112), (0.02795455, -0.01557379, 0.0112), (0.02367863, -0.02152493, 0.0112), (0.01816097, -0.02634728, 0.0112), (0.01169093, -0.02978795, 0.0112), (-0.01378778, 0.02887728, 0.0112), (-0.00685685, 0.03125674, 0.0112), (0.02935135, 0.01274749, 0.0112), (0.03148172, 0.00573599, 0.0112), (0.03196115, -0.00157631, 0.0112), (0.0206654, 0.02443238, 0.0112), (0.02568176, 0.01909049, 0.0112), (0.00043366, 0.03199706, 0.0112), (0.00770143, 0.03105943, 0.0112), (0.01456533, 0.028493, 0.0112)]
            uniform token subdivisionScheme = "none"
            token visibility = "invisible"
            quatd xformOp:orient = (1, 0, 0, 0)
            double3 xformOp:translate = (5.30552901294578e-19, 2.5298050691328436e-18, -0)
            uniform token[] xformOpOrder = ["xformOp:translate", "xformOp:orient"]
        }
    }

    def Xform "L_lower_coupler" (
        prepend apiSchemas = ["PhysicsRigidBodyAPI", "PhysicsMassAPI", "PhysicsFilteredPairsAPI"]
    )
    {
        point3f physics:centerOfMass = (0.05962624, -0.03179901, -0.0028)
        float3 physics:diagonalInertia = (0.0000011801768, 0.000060394912, 0.00006123144)
        rel physics:filteredPairs = [
            </Robot/base_link>,
            </Robot/L_crank>,
            </Robot/L_link1>,
            </Robot/L_rocker>,
            </Robot/L_upper_coupler>,
            </Robot/L_link2>,
            </Robot/L_link3>,
            </Robot/R_crank>,
            </Robot/R_lower_coupler>,
            </Robot/R_link1>,
            </Robot/R_rocker>,
            </Robot/R_upper_coupler>,
            </Robot/R_link2>,
            </Robot/R_link3>,
        ]
        float physics:mass = 0.032216813
        quatf physics:principalAxes = (0.9756107, 0, 0, -0.21950813)
        bool physics:rigidBodyEnabled = 1
        quatd xformOp:orient = (0.08065734153366176, -0.08102546988805036, 0.704067977295963, 0.7008691388786598)
        double3 xformOp:translate = (0.09870659491246547, 0.1835438791716488, 0.26333738010292557)
        uniform token[] xformOpOrder = ["xformOp:translate", "xformOp:orient"]

        def "Visual" (
            prepend references = @meshes/visuals.usdc@</Visuals/L_C1>
        )
        {
            quatd xformOp:orient = (1, 0, 0, 0)
            double3 xformOp:translate = (0.10850217573169961, 0.03296722366303815, -0)
            uniform token[] xformOpOrder = ["xformOp:translate", "xformOp:orient"]
        }

        def Mesh "Collision_000" (
            prepend apiSchemas = ["PhysicsMeshCollisionAPI", "PhysicsCollisionAPI"]
        )
        {
            int[] faceVertexCounts = [3, 3, 3, 3, 3, 3, 3, 3, 3, 3, 3, 3, 3, 3, 3, 3, 3, 3, 3, 3, 3, 3, 3, 3, 3, 3, 3, 3, 3, 3, 3, 3, 3, 3, 3, 3, 3, 3, 3, 3, 3, 3, 3, 3, 3, 3, 3, 3, 3, 3, 3, 3, 3, 3, 3, 3, 3, 3, 3, 3, 3, 3, 3, 3, 3, 3, 3, 3, 3, 3, 3, 3, 3, 3, 3, 3]
            int[] faceVertexIndices = [39, 20, 19, 19, 18, 39, 7, 4, 6, 5, 4, 7, 36, 35, 37, 37, 38, 36, 1, 37, 0, 1, 38, 37, 22, 39, 21, 20, 39, 22, 21, 23, 22, 22, 23, 24, 31, 34, 33, 33, 32, 31, 33, 34, 35, 35, 36, 33, 17, 18, 19, 17, 16, 18, 14, 16, 17, 17, 15, 14, 13, 10, 12, 11, 10, 13, 12, 14, 13, 14, 15, 13, 30, 29, 31, 31, 32, 30, 27, 29, 30, 30, 28, 27, 31, 29, 26, 26, 8, 6, 12, 10, 26, 18, 16, 26, 0, 37, 26, 26, 14, 12, 26, 29, 27, 21, 39, 26, 37, 35, 26, 26, 34, 31, 26, 39, 18, 6, 4, 26, 26, 23, 21, 35, 34, 26, 26, 16, 14, 26, 3, 0, 10, 8, 26, 4, 3, 26, 9, 8, 10, 9, 10, 11, 9, 7, 6, 6, 8, 9, 2, 4, 5, 2, 3, 4, 2, 1, 0, 0, 3, 2, 11, 13, 25, 25, 9, 11, 5, 7, 25, 19, 20, 25, 20, 22, 25, 32, 33, 25, 25, 30, 32, 25, 36, 38, 38, 1, 25, 25, 17, 19, 25, 22, 24, 25, 2, 5, 25, 33, 36, 15, 17, 25, 25, 13, 15, 28, 30, 25, 7, 9, 25, 1, 2, 25, 24, 23, 25, 23, 26, 25, 27, 28, 25, 25, 26, 27]
            uniform token physics:approximation = "convexHull"
            bool physics:collisionEnabled = 1
            point3f[] points = [(-0.10314525, -0.02222928, -0.0068), (-0.10314525, -0.02222928, 0.0012), (-0.10716757, -0.02104167, 0.0012), (-0.10716757, -0.02104167, -0.0068), (-0.11135291, -0.02131075, -0.0068), (-0.11135291, -0.02131075, 0.0012), (-0.11519004, -0.02300367, -0.0068), (-0.11519004, -0.02300367, 0.0012), (-0.11821025, -0.02591362, -0.0068), (-0.11821025, -0.02591362, 0.0012), (-0.12004463, -0.02968518, -0.0068), (-0.12004463, -0.02968518, 0.0012), (-0.12046909, -0.03385762, -0.0068), (-0.12046909, -0.03385762, 0.0012), (-0.11943182, -0.03792131, -0.0068), (-0.11943182, -0.03792131, 0.0012), (-0.11705948, -0.04137986, -0.0068), (-0.11705948, -0.04137986, 0.0012), (-0.11364189, -0.04381081, -0.0068), (-0.11364189, -0.04381081, 0.0012), (0.00834848, -0.10163252, 0.0012), (0.0123939, -0.10273893, -0.0068), (0.0123939, -0.10273893, 0.0012), (0.01657298, -0.10238566, -0.0068), (0.01657298, -0.10238566, 0.0012), (0.02037525, -0.10061585, 0.0012), (0.02037525, -0.10061585, -0.0068), (0.02333628, -0.0976457, -0.0068), (0.02333628, -0.0976457, 0.0012), (0.02509437, -0.09383799, -0.0068), (0.02509437, -0.09383799, 0.0012), (0.02543477, -0.08965784, -0.0068), (0.02543477, -0.08965784, 0.0012), (0.0243159, -0.08561586, 0.0012), (0.0243159, -0.08561586, -0.0068), (0.02187444, -0.08220576, -0.0068), (0.02187444, -0.08220576, 0.0012), (0.0184086, -0.07984409, -0.0068), (0.0184086, -0.07984409, 0.0012), (0.00834848, -0.10163252, -0.0068)]
            uniform token subdivisionScheme = "none"
            token visibility = "invisible"
            quatd xformOp:orient = (1, 0, 0, 0)
            double3 xformOp:translate = (0.10850217573169961, 0.03296722366303815, -0)
            uniform token[] xformOpOrder = ["xformOp:translate", "xformOp:orient"]
        }
    }

    def Xform "L_link1" (
        prepend apiSchemas = ["PhysicsRigidBodyAPI", "PhysicsMassAPI", "PhysicsFilteredPairsAPI"]
    )
    {
        point3f physics:centerOfMass = (0.09561466, 0.0033043437, -0.00748833)
        float3 physics:diagonalInertia = (0.0000870977, 0.0010622044, 0.0011427306)
        rel physics:filteredPairs = [
            </Robot/base_link>,
            </Robot/L_crank>,
            </Robot/L_lower_coupler>,
            </Robot/L_rocker>,
            </Robot/L_upper_coupler>,
            </Robot/L_link2>,
            </Robot/L_link3>,
            </Robot/R_crank>,
            </Robot/R_lower_coupler>,
            </Robot/R_link1>,
            </Robot/R_rocker>,
            </Robot/R_upper_coupler>,
            </Robot/R_link2>,
            </Robot/R_link3>,
        ]
        float physics:mass = 0.18228057
        quatf physics:principalAxes = (0.9998987, 0.0043589575, 0.0021215663, 0.013382735)
        bool physics:rigidBodyEnabled = 1
        quatd xformOp:orient = (0.14543357722199887, -0.14609735093977108, 0.6934929036930296, 0.6903421117041931)
        double3 xformOp:translate = (0, 0.183798094345848, 0.319163032357256)
        uniform token[] xformOpOrder = ["xformOp:translate", "xformOp:orient"]

        def "Visual" (
            prepend references = @meshes/visuals.usdc@</Visuals/L_C2>
        )
        {
            quatd xformOp:orient = (1, 0, 0, 0)
            double3 xformOp:translate = (-0, -0, -0)
            uniform token[] xformOpOrder = ["xformOp:translate", "xformOp:orient"]
        }

        def Mesh "Collision_000" (
            prepend apiSchemas = ["PhysicsMeshCollisionAPI", "PhysicsCollisionAPI"]
        )
        {
            int[] faceVertexCounts = [3, 3, 3, 3, 3, 3, 3, 3, 3, 3, 3, 3, 3, 3, 3, 3, 3, 3, 3, 3, 3, 3, 3, 3, 3, 3, 3, 3, 3, 3, 3, 3, 3, 3, 3, 3, 3, 3, 3, 3, 3, 3, 3, 3, 3, 3, 3, 3, 3, 3, 3, 3, 3, 3, 3, 3, 3, 3, 3, 3, 3, 3, 3, 3, 3, 3, 3, 3, 3, 3, 3, 3, 3, 3, 3, 3, 3, 3, 3, 3, 3, 3, 3, 3, 3, 3, 3, 3, 3, 3, 3, 3, 3, 3, 3, 3, 3, 3, 3, 3, 3, 3, 3, 3, 3, 3, 3, 3, 3, 3, 3, 3, 3, 3]
            int[] faceVertexIndices = [3, 36, 37, 0, 57, 17, 1, 57, 0, 2, 57, 1, 58, 57, 2, 18, 17, 56, 56, 17, 57, 4, 36, 3, 36, 4, 39, 5, 7, 6, 42, 43, 8, 42, 9, 45, 8, 9, 42, 11, 25, 49, 12, 25, 11, 16, 27, 26, 16, 26, 24, 31, 30, 53, 53, 18, 31, 53, 30, 29, 29, 15, 53, 56, 50, 31, 31, 18, 56, 51, 50, 56, 56, 57, 51, 4, 1, 5, 3, 2, 4, 2, 1, 4, 47, 48, 10, 10, 14, 47, 35, 19, 20, 20, 55, 35, 35, 25, 12, 12, 19, 35, 29, 28, 54, 54, 15, 29, 54, 28, 27, 27, 16, 54, 54, 16, 24, 54, 22, 21, 24, 23, 54, 21, 17, 54, 54, 23, 22, 18, 53, 54, 54, 17, 18, 54, 53, 15, 51, 57, 52, 57, 58, 52, 0, 17, 7, 7, 19, 12, 7, 17, 21, 20, 19, 7, 7, 21, 20, 5, 1, 7, 7, 1, 0, 24, 26, 32, 32, 23, 24, 22, 23, 32, 32, 33, 22, 20, 21, 34, 34, 55, 20, 21, 22, 34, 22, 33, 34, 47, 14, 46, 14, 13, 46, 46, 11, 49, 46, 13, 11, 38, 2, 3, 3, 37, 38, 38, 52, 58, 38, 58, 2, 44, 7, 8, 8, 43, 44, 40, 6, 44, 44, 6, 7, 41, 6, 40, 5, 6, 41, 41, 4, 5, 41, 39, 4, 9, 10, 48, 48, 45, 9, 14, 10, 9, 11, 13, 9, 9, 7, 12, 9, 13, 14, 8, 7, 9, 12, 11, 9, 42, 50, 51, 42, 41, 40, 42, 30, 31, 55, 34, 42, 42, 35, 55, 26, 27, 42, 42, 28, 29, 42, 38, 37, 36, 39, 42, 29, 30, 42, 31, 50, 42, 42, 37, 36, 42, 48, 47, 49, 25, 42, 27, 28, 42, 51, 52, 42, 42, 32, 26, 25, 35, 42, 47, 46, 42, 42, 44, 43, 33, 32, 42, 42, 34, 33, 42, 45, 48, 42, 46, 49, 52, 38, 42, 40, 44, 42, 39, 41, 42]
            uniform token physics:approximation = "convexHull"
            bool physics:collisionEnabled = 1
            point3f[] points = [(0.00427889, -0.04328904, 0), (-0.0067552, -0.04297229, 0), (-0.01735429, -0.03988833, 0), (-0.02683584, -0.03423576, 0), (-0.03458931, -0.02637859, 0), (-0.04011539, -0.01682276, 0), (-0.04152225, -0.01296738, 0), (-0.04305825, -0.00618363, 0), (-0.04322837, 0.00485369, 0), (-0.04061479, 0.01557846, 0), (-0.03538584, 0.02530005, 0), (-0.00807635, 0.04274368, 0), (0.00294273, 0.04340035, 0), (-0.01857536, 0.03933454, 0), (-0.0278782, 0.03339245, 0), (0.2323328, -0.02003113, 0), (0.23963737, -0.00465041, 0), (0.20929377, -0.02999169, 0), (0.21783401, -0.02895908, 0), (0.21, 0.03, 0), (0.21851356, 0.02876663, 0), (0.2263271, 0.02516795, 0), (0.23279816, 0.01949984, 0), (0.23739465, 0.01222837, 0), (0.23973863, 0.00395143, 0), (0.00294273, 0.04340035, -0.015), (0.23973863, 0.00395143, -0.015), (0.23963737, -0.00465041, -0.015), (0.23709919, -0.01286988, -0.015), (0.2323328, -0.02003113, -0.015), (0.2257301, -0.02554533, -0.015), (0.21783401, -0.02895908, -0.015), (0.23739465, 0.01222837, -0.015), (0.23279816, 0.01949984, -0.015), (0.2263271, 0.02516795, -0.015), (0.21, 0.03, -0.015), (-0.03066067, -0.0308573, -0.015), (-0.02683584, -0.03423576, -0.015), (-0.01735429, -0.03988833, -0.015), (-0.03458931, -0.02637859, -0.015), (-0.04152225, -0.01296738, -0.015), (-0.04011539, -0.01682276, -0.015), (-0.04120988, 0.01392825, -0.015), (-0.04322837, 0.00485369, -0.015), (-0.04305825, -0.00618363, -0.015), (-0.04061479, 0.01557846, -0.015), (-0.01857536, 0.03933454, -0.015), (-0.0278782, 0.03339245, -0.015), (-0.03538584, 0.02530005, -0.015), (-0.00807635, 0.04274368, -0.015), (0.01834172, -0.05712776, -0.015), (0.01428145, -0.05746289, -0.015), (0.01048942, -0.05597341, -0.015), (0.2257301, -0.02554533, 0), (0.23709919, -0.01286988, 0), (0.21851356, 0.02876663, -0.015), (0.01834172, -0.05712776, -0.01), (0.01428145, -0.05746289, -0.01), (0.01048942, -0.05597341, -0.01)]
            uniform token subdivisionScheme = "none"
            token visibility = "invisible"
            quatd xformOp:orient = (1, 0, 0, 0)
            double3 xformOp:translate = (-0, -0, -0)
            uniform token[] xformOpOrder = ["xformOp:translate", "xformOp:orient"]
        }
    }

    def Xform "L_rocker" (
        prepend apiSchemas = ["PhysicsRigidBodyAPI", "PhysicsMassAPI", "PhysicsFilteredPairsAPI"]
    )
    {
        point3f physics:centerOfMass = (-0.029722072, -0.02202456, 0.0039620786)
        float3 physics:diagonalInertia = (0.0000031876978, 0.00019289815, 0.00019560155)
        rel physics:filteredPairs = [
            </Robot/base_link>,
            </Robot/L_crank>,
            </Robot/L_lower_coupler>,
            </Robot/L_link1>,
            </Robot/L_upper_coupler>,
            </Robot/L_link2>,
            </Robot/L_link3>,
            </Robot/R_crank>,
            </Robot/R_lower_coupler>,
            </Robot/R_link1>,
            </Robot/R_rocker>,
            </Robot/R_upper_coupler>,
            </Robot/R_link2>,
            </Robot/R_link3>,
        ]
        float physics:mass = 0.045924813
        quatf physics:principalAxes = (-0.4024235, -0.000046909823, 0.00025883774, 0.9154536)
        bool physics:rigidBodyEnabled = 1
        quatd xformOp:orient = (-0.011865568312870643, 0.011919723979963315, 0.7086146792188612, 0.705395183471226)
        double3 xformOp:translate = (-0.10376205075226667, 0.18358976645582462, 0.2734142277080977)
        uniform token[] xformOpOrder = ["xformOp:translate", "xformOp:orient"]

        def "Visual" (
            prepend references = @meshes/visuals.usdc@</Visuals/L_C3>
        )
        {
            quatd xformOp:orient = (1, 0, 0, 0)
            double3 xformOp:translate = (-0.11339999869335352, 2.51132288400128e-10, -0)
            uniform token[] xformOpOrder = ["xformOp:translate", "xformOp:orient"]
        }

        def Mesh "Collision_000" (
            prepend apiSchemas = ["PhysicsMeshCollisionAPI", "PhysicsCollisionAPI"]
        )
        {
            int[] faceVertexCounts = [3, 3, 3, 3, 3, 3, 3, 3, 3, 3, 3, 3, 3, 3, 3, 3, 3, 3, 3, 3, 3, 3, 3, 3, 3, 3, 3, 3, 3, 3, 3, 3, 3, 3, 3, 3, 3, 3, 3, 3, 3, 3, 3, 3, 3, 3, 3, 3, 3, 3, 3, 3, 3, 3, 3, 3, 3, 3, 3, 3, 3, 3, 3, 3, 3, 3, 3, 3, 3, 3, 3, 3, 3, 3, 3, 3]
            int[] faceVertexIndices = [20, 21, 19, 27, 18, 19, 27, 37, 18, 19, 37, 27, 36, 37, 35, 26, 25, 39, 39, 31, 38, 39, 30, 28, 25, 30, 39, 0, 1, 18, 18, 1, 19, 6, 24, 5, 24, 23, 5, 14, 0, 37, 0, 18, 37, 20, 1, 2, 19, 1, 20, 2, 3, 20, 3, 21, 20, 4, 5, 22, 22, 5, 23, 22, 3, 4, 22, 21, 3, 25, 23, 24, 26, 23, 25, 6, 7, 25, 25, 24, 6, 12, 11, 29, 28, 12, 29, 16, 15, 36, 36, 35, 16, 36, 15, 14, 14, 37, 36, 30, 13, 12, 30, 12, 28, 30, 7, 13, 30, 25, 7, 16, 35, 17, 35, 34, 17, 17, 34, 33, 33, 8, 17, 6, 5, 9, 9, 7, 6, 9, 3, 2, 9, 15, 16, 2, 1, 9, 9, 0, 14, 14, 15, 9, 4, 3, 9, 9, 11, 12, 9, 1, 0, 12, 13, 9, 13, 7, 9, 9, 5, 4, 9, 10, 11, 16, 17, 9, 9, 17, 8, 31, 29, 11, 11, 10, 31, 29, 31, 39, 28, 29, 39, 39, 38, 21, 21, 22, 39, 39, 22, 23, 39, 23, 26, 32, 8, 33, 32, 9, 8, 10, 9, 32, 32, 31, 10, 33, 34, 32, 32, 34, 35, 21, 38, 32, 32, 37, 19, 35, 37, 32, 19, 21, 32, 38, 31, 32]
            uniform token physics:approximation = "convexHull"
            bool physics:collisionEnabled = 1
            point3f[] points = [(0.14105302, 0.0628593, 0.008), (0.14467686, 0.06594768, 0.008), (0.14926633, 0.06721534, 0.008), (0.15396158, 0.06642478, 0.008), (0.1578829, 0.06372412, 0.008), (0.16029559, 0.05961934, 0.008), (0.16074765, 0.05487952, 0.008), (0.15915436, 0.05039269, 0.008), (0.00789791, -0.10026252, 0.008), (0.0122857, -0.10172301, 0.008), (0.01688602, -0.101251, 0.008), (0.02088581, -0.0989299, 0.008), (0.12079762, -0.00814096, 0.008), (0.12263177, -0.00598118, 0.008), (0.0047752, -0.08407448, 0.008), (0.00278545, -0.08824901, 0.008), (0.00268731, -0.09287245, 0.008), (0.00449815, -0.09712764, 0.008), (0.14105302, 0.0628593, -0), (0.14467686, 0.06594768, -0), (0.14926633, 0.06721534, -0), (0.15396158, 0.06642478, -0), (0.1578829, 0.06372412, -0), (0.16029559, 0.05961934, -0), (0.16074765, 0.05487952, -0), (0.15915436, 0.05039269, -0), (0.15581422, 0.04699949, -0), (0.14001262, 0.06164099, -0), (0.12079762, -0.00814096, -0), (0.02088581, -0.0989299, -0), (0.12263177, -0.00598118, -0), (0.01688602, -0.101251, -0), (0.0122857, -0.10172301, -0), (0.00789791, -0.10026252, -0), (0.00449815, -0.09712764, -0), (0.00268731, -0.09287245, -0), (0.00278545, -0.08824901, -0), (0.0047752, -0.08407448, -0), (0.0604912, -0.04983507, -0), (0.12450646, -0.00242047, -0)]
            uniform token subdivisionScheme = "none"
            token visibility = "invisible"
            quatd xformOp:orient = (1, 0, 0, 0)
            double3 xformOp:translate = (-0.11339999869335352, 2.51132288400128e-10, -0)
            uniform token[] xformOpOrder = ["xformOp:translate", "xformOp:orient"]
        }
    }

    def Xform "L_upper_coupler" (
        prepend apiSchemas = ["PhysicsRigidBodyAPI", "PhysicsMassAPI", "PhysicsFilteredPairsAPI"]
    )
    {
        point3f physics:centerOfMass = (0.048482936, 0.0014755928, -0.004)
        float3 physics:diagonalInertia = (6.061808e-7, 0.000019433119, 0.000019828785)
        rel physics:filteredPairs = [
            </Robot/base_link>,
            </Robot/L_crank>,
            </Robot/L_lower_coupler>,
            </Robot/L_link1>,
            </Robot/L_rocker>,
            </Robot/L_link2>,
            </Robot/L_link3>,
            </Robot/R_crank>,
            </Robot/R_lower_coupler>,
            </Robot/R_link1>,
            </Robot/R_rocker>,
            </Robot/R_upper_coupler>,
            </Robot/R_link2>,
            </Robot/R_link3>,
        ]
        float physics:mass = 0.019735614
        quatf physics:principalAxes = (0.99999964, 2.7117203e-15, -5.874065e-16, -0.00081702624)
        bool physics:rigidBodyEnabled = 1
        quatd xformOp:orient = (0.14543357634484244, -0.14609735005861124, 0.6934929038786624, 0.6903421118889828)
        double3 xformOp:translate = (-0.1382811125677741, 0.1838512541387648, 0.33083692288190364)
        uniform token[] xformOpOrder = ["xformOp:translate", "xformOp:orient"]

        def "Visual" (
            prepend references = @meshes/visuals.usdc@</Visuals/L_C4>
        )
        {
            quatd xformOp:orient = (1, 0, 0, 0)
            double3 xformOp:translate = (-0.14983084544858088, -0.056229831457405254, -0)
            uniform token[] xformOpOrder = ["xformOp:translate", "xformOp:orient"]
        }

        def Mesh "Collision_000" (
            prepend apiSchemas = ["PhysicsMeshCollisionAPI", "PhysicsCollisionAPI"]
        )
        {
            int[] faceVertexCounts = [3, 3, 3, 3, 3, 3, 3, 3, 3, 3, 3, 3, 3, 3, 3, 3, 3, 3, 3, 3, 3, 3, 3, 3, 3, 3, 3, 3, 3, 3, 3, 3, 3, 3, 3, 3, 3, 3, 3, 3, 3, 3, 3, 3, 3, 3, 3, 3, 3, 3, 3, 3, 3, 3, 3, 3, 3, 3, 3, 3, 3, 3, 3, 3, 3, 3, 3, 3, 3, 3, 3, 3, 3, 3, 3, 3, 3, 3, 3, 3, 3, 3, 3, 3, 3, 3, 3, 3]
            int[] faceVertexIndices = [35, 32, 33, 29, 32, 27, 20, 17, 45, 42, 21, 27, 10, 11, 6, 6, 11, 42, 5, 1, 3, 23, 19, 22, 20, 19, 23, 25, 24, 26, 25, 26, 27, 25, 23, 22, 22, 24, 25, 31, 34, 33, 33, 34, 35, 33, 30, 31, 33, 32, 30, 26, 28, 29, 27, 26, 29, 29, 28, 30, 30, 32, 29, 45, 19, 20, 45, 18, 19, 16, 18, 45, 45, 17, 16, 21, 25, 27, 23, 25, 21, 20, 23, 21, 0, 1, 41, 41, 40, 0, 3, 1, 0, 0, 2, 3, 9, 13, 11, 11, 13, 12, 11, 8, 9, 10, 8, 11, 39, 38, 40, 39, 40, 41, 37, 38, 39, 39, 44, 37, 1, 42, 43, 41, 1, 43, 43, 42, 27, 43, 32, 35, 43, 39, 41, 27, 32, 43, 44, 39, 43, 35, 34, 43, 34, 36, 43, 43, 36, 37, 37, 44, 43, 15, 11, 12, 15, 17, 20, 20, 21, 15, 21, 42, 15, 42, 11, 15, 13, 14, 15, 12, 13, 15, 16, 17, 15, 15, 14, 16, 3, 2, 5, 2, 4, 5, 5, 42, 1, 5, 6, 42, 7, 24, 22, 7, 28, 26, 19, 18, 7, 31, 30, 7, 22, 19, 7, 37, 36, 7, 7, 13, 9, 7, 34, 31, 26, 24, 7, 16, 14, 7, 30, 28, 7, 40, 38, 7, 7, 18, 16, 9, 8, 7, 7, 38, 37, 7, 36, 34, 7, 0, 40, 7, 14, 13, 2, 0, 7, 7, 4, 2, 7, 8, 10, 10, 6, 7, 7, 5, 4, 6, 5, 7]
            uniform token physics:approximation = "convexHull"
            bool physics:collisionEnabled = 1
            point3f[] points = [(0.15072757, 0.06719323, -0.008), (0.15072757, 0.06719323, 0), (0.14730628, 0.06693621, -0.008), (0.14730628, 0.06693621, 0), (0.14413059, 0.06563766, -0.008), (0.14413059, 0.06563766, 0), (0.14150944, 0.06342388, 0), (0.14150944, 0.06342388, -0.008), (0.13969782, 0.06051024, -0.008), (0.13887197, 0.05718019, -0.008), (0.13969782, 0.06051024, 0), (0.13887197, 0.05718019, 0), (0.13911223, 0.05375769, 0), (0.13911223, 0.05375769, -0.008), (0.14039524, 0.05057568, -0.008), (0.14039524, 0.05057568, 0), (0.14259616, 0.04794373, -0.008), (0.14259616, 0.04794373, 0), (0.1455009, 0.04611788, -0.008), (0.14882687, 0.04527574, -0.008), (0.14882687, 0.04527574, 0), (0.1522505, 0.04549925, 0), (0.24668054, 0.04523266, -0.008), (0.24668054, 0.04523266, 0), (0.25012124, 0.04586736, -0.008), (0.25012124, 0.04586736, 0), (0.2531886, 0.0475504, -0.008), (0.2531886, 0.0475504, 0), (0.2555723, 0.05011152, -0.008), (0.2555723, 0.05011152, 0), (0.25703117, 0.05329163, -0.008), (0.25741762, 0.05676899, -0.008), (0.25703117, 0.05329163, 0), (0.25741762, 0.05676899, 0), (0.25669256, 0.06019179, -0.008), (0.25669256, 0.06019179, 0), (0.25492933, 0.06321378, -0.008), (0.25230634, 0.06552921, -0.008), (0.24908893, 0.06690384, -0.008), (0.24908893, 0.06690384, 0), (0.24560261, 0.06719861, -0.008), (0.24560261, 0.06719861, 0), (0.14302911, 0.06044129, 0), (0.25492933, 0.06321378, 0), (0.25230634, 0.06552921, 0), (0.1455009, 0.04611788, 0)]
            uniform token subdivisionScheme = "none"
            token visibility = "invisible"
            quatd xformOp:orient = (1, 0, 0, 0)
            double3 xformOp:translate = (-0.14983084544858088, -0.056229831457405254, -0)
            uniform token[] xformOpOrder = ["xformOp:translate", "xformOp:orient"]
        }
    }

    def Xform "L_link2" (
        prepend apiSchemas = ["PhysicsRigidBodyAPI", "PhysicsMassAPI", "PhysicsFilteredPairsAPI"]
    )
    {
        point3f physics:centerOfMass = (0.15963, 0.000083413, 0.011927)
        float3 physics:diagonalInertia = (0.00015791514, 0.0049013174, 0.0049677673)
        rel physics:filteredPairs = [
            </Robot/base_link>,
            </Robot/L_crank>,
            </Robot/L_lower_coupler>,
            </Robot/L_link1>,
            </Robot/L_rocker>,
            </Robot/L_upper_coupler>,
            </Robot/L_link3>,
            </Robot/R_crank>,
            </Robot/R_lower_coupler>,
            </Robot/R_link1>,
            </Robot/R_rocker>,
            </Robot/R_upper_coupler>,
            </Robot/R_link2>,
            </Robot/R_link3>,
        ]
        float physics:mass = 0.45
        quatf physics:principalAxes = (0.99944234, -0.02533331, 0.020090962, -0.008344163)
        bool physics:rigidBodyEnabled = 1
        quatd xformOp:orient = (-0.6536878733373637, 0.6566713716342115, -0.2665699778674477, -0.26535885292838207)
        double3 xformOp:translate = (-0.19215194823921358, 0.18341230195440822, 0.23444302319705063)
        uniform token[] xformOpOrder = ["xformOp:translate", "xformOp:orient"]

        def "Visual" (
            prepend references = @meshes/visuals.usdc@</Visuals/L_shank>
        )
        {
            quatd xformOp:orient = (1, 0, 0, 0)
            double3 xformOp:translate = (-0, -0, -0)
            uniform token[] xformOpOrder = ["xformOp:translate", "xformOp:orient"]
        }

        def Mesh "Collision_000" (
            prepend apiSchemas = ["PhysicsMeshCollisionAPI", "PhysicsCollisionAPI"]
        )
        {
            int[] faceVertexCounts = [3, 3, 3, 3, 3, 3, 3, 3, 3, 3, 3, 3, 3, 3, 3, 3, 3, 3, 3, 3, 3, 3, 3, 3, 3, 3, 3, 3, 3, 3, 3, 3, 3, 3, 3, 3, 3, 3, 3, 3, 3, 3, 3, 3, 3, 3, 3, 3, 3, 3, 3, 3, 3, 3, 3, 3, 3, 3, 3, 3, 3, 3, 3, 3, 3, 3, 3, 3, 3, 3, 3, 3, 3, 3, 3, 3, 3, 3, 3, 3, 3, 3, 3, 3, 3, 3, 3, 3, 3, 3, 3, 3, 3, 3, 3, 3, 3, 3, 3, 3, 3, 3, 3, 3, 3, 3, 3, 3, 3, 3, 3, 3, 3, 3, 3, 3, 3, 3, 3, 3, 3, 3, 3, 3, 3, 3, 3, 3, 3, 3, 3, 3, 3, 3, 3, 3, 3, 3, 3, 3, 3, 3, 3, 3, 3, 3, 3, 3, 3, 3, 3, 3, 3, 3, 3, 3, 3, 3, 3, 3, 3, 3, 3, 3, 3, 3, 3, 3, 3, 3, 3, 3, 3, 3, 3, 3, 3, 3, 3, 3, 3, 3, 3, 3, 3, 3, 3, 3, 3, 3, 3, 3, 3, 3, 3, 3, 3, 3, 3, 3, 3, 3, 3, 3, 3, 3, 3, 3, 3, 3, 3, 3, 3, 3, 3, 3, 3, 3, 3, 3, 3, 3, 3, 3, 3, 3, 3, 3, 3, 3, 3, 3, 3, 3, 3, 3, 3, 3, 3, 3, 3, 3, 3, 3, 3, 3, 3, 3, 3, 3, 3, 3, 3, 3, 3, 3, 3, 3, 3, 3, 3, 3, 3, 3, 3, 3, 3, 3, 3, 3, 3, 3, 3, 3, 3, 3, 3, 3, 3, 3, 3, 3, 3, 3, 3, 3, 3, 3, 3, 3, 3, 3, 3, 3, 3, 3, 3, 3, 3, 3, 3, 3]
            int[] faceVertexIndices = [0, 1, 4, 0, 2, 1, 0, 4, 38, 0, 36, 2, 0, 38, 36, 1, 2, 3, 1, 3, 21, 1, 5, 4, 1, 21, 26, 1, 26, 5, 2, 6, 3, 2, 36, 37, 2, 37, 6, 3, 6, 7, 3, 7, 22, 3, 22, 21, 4, 5, 8, 4, 8, 43, 4, 43, 38, 5, 9, 8, 5, 26, 28, 5, 28, 9, 6, 10, 7, 6, 37, 41, 6, 41, 10, 7, 10, 11, 7, 11, 25, 7, 23, 22, 7, 25, 23, 8, 9, 12, 8, 12, 43, 9, 15, 12, 9, 28, 30, 9, 30, 31, 9, 31, 15, 10, 13, 14, 10, 14, 11, 10, 41, 46, 10, 46, 13, 11, 14, 29, 11, 27, 25, 11, 29, 27, 12, 15, 16, 12, 16, 18, 12, 17, 43, 12, 18, 17, 13, 40, 83, 13, 45, 55, 13, 46, 45, 13, 55, 40, 13, 81, 14, 13, 83, 81, 14, 24, 33, 14, 33, 29, 14, 81, 82, 14, 82, 24, 15, 31, 16, 16, 31, 18, 17, 18, 20, 17, 19, 43, 17, 20, 19, 18, 31, 34, 18, 34, 20, 19, 20, 51, 19, 42, 49, 19, 47, 42, 19, 48, 43, 19, 49, 48, 19, 50, 47, 19, 51, 50, 20, 34, 51, 21, 22, 34, 21, 34, 26, 22, 23, 34, 23, 25, 34, 24, 44, 33, 24, 82, 44, 25, 27, 34, 26, 34, 28, 27, 29, 34, 28, 34, 30, 29, 32, 34, 29, 33, 64, 29, 64, 32, 30, 34, 31, 32, 64, 89, 32, 89, 107, 32, 107, 34, 33, 44, 64, 34, 35, 51, 34, 39, 35, 34, 107, 109, 34, 109, 115, 34, 113, 39, 34, 115, 118, 34, 117, 113, 34, 118, 119, 34, 119, 117, 35, 39, 77, 35, 69, 51, 35, 77, 69, 36, 38, 48, 36, 48, 37, 37, 48, 41, 38, 43, 48, 39, 101, 77, 39, 113, 101, 40, 55, 58, 40, 58, 83, 41, 48, 46, 42, 47, 52, 42, 52, 67, 42, 67, 49, 44, 82, 64, 45, 46, 53, 45, 53, 54, 45, 54, 66, 45, 66, 55, 46, 48, 53, 47, 50, 52, 48, 49, 56, 48, 56, 61, 48, 59, 53, 48, 61, 63, 48, 63, 59, 49, 57, 56, 49, 67, 71, 49, 71, 80, 49, 80, 57, 50, 51, 68, 50, 68, 52, 51, 69, 68, 52, 68, 76, 52, 76, 67, 53, 59, 54, 54, 59, 60, 54, 60, 99, 54, 75, 66, 54, 86, 75, 54, 91, 86, 54, 99, 91, 55, 66, 70, 55, 70, 58, 56, 57, 61, 57, 62, 61, 57, 80, 90, 57, 90, 98, 57, 98, 102, 57, 102, 62, 58, 70, 83, 59, 63, 65, 59, 65, 60, 60, 65, 110, 60, 103, 99, 60, 106, 103, 60, 110, 106, 61, 62, 65, 61, 65, 63, 62, 102, 104, 62, 104, 108, 62, 108, 112, 62, 112, 65, 64, 82, 84, 64, 84, 89, 65, 111, 110, 65, 112, 114, 65, 114, 111, 66, 74, 70, 66, 75, 74, 67, 76, 78, 67, 78, 79, 67, 79, 71, 68, 69, 73, 68, 72, 79, 68, 73, 72, 68, 78, 76, 68, 79, 78, 69, 77, 73, 70, 74, 75, 70, 75, 100, 70, 88, 83, 70, 100, 88, 71, 79, 80, 72, 73, 123, 72, 105, 79, 72, 123, 105, 73, 77, 101, 73, 101, 124, 73, 124, 123, 75, 86, 100, 79, 105, 80, 80, 105, 90, 81, 83, 84, 81, 84, 82, 83, 85, 84, 83, 88, 85, 84, 85, 87, 84, 87, 89, 85, 88, 87, 86, 91, 100, 87, 88, 92, 87, 92, 94, 87, 94, 89, 88, 93, 92, 88, 100, 93, 89, 94, 95, 89, 95, 107, 90, 105, 98, 91, 99, 122, 91, 122, 100, 92, 93, 94, 93, 96, 97, 93, 97, 94, 93, 100, 96, 94, 97, 95, 95, 97, 116, 95, 116, 120, 95, 120, 107, 96, 100, 136, 96, 136, 137, 96, 137, 97, 97, 137, 116, 98, 105, 125, 98, 125, 102, 99, 103, 122, 100, 122, 136, 101, 113, 121, 101, 121, 130, 101, 127, 124, 101, 130, 127, 102, 125, 104, 103, 106, 133, 103, 133, 122, 104, 125, 135, 104, 135, 108, 105, 123, 126, 105, 126, 125, 106, 110, 134, 106, 134, 133, 107, 120, 109, 108, 135, 112, 109, 120, 139, 109, 139, 142, 109, 142, 115, 110, 111, 134, 111, 114, 140, 111, 140, 134, 112, 135, 114, 113, 117, 121, 114, 135, 140, 115, 142, 144, 115, 144, 150, 115, 150, 152, 115, 152, 118, 116, 137, 120, 117, 119, 148, 117, 128, 121, 117, 146, 128, 117, 148, 146, 118, 152, 119, 119, 152, 148, 120, 137, 139, 121, 128, 132, 121, 132, 130, 122, 133, 141, 122, 138, 136, 122, 141, 138, 123, 124, 127, 123, 127, 126, 125, 126, 129, 125, 129, 131, 125, 131, 135, 126, 127, 130, 126, 130, 129, 128, 146, 132, 129, 130, 132, 129, 132, 131, 131, 132, 145, 131, 145, 135, 132, 146, 145, 133, 134, 141, 134, 140, 149, 134, 143, 141, 134, 149, 143, 135, 145, 147, 135, 147, 140, 136, 138, 137, 137, 138, 139, 138, 141, 142, 138, 142, 139, 140, 147, 151, 140, 151, 149, 141, 143, 142, 142, 143, 144, 143, 149, 150, 143, 150, 144, 145, 146, 147, 146, 148, 147, 147, 148, 152, 147, 152, 151, 149, 151, 150, 150, 151, 152]
            uniform token physics:approximation = "convexHull"
            bool physics:collisionEnabled = 1
            point3f[] points = [(-0.07556843, -0.014982129, 1.899898e-10), (-0.07556843, -0.014982129, 0.015), (-0.07541223, -0.01992477, 1.8998975e-10), (-0.07541223, -0.01992477, 0.015), (-0.07354373, -0.010470511, 1.899898e-10), (-0.07354373, -0.010470511, 0.015), (-0.07310667, -0.024299536, 1.8998975e-10), (-0.07310667, -0.024299536, 0.015), (-0.06974729, -0.0073017175, 1.8998975e-10), (-0.06974729, -0.0073017175, 0.015), (-0.06911771, -0.027222274, 1.899898e-10), (-0.06911771, -0.027222274, 0.015), (-0.06511609, -0.0049561188, 1.899898e-10), (-0.06425154, -0.028102294, 1.8998975e-10), (-0.06425154, -0.028102294, 0.015), (-0.063894235, -0.004337281, 0.015), (-0.016454648, 0.019689746, 0.015), (-0.011295743, 0.022302609, 1.8998975e-10), (-0.011295743, 0.022302609, 0.015), (-0.0035459485, 0.024747247, 1.899898e-10), (-0.0035459485, 0.024747247, 0.015), (0.23538828, -0.010864561, 0.0503), (0.23554361, -0.012129009, 0.0503), (0.23620963, -0.013214996, 0.0503), (0.23761286, -0.034139164, 0.03235), (0.23950593, -0.015958836, 0.0503), (0.23963131, 0.014967686, 0.0503), (0.23975587, -0.016120413, 0.0503), (0.24018295, 0.01611601, 0.0503), (0.24095164, -0.01655982, 0.0503), (0.24116138, 0.016931886, 0.0503), (0.24142627, 0.017067552, 0.0503), (0.24222195, -0.016463382, 0.0503), (0.24367264, -0.026248135, 0.04085), (0.24545066, 0.018550294, 0.0503), (0.24672417, 0.018584114, 0.0503), (0.24700938, 0.00023699447, -0.0131), (0.24729155, -0.0012900709, -0.0131), (0.24752854, 0.0017005544, -0.0131), (0.24789688, 0.018086405, 0.0503), (0.24801017, -0.029933942, 1.8998969e-10), (0.24829945, -0.0024714593, -0.0131), (0.24846299, 0.018215267, -0.008092618), (0.24870993, 0.0027084572, -0.0131), (0.24950142, -0.030995991, 0.03635), (0.24974325, -0.0032398473, -0.013033013), (0.24976301, -0.002990622, -0.0131), (0.250183, 0.029999437, 1.8998975e-10), (0.250237, 0.0029906225, -0.0131), (0.25025675, 0.0032398477, -0.013033013), (0.2506987, 0.036493316, 0.022699999), (0.2506987, 0.036493316, 0.03235), (0.25126484, 0.029973326, 1.8998969e-10), (0.25129008, -0.0027084567, -0.0131), (0.25139758, -0.0029341632, -0.013033013), (0.251537, -0.018215273, -0.008092618), (0.25170055, 0.00247146, -0.0131), (0.25184226, 0.0026774176, -0.013033013), (0.25232795, -0.029909536, 1.8998969e-10), (0.25247148, -0.0017005538, -0.0131), (0.2526774, -0.0018422703, -0.013033013), (0.25270846, 0.0012900715, -0.0131), (0.25293416, 0.0013975741, -0.013033013), (0.25299063, -0.0002369939, -0.0131), (0.2530316, -0.026829265, 0.04085), (0.25323984, -0.00025674282, -0.013033013), (0.25332066, -0.017970787, -0.0081), (0.25380924, 0.017873608, -0.0081), (0.25382125, 0.036299426, 0.022699999), (0.25382125, 0.036299426, 0.03235), (0.2538294, -0.02975459, 1.8998969e-10), (0.25438675, 0.017745841, -0.008092618), (0.25452864, 0.036033522, 0.022699999), (0.25452864, 0.036033522, 0.03235), (0.25505203, -0.017568424, -0.008092019), (0.25507388, -0.017561724, -0.008092618), (0.2552915, 0.02952965, 1.8998969e-10), (0.25632736, 0.026248133, 0.04085), (0.25642756, 0.029303355, 1.8998969e-10), (0.25682223, 0.029213987, 1.8998975e-10), (0.25777656, 0.016543392, -0.008092618), (0.25806865, -0.035409328, 0.022699999), (0.25806865, -0.035409328, 0.03235), (0.25882435, -0.035417244, 0.022699999), (0.25882435, -0.035417244, 0.03235), (0.25984377, -0.035147548, 0.0267), (0.259945, -0.015332088, -0.0081), (0.26011568, -0.035070263, 0.03235), (0.2602612, -0.035027955, 0.022699999), (0.2603366, -0.024943024, 0.04085), (0.2603592, 0.01505532, -0.0081), (0.2604387, -0.015006385, -0.008092618), (0.26107264, -0.034779977, 0.0267), (0.26182488, -0.034531463, 0.022699999), (0.26182488, -0.034531463, 0.03235), (0.26202494, -0.024174387, 0.04085), (0.26245514, -0.034114417, 0.022699999), (0.26245514, -0.034114417, 0.03235), (0.26267195, 0.013174975, -0.008092618), (0.26317498, -0.012671954, -0.008092618), (0.2637473, -0.026664797, 1.8998969e-10), (0.2649232, 0.022501096, 0.04085), (0.2650064, 0.010438724, -0.008092618), (0.26505533, -0.010359209, -0.0081), (0.2653321, 0.009945012, -0.0081), (0.26637635, 0.025135929, 1.8998969e-10), (0.2665434, -0.007776551, -0.008092618), (0.26671484, -0.007221844, 0.0503), (0.26756173, 0.005073884, -0.008092618), (0.26773223, -0.0064551006, 0.0503), (0.26774585, -0.0043867505, -0.008092618), (0.2678736, -0.0038092458, -0.0081), (0.2679708, 0.0033206518, -0.0081), (0.26814672, 0.0014957009, 0.0503), (0.26821527, 0.0015370117, -0.008092618), (0.2683397, -0.0053353054, 0.0503), (0.2686447, -0.024766423, 0.03635), (0.2688654, 0.0004438061, 0.0503), (0.2690678, -0.0011087058, 0.0503), (0.26908275, -0.0008114681, 0.0503), (0.26956788, -0.01860372, 0.04085), (0.271719, 0.01604009, 0.04085), (0.27201688, -0.020377837, 1.8998969e-10), (0.27331638, 0.027843665, 0.022699999), (0.27331638, 0.027843665, 0.03235), (0.27396694, 0.018044006, 1.8998975e-10), (0.2739927, 0.027506392, 0.022699999), (0.2739927, 0.027506392, 0.03235), (0.27589524, 0.007644405, 0.04085), (0.27626008, 0.025350722, 0.022699999), (0.27626008, 0.025350722, 0.03235), (0.27663106, 0.024692316, 0.022699999), (0.27663106, 0.024692316, 0.03235), (0.27763623, -0.0116721615, 1.8998969e-10), (0.2776466, -0.0116475215, 1.8998969e-10), (0.2786838, 0.008788563, 1.8998969e-10), (0.27894163, -0.021938693, 0.022699999), (0.27894163, -0.021938693, 0.03235), (0.2795256, -0.021459008, 0.022699999), (0.2795256, -0.021459008, 0.03235), (0.27996144, -0.0015206417, 1.8998975e-10), (0.2812548, -0.018851742, 0.022699999), (0.2812548, -0.018851742, 0.03235), (0.28146952, -0.018127149, 0.022699999), (0.28146952, -0.018127149, 0.03235), (0.28575894, 0.0063420082, 0.022699999), (0.28575894, 0.0063420082, 0.03235), (0.2860602, 0.0056489217, 0.022699999), (0.2860602, 0.0056489217, 0.03235), (0.2862725, 0.0017972942, 0.022699999), (0.2862725, 0.0017972942, 0.03235), (0.2864115, 0.0025401318, 0.022699999), (0.2864115, 0.0025401318, 0.03235)]
            uniform token subdivisionScheme = "none"
            token visibility = "invisible"
            quatd xformOp:orient = (1, 0, 0, 0)
            double3 xformOp:translate = (0, 0, 0)
            uniform token[] xformOpOrder = ["xformOp:translate", "xformOp:orient"]
        }

        def Mesh "Collision_001" (
            prepend apiSchemas = ["PhysicsMeshCollisionAPI", "PhysicsCollisionAPI"]
        )
        {
            int[] faceVertexCounts = [3, 3, 3, 3, 3, 3, 3, 3, 3, 3, 3, 3, 3, 3, 3, 3, 3, 3, 3, 3, 3, 3, 3, 3, 3, 3, 3, 3, 3, 3, 3, 3, 3, 3, 3, 3, 3, 3, 3, 3, 3, 3, 3, 3, 3, 3, 3, 3, 3, 3, 3, 3, 3, 3, 3, 3, 3, 3, 3, 3, 3, 3, 3, 3, 3, 3, 3, 3, 3, 3, 3, 3, 3, 3, 3, 3]
            int[] faceVertexIndices = [0, 1, 2, 0, 2, 29, 0, 4, 5, 0, 5, 1, 0, 29, 4, 1, 3, 2, 1, 5, 30, 1, 30, 3, 2, 3, 7, 2, 6, 29, 2, 7, 6, 3, 30, 7, 4, 8, 5, 4, 29, 8, 5, 8, 9, 5, 9, 30, 6, 7, 10, 6, 10, 29, 7, 11, 10, 7, 30, 11, 8, 12, 9, 8, 13, 12, 8, 29, 13, 9, 12, 30, 10, 11, 15, 10, 15, 29, 11, 16, 15, 11, 30, 16, 12, 13, 14, 12, 14, 30, 13, 17, 18, 13, 18, 14, 13, 29, 17, 14, 18, 30, 15, 16, 20, 15, 19, 29, 15, 20, 19, 16, 30, 20, 17, 21, 22, 17, 22, 18, 17, 29, 21, 18, 22, 30, 19, 20, 23, 19, 23, 29, 20, 24, 23, 20, 30, 24, 21, 25, 22, 21, 29, 25, 22, 25, 26, 22, 26, 30, 23, 24, 28, 23, 27, 29, 23, 28, 27, 24, 30, 28, 25, 29, 30, 25, 30, 26, 27, 28, 31, 27, 31, 32, 27, 32, 29, 28, 30, 31, 29, 32, 36, 29, 34, 30, 29, 36, 38, 29, 38, 34, 30, 33, 31, 30, 34, 35, 30, 35, 39, 30, 37, 33, 30, 39, 37, 31, 33, 32, 32, 33, 36, 33, 37, 36, 34, 38, 35, 35, 38, 39, 36, 37, 38, 37, 39, 38]
            uniform token physics:approximation = "convexHull"
            bool physics:collisionEnabled = 1
            point3f[] points = [(0.21832035, -0.0021126592, 0.024), (0.21832035, -0.0021126592, 0.02464), (0.21935087, 0.008288171, 0.024), (0.21935087, 0.008288171, 0.02464), (0.22072284, -0.01228455, 0.024), (0.22072284, -0.01228455, 0.02464), (0.2237027, 0.017790848, 0.024), (0.2237027, 0.017790848, 0.02464), (0.22629793, -0.021125218, 0.024), (0.22629793, -0.021125218, 0.02464), (0.23090424, 0.025365613, 0.024), (0.23090424, 0.025365613, 0.02464), (0.23321415, -0.026949912, 0.02464), (0.23444153, -0.02767664, 0.024), (0.23444153, -0.02767664, 0.02464), (0.2401751, 0.03019162, 0.024), (0.2401751, 0.03019162, 0.02464), (0.24427111, -0.031228874, 0.024), (0.24427111, -0.031228874, 0.02464), (0.25051063, 0.031745892, 0.024), (0.25051063, 0.031745892, 0.02464), (0.25472152, -0.03139697, 0.024), (0.25472152, -0.03139697, 0.02464), (0.26079085, 0.02986001, 0.024), (0.26079085, 0.02986001, 0.02464), (0.26466027, -0.028162722, 0.024), (0.26466027, -0.028162722, 0.02464), (0.2699017, 0.024738323, 0.024), (0.2699017, 0.024738323, 0.02464), (0.27301034, -0.021876603, 0.024), (0.27301034, -0.021876603, 0.02464), (0.27642635, 0.017598571, 0.02464), (0.2768559, 0.016935863, 0.024), (0.2768559, 0.016935863, 0.02464), (0.27886692, -0.01321981, 0.024), (0.27886692, -0.01321981, 0.02464), (0.28089982, 0.0072981347, 0.024), (0.28089982, 0.0072981347, 0.02464), (0.2815953, -0.0031304555, 0.024), (0.2815953, -0.0031304555, 0.02464)]
            uniform token subdivisionScheme = "none"
            token visibility = "invisible"
            quatd xformOp:orient = (1, 0, 0, 0)
            double3 xformOp:translate = (0, 0, 0)
            uniform token[] xformOpOrder = ["xformOp:translate", "xformOp:orient"]
        }

        def Mesh "Collision_002" (
            prepend apiSchemas = ["PhysicsMeshCollisionAPI", "PhysicsCollisionAPI"]
        )
        {
            int[] faceVertexCounts = [3, 3, 3, 3, 3, 3, 3, 3, 3, 3, 3, 3, 3, 3, 3, 3, 3, 3, 3, 3, 3, 3, 3, 3, 3, 3, 3, 3, 3, 3, 3, 3, 3, 3, 3, 3, 3, 3, 3, 3, 3, 3, 3, 3, 3, 3, 3, 3, 3, 3, 3, 3, 3, 3, 3, 3, 3, 3, 3, 3, 3, 3, 3, 3, 3, 3, 3, 3, 3, 3, 3, 3, 3, 3, 3, 3, 3, 3]
            int[] faceVertexIndices = [0, 1, 5, 0, 2, 1, 0, 4, 27, 0, 5, 4, 0, 27, 2, 1, 2, 3, 1, 3, 5, 2, 6, 7, 2, 7, 3, 2, 27, 6, 3, 7, 5, 4, 5, 8, 4, 8, 27, 5, 7, 11, 5, 9, 8, 5, 11, 16, 5, 14, 9, 5, 16, 20, 5, 18, 14, 5, 20, 24, 5, 22, 18, 5, 24, 29, 5, 26, 22, 5, 29, 30, 5, 30, 34, 5, 32, 26, 5, 34, 38, 5, 36, 32, 5, 38, 40, 5, 40, 36, 6, 10, 7, 6, 27, 10, 7, 10, 11, 8, 9, 13, 8, 13, 27, 9, 14, 13, 10, 12, 11, 10, 27, 12, 11, 12, 16, 12, 15, 16, 12, 27, 15, 13, 14, 17, 13, 17, 27, 14, 18, 17, 15, 19, 20, 15, 20, 16, 15, 27, 19, 17, 18, 22, 17, 21, 27, 17, 22, 21, 19, 23, 20, 19, 27, 23, 20, 23, 24, 21, 22, 26, 21, 25, 27, 21, 26, 25, 23, 27, 28, 23, 28, 29, 23, 29, 24, 25, 26, 27, 26, 32, 27, 27, 31, 35, 27, 32, 31, 27, 33, 28, 27, 35, 39, 27, 37, 33, 27, 39, 37, 28, 30, 29, 28, 33, 30, 30, 33, 34, 31, 32, 36, 31, 36, 35, 33, 37, 34, 34, 37, 38, 35, 36, 39, 36, 40, 39, 37, 39, 38, 38, 39, 40]
            uniform token physics:approximation = "convexHull"
            bool physics:collisionEnabled = 1
            point3f[] points = [(0.21840471, 0.003130456, 0.029709999), (0.21840471, 0.003130456, 0.03035), (0.21910016, -0.0072981426, 0.029709999), (0.21910016, -0.0072981426, 0.03035), (0.22113308, 0.013219814, 0.029709999), (0.22113308, 0.013219814, 0.03035), (0.22314411, -0.016935863, 0.029709999), (0.22314411, -0.016935863, 0.03035), (0.22698963, 0.021876598, 0.029709999), (0.22698963, 0.021876598, 0.03035), (0.23009829, -0.02473833, 0.029709999), (0.23009829, -0.02473833, 0.03035), (0.23321415, -0.026949912, 0.029709999), (0.23533973, 0.02816272, 0.029709999), (0.23533973, 0.02816272, 0.03035), (0.23920915, -0.029860007, 0.029709999), (0.23920915, -0.029860007, 0.03035), (0.24527846, 0.031396966, 0.029709999), (0.24527846, 0.031396966, 0.03035), (0.24948935, -0.031745892, 0.029709999), (0.24948935, -0.031745892, 0.03035), (0.25572887, 0.031228878, 0.029709999), (0.25572887, 0.031228878, 0.03035), (0.2598249, -0.030191619, 0.029709999), (0.2598249, -0.030191619, 0.03035), (0.26555848, 0.02767664, 0.029709999), (0.26555848, 0.02767664, 0.03035), (0.26678583, 0.026949912, 0.029709999), (0.26909575, -0.025365613, 0.029709999), (0.26909575, -0.025365613, 0.03035), (0.27301034, -0.021876603, 0.03035), (0.27370206, 0.02112522, 0.029709999), (0.27370206, 0.02112522, 0.03035), (0.2762973, -0.017790848, 0.029709999), (0.2762973, -0.017790848, 0.03035), (0.27927718, 0.01228455, 0.029709999), (0.27927718, 0.01228455, 0.03035), (0.28064913, -0.008288173, 0.029709999), (0.28064913, -0.008288173, 0.03035), (0.28167963, 0.0021126545, 0.029709999), (0.28167963, 0.0021126545, 0.03035)]
            uniform token subdivisionScheme = "none"
            token visibility = "invisible"
            quatd xformOp:orient = (1, 0, 0, 0)
            double3 xformOp:translate = (0, 0, 0)
            uniform token[] xformOpOrder = ["xformOp:translate", "xformOp:orient"]
        }

        def Mesh "Collision_003" (
            prepend apiSchemas = ["PhysicsMeshCollisionAPI", "PhysicsCollisionAPI"]
        )
        {
            int[] faceVertexCounts = [3, 3, 3, 3, 3, 3, 3, 3, 3, 3, 3, 3, 3, 3, 3, 3, 3, 3, 3, 3, 3, 3, 3, 3, 3, 3, 3, 3, 3, 3, 3, 3, 3, 3, 3, 3, 3, 3, 3, 3, 3, 3, 3, 3, 3, 3, 3, 3, 3, 3, 3, 3, 3, 3, 3, 3, 3, 3, 3, 3, 3, 3, 3, 3, 3, 3, 3, 3]
            int[] faceVertexIndices = [0, 1, 2, 0, 2, 31, 0, 4, 5, 0, 5, 1, 0, 31, 4, 1, 3, 2, 1, 5, 22, 1, 22, 3, 2, 3, 7, 2, 6, 31, 2, 7, 6, 3, 22, 7, 4, 8, 5, 4, 31, 8, 5, 8, 9, 5, 9, 22, 6, 7, 10, 6, 10, 31, 7, 11, 10, 7, 22, 11, 8, 14, 15, 8, 15, 9, 8, 31, 14, 9, 15, 22, 10, 11, 12, 10, 12, 31, 11, 13, 12, 11, 22, 13, 12, 13, 17, 12, 16, 31, 12, 17, 16, 13, 22, 17, 14, 18, 19, 14, 19, 15, 14, 31, 18, 15, 19, 22, 16, 17, 21, 16, 21, 31, 17, 20, 21, 17, 22, 20, 18, 23, 19, 18, 31, 23, 19, 23, 22, 20, 22, 24, 20, 24, 25, 20, 25, 21, 21, 25, 31, 22, 23, 27, 22, 26, 30, 22, 27, 26, 22, 28, 24, 22, 30, 34, 22, 32, 28, 22, 34, 32, 23, 31, 27, 24, 28, 29, 24, 29, 25, 25, 29, 31, 26, 27, 31, 26, 31, 30, 28, 32, 29, 29, 32, 33, 29, 33, 31, 30, 31, 34, 31, 33, 35, 31, 35, 34, 32, 34, 33, 33, 34, 35]
            uniform token physics:approximation = "convexHull"
            bool physics:collisionEnabled = 1
            point3f[] points = [(0.2240245, 0.0018317061, 0.03035), (0.22466291, 0.0017866874, 0.029709999), (0.22511688, -0.0076754172, 0.03035), (0.22572845, -0.007486777, 0.029709999), (0.22644027, 0.011091449, 0.03035), (0.2270193, 0.010818852, 0.029709999), (0.22956987, -0.016145933, 0.03035), (0.23007198, -0.0157491, 0.029709999), (0.23203789, 0.018853225, 0.03035), (0.23247936, 0.01838986, 0.029709999), (0.23623297, -0.022103174, 0.03035), (0.23657133, -0.021559933, 0.029709999), (0.23678204, -0.022435851, 0.03035), (0.23710692, -0.021884426, 0.029709999), (0.2400614, 0.024068775, 0.03035), (0.24030566, 0.023477219, 0.029709999), (0.2457794, -0.02569568, 0.03035), (0.24588312, -0.02506415, 0.029709999), (0.24942718, 0.026033694, 0.03035), (0.24944125, 0.025393855, 0.029709999), (0.25521535, -0.02485881, 0.029709999), (0.25534675, -0.025485171, 0.03035), (0.2586523, 0.023880905, 0.029709999), (0.2588703, 0.024482632, 0.03035), (0.2638432, -0.02129615, 0.029709999), (0.26419201, -0.021832744, 0.03035), (0.2666948, 0.019142706, 0.029709999), (0.26711547, 0.019625045, 0.03035), (0.27060145, -0.01485733, 0.029709999), (0.27112055, -0.015231685, 0.03035), (0.27248257, 0.011819181, 0.029709999), (0.2730491, 0.012116984, 0.03035), (0.27457738, -0.006411943, 0.029709999), (0.27519664, -0.0065735034, 0.03035), (0.27523398, 0.002899412, 0.029709999), (0.2758698, 0.0029724666, 0.03035)]
            uniform token subdivisionScheme = "none"
            token visibility = "invisible"
            quatd xformOp:orient = (1, 0, 0, 0)
            double3 xformOp:translate = (0, 0, 0)
            uniform token[] xformOpOrder = ["xformOp:translate", "xformOp:orient"]
        }

        def Mesh "Collision_004" (
            prepend apiSchemas = ["PhysicsMeshCollisionAPI", "PhysicsCollisionAPI"]
        )
        {
            int[] faceVertexCounts = [3, 3, 3, 3, 3, 3, 3, 3, 3, 3, 3, 3, 3, 3, 3, 3, 3, 3, 3, 3, 3, 3, 3, 3, 3, 3, 3, 3, 3, 3, 3, 3, 3, 3, 3, 3, 3, 3, 3, 3, 3, 3, 3, 3, 3, 3, 3, 3, 3, 3, 3, 3, 3, 3, 3, 3, 3, 3, 3, 3, 3, 3, 3, 3, 3, 3, 3, 3, 3, 3, 3, 3]
            int[] faceVertexIndices = [0, 1, 2, 0, 2, 12, 0, 4, 1, 0, 12, 4, 1, 3, 2, 1, 4, 5, 1, 5, 13, 1, 13, 3, 2, 3, 7, 2, 6, 12, 2, 7, 6, 3, 13, 7, 4, 8, 9, 4, 9, 5, 4, 12, 8, 5, 9, 13, 6, 7, 11, 6, 10, 12, 6, 11, 10, 7, 13, 11, 8, 12, 9, 9, 12, 13, 10, 11, 17, 10, 16, 12, 10, 17, 16, 11, 13, 17, 12, 14, 13, 12, 16, 21, 12, 19, 14, 12, 21, 25, 12, 23, 19, 12, 25, 27, 12, 27, 31, 12, 29, 23, 12, 31, 35, 12, 33, 29, 12, 35, 37, 12, 37, 33, 13, 14, 15, 13, 15, 18, 13, 18, 22, 13, 20, 17, 13, 22, 28, 13, 24, 20, 13, 26, 24, 13, 28, 32, 13, 30, 26, 13, 32, 36, 13, 34, 30, 13, 36, 34, 14, 18, 15, 14, 19, 18, 16, 17, 21, 17, 20, 21, 18, 19, 22, 19, 23, 22, 20, 24, 21, 21, 24, 25, 22, 23, 29, 22, 29, 28, 24, 26, 25, 25, 26, 27, 26, 30, 31, 26, 31, 27, 28, 29, 32, 29, 33, 32, 30, 34, 31, 31, 34, 35, 32, 33, 36, 33, 37, 36, 34, 36, 37, 34, 37, 35]
            uniform token physics:approximation = "convexHull"
            bool physics:collisionEnabled = 1
            point3f[] points = [(0.22413021, -0.002972466, 0.024), (0.22476602, -0.0028994083, 0.02464), (0.22480336, 0.006573507, 0.024), (0.22542264, 0.0064119436, 0.02464), (0.22695091, -0.0121169835, 0.024), (0.22751741, -0.0118191745, 0.02464), (0.22887945, 0.0152316885, 0.024), (0.22939855, 0.014857331, 0.02464), (0.23288453, -0.019625038, 0.024), (0.23330519, -0.019142706, 0.02464), (0.235808, 0.021832747, 0.024), (0.2361568, 0.021296153, 0.02464), (0.23623297, -0.022103174, 0.024), (0.23657133, -0.021559933, 0.02464), (0.24112968, -0.024482628, 0.024), (0.2413477, -0.023880903, 0.02464), (0.24465325, 0.025485175, 0.024), (0.24478467, 0.024858814, 0.02464), (0.25055873, -0.025393853, 0.02464), (0.25057283, -0.026033698, 0.024), (0.25411686, 0.025064139, 0.02464), (0.2542206, 0.02569568, 0.024), (0.25969434, -0.023477219, 0.02464), (0.2599386, -0.024068775, 0.024), (0.26289308, 0.021884426, 0.02464), (0.26321796, 0.022435848, 0.024), (0.2634287, 0.02155993, 0.02464), (0.26376703, 0.022103174, 0.024), (0.26752064, -0.01838986, 0.02464), (0.26796213, -0.018853223, 0.024), (0.269928, 0.015749108, 0.02464), (0.27043015, 0.016145935, 0.024), (0.2729807, -0.010818848, 0.02464), (0.27355975, -0.011091448, 0.024), (0.27427155, 0.0074867774, 0.02464), (0.27488312, 0.007675418, 0.024), (0.27533707, -0.0017866868, 0.02464), (0.2759755, -0.0018317087, 0.024)]
            uniform token subdivisionScheme = "none"
            token visibility = "invisible"
            quatd xformOp:orient = (1, 0, 0, 0)
            double3 xformOp:translate = (0, 0, 0)
            uniform token[] xformOpOrder = ["xformOp:translate", "xformOp:orient"]
        }
    }

    def Xform "L_link3" (
        prepend apiSchemas = ["PhysicsRigidBodyAPI", "PhysicsMassAPI", "PhysicsFilteredPairsAPI"]
    )
    {
        point3f physics:centerOfMass = (0, 0, 0.020472)
        float3 physics:diagonalInertia = (0.000296, 0.000296, 0.000575)
        rel physics:filteredPairs = [
            </Robot/base_link>,
            </Robot/L_crank>,
            </Robot/L_lower_coupler>,
            </Robot/L_link1>,
            </Robot/L_rocker>,
            </Robot/L_upper_coupler>,
            </Robot/L_link2>,
            </Robot/R_crank>,
            </Robot/R_lower_coupler>,
            </Robot/R_link1>,
            </Robot/R_rocker>,
            </Robot/R_upper_coupler>,
            </Robot/R_link2>,
            </Robot/R_link3>,
        ]
        float physics:mass = 0.2
        quatf physics:principalAxes = (1, 0, 0, 0)
        bool physics:rigidBodyEnabled = 1
        quatd xformOp:orient = (-0.6498636680558609, 0.6528297122887579, 0.2758445398719828, 0.2745912772044541)
        double3 xformOp:translate = (-0.012889385203072784, 0.19761864205276167, 0.060121155966563616)
        uniform token[] xformOpOrder = ["xformOp:translate", "xformOp:orient"]

        def "Visual" (
            prepend references = @meshes/visuals.usdc@</Visuals/L_wheel>
        )
        {
            quatd xformOp:orient = (1, 0, 0, 0)
            double3 xformOp:translate = (-0, -0, -0)
            uniform token[] xformOpOrder = ["xformOp:translate", "xformOp:orient"]
        }

        def Cylinder "Collision_000" (
            prepend apiSchemas = ["PhysicsCollisionAPI"]
        )
        {
            uniform token axis = "Z"
            double height = 0.02500000037252903
            bool physics:collisionEnabled = 1
            double radius = 0.060000003250648436
            token visibility = "invisible"
            quatd xformOp:orient = (1, 0, 0, 0)
            double3 xformOp:translate = (0, 0, 0.020350000821053982)
            uniform token[] xformOpOrder = ["xformOp:translate", "xformOp:orient"]
        }
    }

    def Xform "R_crank" (
        prepend apiSchemas = ["PhysicsRigidBodyAPI", "PhysicsMassAPI", "PhysicsFilteredPairsAPI"]
    )
    {
        point3f physics:centerOfMass = (-0.048541907, -0.018819839, -0.0065960516)
        float3 physics:diagonalInertia = (0.000015739304, 0.00010448217, 0.00011949584)
        rel physics:filteredPairs = [
            </Robot/base_link>,
            </Robot/L_crank>,
            </Robot/L_lower_coupler>,
            </Robot/L_link1>,
            </Robot/L_rocker>,
            </Robot/L_upper_coupler>,
            </Robot/L_link2>,
            </Robot/L_link3>,
            </Robot/R_lower_coupler>,
            </Robot/R_link1>,
            </Robot/R_rocker>,
            </Robot/R_upper_coupler>,
            </Robot/R_link2>,
            </Robot/R_link3>,
        ]
        float physics:mass = 0.04585625
        quatf physics:principalAxes = (0.9829577, -0.0009134919, 0.004919202, 0.1837636)
        bool physics:rigidBodyEnabled = 1
        quatd xformOp:orient = (-0.0533662776237963, 0.053609846771844265, 0.7066843904836922, 0.7034736647440128)
        double3 xformOp:translate = (-4.158688717835088e-18, -0.18279810471393299, 0.3208324139558911)
        uniform token[] xformOpOrder = ["xformOp:translate", "xformOp:orient"]

        def "Visual" (
            prepend references = @meshes/visuals.usdc@</Visuals/R_C0>
        )
        {
            quatd xformOp:orient = (1, 0, 0, 0)
            double3 xformOp:translate = (-2.8912057932946783e-19, -9.25185853854297e-18, -0)
            uniform token[] xformOpOrder = ["xformOp:translate", "xformOp:orient"]
        }

        def Mesh "Collision_000" (
            prepend apiSchemas = ["PhysicsMeshCollisionAPI", "PhysicsCollisionAPI"]
        )
        {
            int[] faceVertexCounts = [3, 3, 3, 3, 3, 3, 3, 3, 3, 3, 3, 3, 3, 3, 3, 3, 3, 3, 3, 3, 3, 3, 3, 3, 3, 3, 3, 3, 3, 3, 3, 3, 3, 3, 3, 3, 3, 3, 3, 3, 3, 3, 3, 3, 3, 3, 3, 3, 3, 3, 3, 3, 3, 3, 3, 3, 3, 3, 3, 3, 3, 3, 3, 3, 3, 3, 3, 3, 3, 3, 3, 3, 3, 3, 3, 3, 3, 3, 3, 3, 3, 3, 3, 3, 3, 3, 3, 3, 3, 3, 3, 3, 3, 3, 3, 3, 3, 3, 3, 3, 3, 3, 3, 3, 3, 3, 3, 3, 3, 3, 3, 3, 3, 3, 3, 3, 3, 3, 3, 3, 3, 3]
            int[] faceVertexIndices = [7, 42, 29, 52, 58, 17, 42, 41, 4, 4, 41, 24, 46, 54, 10, 58, 33, 18, 17, 58, 18, 15, 52, 16, 16, 52, 17, 28, 29, 42, 42, 4, 28, 5, 6, 46, 46, 10, 5, 20, 54, 21, 20, 10, 54, 9, 51, 42, 9, 42, 7, 8, 30, 51, 51, 9, 8, 2, 40, 44, 3, 40, 2, 6, 1, 45, 46, 6, 45, 1, 2, 45, 45, 2, 44, 39, 40, 22, 22, 40, 3, 54, 11, 21, 56, 11, 54, 61, 57, 36, 36, 57, 35, 0, 11, 55, 55, 11, 56, 55, 36, 0, 61, 36, 55, 33, 58, 53, 33, 53, 12, 52, 15, 34, 52, 34, 60, 47, 13, 12, 12, 53, 47, 27, 41, 43, 24, 41, 27, 26, 27, 62, 62, 27, 43, 25, 26, 62, 62, 37, 25, 34, 19, 59, 60, 34, 59, 59, 19, 35, 35, 57, 59, 50, 31, 32, 50, 32, 49, 30, 50, 51, 31, 50, 30, 39, 22, 38, 22, 23, 38, 25, 37, 38, 38, 23, 25, 48, 40, 39, 48, 54, 46, 48, 41, 42, 46, 45, 48, 48, 50, 49, 48, 52, 60, 48, 55, 56, 60, 59, 48, 48, 62, 43, 53, 58, 48, 44, 40, 48, 48, 45, 44, 43, 41, 48, 39, 38, 48, 56, 54, 48, 48, 57, 61, 61, 55, 48, 42, 51, 48, 58, 52, 48, 48, 47, 53, 37, 62, 48, 48, 59, 57, 51, 50, 48, 48, 38, 37, 49, 32, 48, 32, 14, 48, 13, 47, 48, 48, 14, 13, 29, 28, 8, 7, 29, 8, 8, 11, 0, 0, 36, 8, 12, 13, 8, 3, 2, 8, 8, 4, 24, 34, 15, 8, 8, 19, 34, 8, 1, 6, 8, 22, 3, 25, 23, 8, 17, 18, 8, 35, 19, 8, 32, 31, 8, 8, 16, 17, 8, 33, 12, 8, 2, 1, 24, 27, 8, 8, 26, 25, 21, 11, 8, 8, 36, 35, 8, 20, 21, 8, 14, 32, 8, 27, 26, 8, 23, 22, 6, 5, 8, 31, 30, 8, 8, 18, 33, 15, 16, 8, 13, 14, 8, 8, 28, 4, 8, 5, 10, 10, 20, 8, 8, 9, 7]
            uniform token physics:approximation = "convexHull"
            bool physics:collisionEnabled = 1
            point3f[] points = [(-0.00195839, 0.03194002, -0.0112), (-0.11686374, -0.03092443, -0.0112), (-0.11943614, -0.0348756, -0.0112), (-0.12065499, -0.0394301, -0.0112), (-0.08264188, -0.05120355, -0.0112), (-0.07123547, -0.00393065, -0.0112), (-0.11319192, -0.02796695, -0.0112), (0.00808348, -0.03096219, -0.0112), (0.01291996, -0.02927584, -0.0112), (0.01028812, -0.03030107, -0.0112), (-0.0209808, 0.02485959, -0.0112), (-0.0091732, 0.03065701, -0.0112), (0.03198959, 0.00081625, -0.0112), (0.03133649, -0.00648259, -0.0112), (0.02904009, -0.01344148, -0.0112), (0.0283168, 0.014905, -0.0112), (0.02931205, 0.01283759, -0.0112), (0.03030566, 0.01027459, -0.0112), (0.03092489, 0.00822503, -0.0112), (0.01878203, 0.02590821, -0.0112), (-0.01719896, 0.02702615, -0.0112), (-0.01590696, 0.02776632, -0.0112), (-0.12039986, -0.04413795, -0.0112), (-0.11869596, -0.04853405, -0.0112), (-0.10247253, -0.05562321, -0.0112), (-0.11571162, -0.05218408, -0.0112), (-0.1117417, -0.05472745, -0.0112), (-0.10717839, -0.05591286, -0.0112), (-0.00299233, -0.03345201, -0.0112), (0.00696107, -0.03123369, -0.0112), (0.01388402, -0.02883113, -0.0112), (0.02007888, -0.02491663, -0.0112), (0.02522079, -0.01969548, -0.0112), (0.03096511, 0.00807229, -0.0112), (0.02418352, 0.02095608, -0.0112), (0.01239559, 0.02950168, -0.0112), (0.00535912, 0.03154806, -0.0112), (-0.11571162, -0.05218408, -0.0012), (-0.11869596, -0.04853405, -0.0012), (-0.12039986, -0.04413795, -0.0012), (-0.12065499, -0.0394301, -0.0012), (-0.10247253, -0.05562321, -0.0012), (0.00696107, -0.03123369, -0.0012), (-0.10717839, -0.05591286, -0.0012), (-0.11943614, -0.0348756, -0.0012), (-0.11686374, -0.03092443, -0.0012), (-0.11319192, -0.02796695, -0.0012), (0.03133649, -0.00648259, -0.0012), (0.02904009, -0.01344148, -0.0012), (0.02522079, -0.01969548, -0.0012), (0.02007888, -0.02491663, -0.0012), (0.01388402, -0.02883113, -0.0012), (0.0283168, 0.014905, -0.0012), (0.03198959, 0.00081625, -0.0012), (-0.01590696, 0.02776632, -0.0012), (-0.00195839, 0.03194002, -0.0012), (-0.0091732, 0.03065701, -0.0012), (0.01239559, 0.02950168, -0.0012), (0.03096511, 0.00807229, -0.0012), (0.01878203, 0.02590821, -0.0012), (0.02418352, 0.02095608, -0.0012), (0.00535912, 0.03154806, -0.0012), (-0.1117417, -0.05472745, -0.0012)]
            uniform token subdivisionScheme = "none"
            token visibility = "invisible"
            quatd xformOp:orient = (1, 0, 0, 0)
            double3 xformOp:translate = (-2.8912057932946783e-19, -9.25185853854297e-18, -0)
            uniform token[] xformOpOrder = ["xformOp:translate", "xformOp:orient"]
        }
    }

    def Xform "R_lower_coupler" (
        prepend apiSchemas = ["PhysicsRigidBodyAPI", "PhysicsMassAPI", "PhysicsFilteredPairsAPI"]
    )
    {
        point3f physics:centerOfMass = (0.060496785, -0.030109867, 0.0028000004)
        float3 physics:diagonalInertia = (0.0000011805384, 0.000060413422, 0.00006125021)
        rel physics:filteredPairs = [
            </Robot/base_link>,
            </Robot/L_crank>,
            </Robot/L_lower_coupler>,
            </Robot/L_link1>,
            </Robot/L_rocker>,
            </Robot/L_upper_coupler>,
            </Robot/L_link2>,
            </Robot/L_link3>,
            </Robot/R_crank>,
            </Robot/R_link1>,
            </Robot/R_rocker>,
            </Robot/R_upper_coupler>,
            </Robot/R_link2>,
            </Robot/R_link3>,
        ]
        float physics:mass = 0.032226685
        quatf physics:principalAxes = (0.20576897, -9.942845e-18, 4.7286402e-17, 0.9786006)
        bool physics:rigidBodyEnabled = 1
        quatd xformOp:orient = (0.09201284618613778, -0.09243280222491886, 0.7026613839517988, 0.6994689362026865)
        double3 xformOp:translate = (0.09834313352791936, -0.1830552242839968, 0.26436895636968416)
        uniform token[] xformOpOrder = ["xformOp:translate", "xformOp:orient"]

        def "Visual" (
            prepend references = @meshes/visuals.usdc@</Visuals/R_C1>
        )
        {
            quatd xformOp:orient = (1, 0, 0, 0)
            double3 xformOp:translate = (0.10573552755907482, 0.04098241276516173, -0)
            uniform token[] xformOpOrder = ["xformOp:translate", "xformOp:orient"]
        }

        def Mesh "Collision_000" (
            prepend apiSchemas = ["PhysicsMeshCollisionAPI", "PhysicsCollisionAPI"]
        )
        {
            int[] faceVertexCounts = [3, 3, 3, 3, 3, 3, 3, 3, 3, 3, 3, 3, 3, 3, 3, 3, 3, 3, 3, 3, 3, 3, 3, 3, 3, 3, 3, 3, 3, 3, 3, 3, 3, 3, 3, 3, 3, 3, 3, 3, 3, 3, 3, 3, 3, 3, 3, 3, 3, 3, 3, 3, 3, 3, 3, 3, 3, 3, 3, 3, 3, 3, 3, 3, 3, 3, 3, 3, 3, 3, 3, 3, 3, 3, 3, 3]
            int[] faceVertexIndices = [39, 20, 19, 19, 18, 39, 7, 4, 6, 5, 4, 7, 36, 35, 37, 37, 38, 36, 1, 37, 0, 1, 38, 37, 22, 39, 21, 20, 39, 22, 21, 23, 22, 22, 23, 24, 31, 34, 33, 33, 32, 31, 33, 34, 35, 35, 36, 33, 17, 18, 19, 17, 16, 18, 14, 16, 17, 17, 15, 14, 13, 10, 12, 11, 10, 13, 12, 14, 13, 14, 15, 13, 31, 29, 28, 28, 8, 6, 12, 10, 28, 18, 16, 28, 0, 37, 28, 28, 14, 12, 28, 3, 0, 21, 39, 28, 37, 35, 28, 28, 34, 31, 28, 39, 18, 6, 4, 28, 28, 23, 21, 35, 34, 28, 28, 16, 14, 25, 23, 28, 10, 8, 28, 4, 3, 28, 26, 23, 25, 24, 23, 26, 25, 28, 26, 26, 28, 27, 30, 29, 31, 31, 32, 30, 30, 28, 29, 27, 28, 30, 9, 8, 10, 9, 10, 11, 9, 7, 6, 6, 8, 9, 24, 26, 2, 2, 9, 11, 5, 7, 2, 19, 20, 2, 20, 22, 2, 32, 33, 2, 2, 30, 32, 2, 36, 38, 38, 1, 2, 2, 17, 19, 2, 22, 24, 11, 13, 2, 2, 33, 36, 15, 17, 2, 2, 13, 15, 2, 26, 27, 27, 30, 2, 7, 9, 2, 2, 4, 5, 2, 3, 4, 2, 1, 0, 0, 3, 2]
            uniform token physics:approximation = "convexHull"
            bool physics:collisionEnabled = 1
            point3f[] points = [(-0.10068265, -0.03009809, -0.0012), (-0.10068265, -0.03009809, 0.0068), (-0.10473678, -0.02902405, 0.0068), (-0.10473678, -0.02902405, -0.0012), (-0.10891289, -0.02941071, -0.0012), (-0.10891289, -0.02941071, 0.0068), (-0.11270091, -0.03121085, -0.0012), (-0.11270091, -0.03121085, 0.0068), (-0.1156381, -0.03420458, -0.0012), (-0.1156381, -0.03420458, 0.0068), (-0.1173657, -0.03802621, -0.0012), (-0.1173657, -0.03802621, 0.0068), (-0.11767268, -0.04220895, -0.0012), (-0.11767268, -0.04220895, 0.0068), (-0.11652154, -0.04624186, -0.0012), (-0.11652154, -0.04624186, 0.0068), (-0.11405291, -0.04963234, -0.0012), (-0.11405291, -0.04963234, 0.0068), (-0.11056831, -0.05196624, -0.0012), (-0.11056831, -0.05196624, 0.0068), (0.01299966, -0.10633495, 0.0068), (0.01707458, -0.10732719, -0.0012), (0.01707458, -0.10732719, 0.0068), (0.02124208, -0.10685655, -0.0012), (0.02124208, -0.10685655, 0.0068), (0.02499308, -0.10498053, -0.0012), (0.02499308, -0.10498053, 0.0068), (0.02786942, -0.10192829, 0.0068), (0.02786942, -0.10192829, -0.0012), (0.02951975, -0.09807266, -0.0012), (0.02951975, -0.09807266, 0.0068), (0.02974248, -0.09388459, -0.0012), (0.02974248, -0.09388459, 0.0068), (0.0285104, -0.08987565, 0.0068), (0.0285104, -0.08987565, -0.0012), (0.02597402, -0.08653555, -0.0012), (0.02597402, -0.08653555, 0.0068), (0.02244315, -0.08427228, -0.0012), (0.02244315, -0.08427228, 0.0068), (0.01299966, -0.10633495, -0.0012)]
            uniform token subdivisionScheme = "none"
            token visibility = "invisible"
            quatd xformOp:orient = (1, 0, 0, 0)
            double3 xformOp:translate = (0.10573552755907482, 0.04098241276516173, -0)
            uniform token[] xformOpOrder = ["xformOp:translate", "xformOp:orient"]
        }
    }

    def Xform "R_link1" (
        prepend apiSchemas = ["PhysicsRigidBodyAPI", "PhysicsMassAPI", "PhysicsFilteredPairsAPI"]
    )
    {
        point3f physics:centerOfMass = (0.09563152, 0.003314222, 0.0074867513)
        float3 physics:diagonalInertia = (0.000087068984, 0.0010613359, 0.001141835)
        rel physics:filteredPairs = [
            </Robot/base_link>,
            </Robot/L_crank>,
            </Robot/L_lower_coupler>,
            </Robot/L_link1>,
            </Robot/L_rocker>,
            </Robot/L_upper_coupler>,
            </Robot/L_link2>,
            </Robot/L_link3>,
            </Robot/R_crank>,
            </Robot/R_lower_coupler>,
            </Robot/R_rocker>,
            </Robot/R_upper_coupler>,
            </Robot/R_link2>,
            </Robot/R_link3>,
        ]
        float physics:mass = 0.18223652
        quatf physics:principalAxes = (0.99989927, -0.0043470035, -0.0021304786, 0.013341199)
        bool physics:rigidBodyEnabled = 1
        quatd xformOp:orient = (0.14793286664330213, -0.14860804737355832, 0.6929592280069776, 0.6898108607020382)
        double3 xformOp:translate = (0, -0.182798104713933, 0.3208324139558911)
        uniform token[] xformOpOrder = ["xformOp:translate", "xformOp:orient"]

        def "Visual" (
            prepend references = @meshes/visuals.usdc@</Visuals/R_C2>
        )
        {
            quatd xformOp:orient = (1, 0, 0, 0)
            double3 xformOp:translate = (-0, -0, -0)
            uniform token[] xformOpOrder = ["xformOp:translate", "xformOp:orient"]
        }

        def Mesh "Collision_000" (
            prepend apiSchemas = ["PhysicsMeshCollisionAPI", "PhysicsCollisionAPI"]
        )
        {
            int[] faceVertexCounts = [3, 3, 3, 3, 3, 3, 3, 3, 3, 3, 3, 3, 3, 3, 3, 3, 3, 3, 3, 3, 3, 3, 3, 3, 3, 3, 3, 3, 3, 3, 3, 3, 3, 3, 3, 3, 3, 3, 3, 3, 3, 3, 3, 3, 3, 3, 3, 3, 3, 3, 3, 3, 3, 3, 3, 3, 3, 3, 3, 3, 3, 3, 3, 3, 3, 3, 3, 3, 3, 3, 3, 3, 3, 3, 3, 3, 3, 3, 3, 3, 3, 3, 3, 3, 3, 3, 3, 3, 3, 3, 3, 3, 3, 3, 3, 3, 3, 3, 3, 3, 3, 3, 3, 3, 3, 3, 3, 3, 3, 3]
            int[] faceVertexIndices = [23, 54, 2, 2, 54, 1, 1, 54, 0, 0, 54, 53, 56, 23, 22, 54, 23, 56, 3, 5, 48, 7, 3, 44, 44, 3, 48, 9, 45, 46, 8, 45, 9, 46, 14, 9, 25, 24, 29, 30, 25, 29, 29, 24, 10, 10, 40, 29, 42, 12, 15, 42, 15, 43, 39, 55, 56, 56, 22, 39, 56, 55, 52, 52, 54, 56, 31, 26, 25, 31, 25, 30, 27, 26, 31, 31, 32, 27, 15, 13, 47, 43, 15, 47, 13, 14, 47, 47, 14, 46, 41, 40, 10, 10, 11, 41, 41, 11, 12, 12, 42, 41, 51, 54, 52, 51, 53, 54, 27, 32, 16, 32, 33, 16, 34, 18, 17, 35, 18, 34, 17, 16, 34, 34, 16, 33, 49, 50, 4, 6, 49, 4, 4, 50, 48, 48, 5, 4, 8, 7, 44, 44, 45, 8, 39, 22, 38, 22, 21, 38, 38, 21, 20, 20, 37, 38, 2, 1, 19, 25, 26, 19, 19, 23, 2, 19, 7, 8, 19, 21, 22, 10, 24, 19, 17, 18, 19, 19, 11, 10, 19, 0, 6, 19, 13, 15, 19, 24, 25, 15, 12, 19, 6, 4, 19, 19, 26, 27, 5, 3, 19, 12, 11, 19, 8, 9, 19, 22, 23, 19, 19, 1, 0, 19, 16, 17, 19, 14, 13, 20, 21, 19, 27, 16, 19, 19, 3, 7, 19, 4, 5, 19, 9, 14, 19, 36, 37, 19, 37, 20, 35, 36, 19, 19, 18, 35, 28, 44, 48, 52, 55, 28, 35, 34, 28, 30, 29, 28, 28, 42, 43, 28, 36, 35, 28, 55, 39, 28, 31, 30, 28, 51, 52, 48, 50, 28, 28, 29, 40, 43, 47, 28, 40, 41, 28, 32, 31, 28, 28, 33, 32, 28, 50, 49, 46, 45, 28, 28, 47, 46, 28, 41, 42, 37, 36, 28, 39, 38, 28, 28, 34, 33, 45, 44, 28, 28, 38, 37, 6, 0, 28, 28, 49, 6, 53, 51, 28, 0, 53, 28]
            uniform token physics:approximation = "convexHull"
            bool physics:collisionEnabled = 1
            point3f[] points = [(-0.01735429, -0.03988833, -0), (-0.0067552, -0.04297229, -0), (0.00427889, -0.04328904, -0), (-0.04152225, -0.01296738, -0), (-0.03458931, -0.02637859, -0), (-0.04011539, -0.01682276, -0), (-0.02683584, -0.03423576, -0), (-0.04305825, -0.00618363, -0), (-0.04322837, 0.00485369, -0), (-0.04120988, 0.01392825, -0), (0.00294273, 0.04340035, -0), (-0.00807635, 0.04274368, -0), (-0.01857536, 0.03933454, -0), (-0.03538584, 0.02530005, -0), (-0.04061479, 0.01557846, -0), (-0.0278782, 0.03339245, -0), (0.23739465, 0.01222837, -0), (0.23973863, 0.00395143, -0), (0.23963737, -0.00465041, -0), (0.23709919, -0.01286988, -0), (0.2323328, -0.02003113, -0), (0.2257301, -0.02554533, -0), (0.21783401, -0.02895908, -0), (0.20929377, -0.02999169, -0), (0.21, 0.03, -0), (0.21851356, 0.02876663, -0), (0.2263271, 0.02516795, -0), (0.23279816, 0.01949984, -0), (-0.01735429, -0.03988833, 0.015), (0.21, 0.03, 0.015), (0.21851356, 0.02876663, 0.015), (0.2263271, 0.02516795, 0.015), (0.23279816, 0.01949984, 0.015), (0.23739465, 0.01222837, 0.015), (0.23973863, 0.00395143, 0.015), (0.23963737, -0.00465041, 0.015), (0.23709919, -0.01286988, 0.015), (0.2323328, -0.02003113, 0.015), (0.2257301, -0.02554533, 0.015), (0.21783401, -0.02895908, 0.015), (0.00294273, 0.04340035, 0.015), (-0.00807635, 0.04274368, 0.015), (-0.01857536, 0.03933454, 0.015), (-0.0278782, 0.03339245, 0.015), (-0.04305825, -0.00618363, 0.015), (-0.04322837, 0.00485369, 0.015), (-0.04061479, 0.01557846, 0.015), (-0.03538584, 0.02530005, 0.015), (-0.04011539, -0.01682276, 0.015), (-0.02683584, -0.03423576, 0.015), (-0.03458931, -0.02637859, 0.015), (0.01048942, -0.05597341, 0.015), (0.01428145, -0.05746289, 0.015), (0.01048942, -0.05597341, 0.01), (0.01428145, -0.05746289, 0.01), (0.01834172, -0.05712776, 0.015), (0.01834172, -0.05712776, 0.01)]
            uniform token subdivisionScheme = "none"
            token visibility = "invisible"
            quatd xformOp:orient = (1, 0, 0, 0)
            double3 xformOp:translate = (-0, -0, -0)
            uniform token[] xformOpOrder = ["xformOp:translate", "xformOp:orient"]
        }
    }

    def Xform "R_rocker" (
        prepend apiSchemas = ["PhysicsRigidBodyAPI", "PhysicsMassAPI", "PhysicsFilteredPairsAPI"]
    )
    {
        point3f physics:centerOfMass = (-0.028662223, -0.023387158, -0.0040379213)
        float3 physics:diagonalInertia = (0.0000031886743, 0.00019295726, 0.00019566149)
        rel physics:filteredPairs = [
            </Robot/base_link>,
            </Robot/L_crank>,
            </Robot/L_lower_coupler>,
            </Robot/L_link1>,
            </Robot/L_rocker>,
            </Robot/L_upper_coupler>,
            </Robot/L_link2>,
            </Robot/L_link3>,
            </Robot/R_crank>,
            </Robot/R_lower_coupler>,
            </Robot/R_link1>,
            </Robot/R_upper_coupler>,
            </Robot/R_link2>,
            </Robot/R_link3>,
        ]
        float physics:mass = 0.045938883
        quatf physics:principalAxes = (-0.4236735, -0.000052935746, 0.00025767137, 0.90581495)
        bool physics:rigidBodyEnabled = 1
        quatd xformOp:orient = (0.00334591032870063, -0.0033611814055797447, 0.7087069534608553, 0.7054870384775784)
        double3 xformOp:translate = (-0.10342794749631429, -0.1830098496656184, 0.27433322256576)
        uniform token[] xformOpOrder = ["xformOp:translate", "xformOp:orient"]

        def "Visual" (
            prepend references = @meshes/visuals.usdc@</Visuals/R_C3>
        )
        {
            quatd xformOp:orient = (1, 0, 0, 0)
            double3 xformOp:translate = (-0.11339999981993368, -1.9705206629380733e-11, -0)
            uniform token[] xformOpOrder = ["xformOp:translate", "xformOp:orient"]
        }

        def Mesh "Collision_000" (
            prepend apiSchemas = ["PhysicsMeshCollisionAPI", "PhysicsCollisionAPI"]
        )
        {
            int[] faceVertexCounts = [3, 3, 3, 3, 3, 3, 3, 3, 3, 3, 3, 3, 3, 3, 3, 3, 3, 3, 3, 3, 3, 3, 3, 3, 3, 3, 3, 3, 3, 3, 3, 3, 3, 3, 3, 3, 3, 3, 3, 3, 3, 3, 3, 3, 3, 3, 3, 3, 3, 3, 3, 3, 3, 3, 3, 3, 3, 3, 3, 3, 3, 3, 3, 3, 3, 3, 3, 3]
            int[] faceVertexIndices = [15, 0, 14, 16, 17, 15, 0, 1, 19, 18, 0, 19, 27, 12, 11, 11, 26, 27, 33, 0, 18, 33, 14, 0, 33, 32, 15, 15, 14, 33, 24, 23, 6, 6, 7, 24, 2, 3, 20, 20, 3, 21, 20, 1, 2, 20, 19, 1, 8, 17, 30, 30, 29, 8, 9, 10, 15, 15, 17, 9, 9, 17, 8, 25, 26, 11, 11, 10, 25, 5, 12, 6, 5, 3, 2, 2, 1, 5, 5, 0, 15, 11, 12, 5, 5, 1, 0, 15, 10, 5, 5, 10, 11, 4, 3, 5, 23, 22, 5, 6, 23, 5, 35, 3, 4, 21, 3, 35, 4, 5, 35, 35, 5, 22, 6, 12, 13, 13, 7, 6, 15, 32, 31, 31, 16, 15, 31, 30, 17, 17, 16, 31, 8, 29, 34, 34, 9, 8, 10, 9, 34, 34, 25, 10, 28, 20, 21, 18, 19, 28, 26, 25, 28, 28, 34, 29, 28, 33, 18, 23, 24, 28, 28, 27, 26, 21, 35, 28, 32, 33, 28, 28, 22, 23, 19, 20, 28, 29, 30, 28, 28, 31, 32, 28, 35, 22, 30, 31, 28, 25, 34, 28, 12, 27, 28, 28, 13, 12, 28, 24, 7, 7, 13, 28]
            uniform token physics:approximation = "convexHull"
            bool physics:collisionEnabled = 1
            point3f[] points = [(0.13809042, 0.06408092, 0), (0.14156623, 0.06733499, 0), (0.14609158, 0.06881538, 0), (0.15081859, 0.06824473, 0), (0.15486163, 0.06572994, 0), (0.1574632, 0.06174219, 0), (0.15813588, 0.05702861, 0), (0.15675363, 0.05247234, 0), (0.01269019, -0.1050752, 0), (0.01714134, -0.10632941, 0), (0.02171464, -0.1056433, 0), (0.02560179, -0.10313813, 0), (0.12116935, -0.00778699, 0), (0.12290075, -0.00554399, 0), (0.00881569, -0.08905048, 0), (0.00702285, -0.09331328, 0), (0.00714052, -0.09793627, 0), (0.00914789, -0.10210235, 0), (0.13809042, 0.06408092, -0.008), (0.14156623, 0.06733499, -0.008), (0.14609158, 0.06881538, -0.008), (0.15081859, 0.06824473, -0.008), (0.1574632, 0.06174219, -0.008), (0.15813588, 0.05702861, -0.008), (0.15675363, 0.05247234, -0.008), (0.02171464, -0.1056433, -0.008), (0.02560179, -0.10313813, -0.008), (0.12116935, -0.00778699, -0.008), (0.12290075, -0.00554399, -0.008), (0.01269019, -0.1050752, -0.008), (0.00914789, -0.10210235, -0.008), (0.00714052, -0.09793627, -0.008), (0.00702285, -0.09331328, -0.008), (0.00881569, -0.08905048, -0.008), (0.01714134, -0.10632941, -0.008), (0.15486163, 0.06572994, -0.008)]
            uniform token subdivisionScheme = "none"
            token visibility = "invisible"
            quatd xformOp:orient = (1, 0, 0, 0)
            double3 xformOp:translate = (-0.11339999981993368, -1.9705206629380733e-11, -0)
            uniform token[] xformOpOrder = ["xformOp:translate", "xformOp:orient"]
        }
    }

    def Xform "R_upper_coupler" (
        prepend apiSchemas = ["PhysicsRigidBodyAPI", "PhysicsMassAPI", "PhysicsFilteredPairsAPI"]
    )
    {
        point3f physics:centerOfMass = (0.04848292, 0.0014755923, 0.004)
        float3 physics:diagonalInertia = (6.063661e-7, 0.000019439056, 0.000019834844)
        rel physics:filteredPairs = [
            </Robot/base_link>,
            </Robot/L_crank>,
            </Robot/L_lower_coupler>,
            </Robot/L_link1>,
            </Robot/L_rocker>,
            </Robot/L_upper_coupler>,
            </Robot/L_link2>,
            </Robot/L_link3>,
            </Robot/R_crank>,
            </Robot/R_lower_coupler>,
            </Robot/R_link1>,
            </Robot/R_rocker>,
            </Robot/R_link2>,
            </Robot/R_link3>,
        ]
        float physics:mass = 0.019741653
        quatf physics:principalAxes = (0.99999964, 5.3372224e-15, -7.7341487e-17, -0.00081702834)
        bool physics:rigidBodyEnabled = 1
        quatd xformOp:orient = (0.14793287307735856, -0.14860805383698047, 0.6929592266208693, 0.6898108593222275)
        double3 xformOp:translate = (-0.1377432716353253, -0.1827478065070442, 0.3318779001887963)
        uniform token[] xformOpOrder = ["xformOp:translate", "xformOp:orient"]

        def "Visual" (
            prepend references = @meshes/visuals.usdc@</Visuals/R_C4>
        )
        {
            quatd xformOp:orient = (1, 0, 0, 0)
            double3 xformOp:translate = (-0.147167963259647, -0.05786817168219351, -0)
            uniform token[] xformOpOrder = ["xformOp:translate", "xformOp:orient"]
        }

        def Mesh "Collision_000" (
            prepend apiSchemas = ["PhysicsMeshCollisionAPI", "PhysicsCollisionAPI"]
        )
        {
            int[] faceVertexCounts = [3, 3, 3, 3, 3, 3, 3, 3, 3, 3, 3, 3, 3, 3, 3, 3, 3, 3, 3, 3, 3, 3, 3, 3, 3, 3, 3, 3, 3, 3, 3, 3, 3, 3, 3, 3, 3, 3, 3, 3, 3, 3, 3, 3, 3, 3, 3, 3, 3, 3, 3, 3, 3, 3, 3, 3, 3, 3, 3, 3, 3, 3, 3, 3, 3, 3, 3, 3, 3, 3, 3, 3, 3, 3, 3, 3, 3, 3, 3, 3, 3, 3, 3, 3]
            int[] faceVertexIndices = [39, 1, 0, 22, 18, 20, 22, 19, 18, 19, 16, 17, 18, 19, 17, 0, 2, 40, 40, 39, 0, 3, 2, 0, 0, 1, 3, 29, 36, 32, 32, 36, 33, 33, 36, 35, 34, 33, 35, 14, 17, 15, 15, 17, 16, 31, 32, 33, 31, 33, 34, 29, 32, 31, 31, 30, 29, 25, 27, 28, 26, 25, 28, 28, 27, 29, 29, 30, 28, 24, 22, 20, 20, 21, 24, 8, 36, 29, 20, 18, 8, 8, 21, 20, 14, 12, 8, 8, 4, 1, 8, 1, 39, 18, 17, 8, 29, 27, 8, 25, 23, 8, 8, 17, 14, 6, 4, 8, 8, 27, 25, 8, 43, 10, 39, 37, 8, 8, 23, 21, 8, 37, 36, 8, 12, 43, 10, 43, 11, 11, 43, 42, 11, 8, 10, 9, 8, 11, 1, 4, 5, 3, 1, 5, 41, 25, 26, 41, 23, 25, 21, 23, 41, 41, 24, 21, 38, 39, 40, 38, 37, 39, 38, 35, 36, 36, 37, 38, 43, 12, 13, 42, 43, 13, 14, 15, 13, 13, 12, 14, 19, 22, 7, 40, 2, 7, 7, 15, 16, 7, 11, 42, 7, 16, 19, 7, 2, 3, 7, 31, 34, 26, 28, 7, 7, 41, 26, 34, 35, 7, 7, 38, 40, 3, 5, 7, 30, 31, 7, 7, 28, 30, 22, 24, 7, 9, 11, 7, 42, 13, 7, 24, 41, 7, 35, 38, 7, 7, 13, 15, 6, 8, 7, 7, 8, 9, 7, 4, 6, 7, 5, 4]
            uniform token physics:approximation = "convexHull"
            bool physics:collisionEnabled = 1
            point3f[] points = [(0.14806469, 0.06883156, -0), (0.1446434, 0.06857455, -0), (0.14806469, 0.06883156, 0.008), (0.1446434, 0.06857455, 0.008), (0.1414677, 0.06727599, -0), (0.1414677, 0.06727599, 0.008), (0.13884656, 0.06506222, -0), (0.13884656, 0.06506222, 0.008), (0.13703494, 0.06214858, -0), (0.13703494, 0.06214858, 0.008), (0.13620909, 0.05881853, -0), (0.13620909, 0.05881853, 0.008), (0.13773236, 0.05221403, -0), (0.13773236, 0.05221403, 0.008), (0.13993327, 0.04958208, -0), (0.13993327, 0.04958208, 0.008), (0.14283802, 0.04775622, 0.008), (0.14283802, 0.04775622, -0), (0.14616399, 0.04691408, -0), (0.14616399, 0.04691408, 0.008), (0.24401766, 0.04687101, -0), (0.24745837, 0.0475057, -0), (0.24401766, 0.04687101, 0.008), (0.2505257, 0.04918874, -0), (0.24745837, 0.0475057, 0.008), (0.25290942, 0.05174987, -0), (0.25290942, 0.05174987, 0.008), (0.25436828, 0.05492997, -0), (0.25436828, 0.05492997, 0.008), (0.25475472, 0.05840733, -0), (0.25475472, 0.05840733, 0.008), (0.25402966, 0.06183013, 0.008), (0.25402966, 0.06183013, -0), (0.25226644, 0.06485212, -0), (0.25226644, 0.06485212, 0.008), (0.24964346, 0.06716755, 0.008), (0.24964346, 0.06716755, -0), (0.24642605, 0.06854218, -0), (0.24642605, 0.06854218, 0.008), (0.24293973, 0.06883695, -0), (0.24293973, 0.06883695, 0.008), (0.2505257, 0.04918874, 0.008), (0.13644935, 0.05539603, 0.008), (0.13644935, 0.05539603, -0)]
            uniform token subdivisionScheme = "none"
            token visibility = "invisible"
            quatd xformOp:orient = (1, 0, 0, 0)
            double3 xformOp:translate = (-0.147167963259647, -0.05786817168219351, -0)
            uniform token[] xformOpOrder = ["xformOp:translate", "xformOp:orient"]
        }
    }

    def Xform "R_link2" (
        prepend apiSchemas = ["PhysicsRigidBodyAPI", "PhysicsMassAPI", "PhysicsFilteredPairsAPI"]
    )
    {
        point3f physics:centerOfMass = (0.15963, 0.000083412, -0.011927)
        float3 physics:diagonalInertia = (0.00015783553, 0.004901316, 0.004967849)
        rel physics:filteredPairs = [
            </Robot/base_link>,
            </Robot/L_crank>,
            </Robot/L_lower_coupler>,
            </Robot/L_link1>,
            </Robot/L_rocker>,
            </Robot/L_upper_coupler>,
            </Robot/L_link2>,
            </Robot/L_link3>,
            </Robot/R_crank>,
            </Robot/R_lower_coupler>,
            </Robot/R_link1>,
            </Robot/R_rocker>,
            </Robot/R_upper_coupler>,
            </Robot/R_link3>,
        ]
        float physics:mass = 0.45
        quatf physics:principalAxes = (-0.025434103, 0.9994377, -0.008339297, 0.020195358)
        bool physics:rigidBodyEnabled = 1
        quatd xformOp:orient = (-0.6532166113339098, 0.6561979587427851, -0.267733229850182, -0.2665168198317613)
        double3 xformOp:translate = (-0.19153323639345554, -0.1831902249956061, 0.23472280010044888)
        uniform token[] xformOpOrder = ["xformOp:translate", "xformOp:orient"]

        def "Visual" (
            prepend references = @meshes/visuals.usdc@</Visuals/R_shank>
        )
        {
            quatd xformOp:orient = (1, 0, 0, 0)
            double3 xformOp:translate = (-0, -0, -0)
            uniform token[] xformOpOrder = ["xformOp:translate", "xformOp:orient"]
        }

        def Mesh "Collision_000" (
            prepend apiSchemas = ["PhysicsMeshCollisionAPI", "PhysicsCollisionAPI"]
        )
        {
            int[] faceVertexCounts = [3, 3, 3, 3, 3, 3, 3, 3, 3, 3, 3, 3, 3, 3, 3, 3, 3, 3, 3, 3, 3, 3, 3, 3, 3, 3, 3, 3, 3, 3, 3, 3, 3, 3, 3, 3, 3, 3, 3, 3, 3, 3, 3, 3, 3, 3, 3, 3, 3, 3, 3, 3, 3, 3, 3, 3, 3, 3, 3, 3, 3, 3, 3, 3, 3, 3, 3, 3, 3, 3, 3, 3, 3, 3, 3, 3, 3, 3, 3, 3, 3, 3, 3, 3, 3, 3, 3, 3, 3, 3, 3, 3, 3, 3, 3, 3, 3, 3, 3, 3, 3, 3, 3, 3, 3, 3, 3, 3, 3, 3, 3, 3, 3, 3, 3, 3, 3, 3, 3, 3, 3, 3, 3, 3, 3, 3, 3, 3, 3, 3, 3, 3, 3, 3, 3, 3, 3, 3, 3, 3, 3, 3, 3, 3, 3, 3, 3, 3, 3, 3, 3, 3, 3, 3, 3, 3, 3, 3, 3, 3, 3, 3, 3, 3, 3, 3, 3, 3, 3, 3, 3, 3, 3, 3, 3, 3, 3, 3, 3, 3, 3, 3, 3, 3, 3, 3, 3, 3, 3, 3, 3, 3, 3, 3, 3, 3, 3, 3, 3, 3, 3, 3, 3, 3, 3, 3, 3, 3, 3, 3, 3, 3, 3, 3, 3, 3, 3, 3, 3, 3, 3, 3, 3, 3, 3, 3, 3, 3, 3, 3, 3, 3, 3, 3, 3, 3, 3, 3, 3, 3, 3, 3, 3, 3, 3, 3, 3, 3, 3, 3, 3, 3, 3, 3, 3, 3, 3, 3, 3, 3, 3, 3, 3, 3, 3, 3, 3, 3, 3, 3, 3, 3, 3, 3, 3, 3, 3, 3, 3, 3, 3, 3, 3, 3, 3, 3, 3, 3, 3, 3, 3, 3, 3, 3, 3, 3, 3, 3, 3, 3, 3, 3, 3, 3, 3, 3, 3, 3, 3, 3, 3, 3, 3, 3]
            int[] faceVertexIndices = [0, 1, 4, 0, 2, 1, 0, 4, 25, 0, 20, 2, 0, 25, 20, 1, 2, 3, 1, 3, 35, 1, 5, 4, 1, 35, 37, 1, 37, 5, 2, 6, 7, 2, 7, 3, 2, 20, 21, 2, 21, 6, 3, 7, 36, 3, 36, 35, 4, 5, 8, 4, 8, 27, 4, 27, 25, 5, 9, 8, 5, 37, 42, 5, 42, 9, 6, 10, 7, 6, 21, 22, 6, 22, 24, 6, 24, 10, 7, 10, 11, 7, 11, 40, 7, 40, 36, 8, 9, 12, 8, 12, 15, 8, 15, 30, 8, 29, 27, 8, 30, 29, 9, 42, 12, 10, 13, 14, 10, 14, 11, 10, 24, 26, 10, 26, 28, 10, 28, 13, 11, 14, 45, 11, 45, 40, 12, 16, 15, 12, 17, 16, 12, 42, 17, 13, 23, 80, 13, 28, 32, 13, 32, 23, 13, 80, 14, 14, 39, 53, 14, 44, 45, 14, 53, 44, 14, 80, 81, 14, 81, 83, 14, 83, 39, 15, 16, 30, 16, 17, 18, 16, 18, 33, 16, 33, 30, 17, 19, 18, 17, 42, 19, 18, 19, 48, 18, 48, 33, 19, 41, 50, 19, 42, 46, 19, 46, 47, 19, 47, 41, 19, 49, 48, 19, 50, 49, 20, 25, 26, 20, 26, 21, 21, 26, 22, 22, 26, 24, 23, 32, 43, 23, 43, 80, 25, 27, 26, 26, 27, 29, 26, 29, 30, 26, 30, 33, 26, 31, 28, 26, 33, 34, 26, 34, 38, 26, 38, 116, 26, 110, 31, 26, 112, 110, 26, 116, 120, 26, 118, 112, 26, 120, 122, 26, 121, 118, 26, 122, 121, 28, 31, 61, 28, 61, 32, 31, 89, 61, 31, 110, 89, 32, 61, 43, 33, 48, 34, 34, 48, 65, 34, 65, 74, 34, 74, 38, 35, 36, 54, 35, 54, 37, 36, 40, 54, 37, 54, 42, 38, 74, 103, 38, 103, 116, 39, 67, 53, 39, 83, 67, 40, 45, 54, 41, 47, 64, 41, 64, 50, 42, 54, 46, 43, 61, 80, 44, 51, 45, 44, 52, 51, 44, 53, 63, 44, 63, 52, 45, 51, 54, 46, 54, 47, 47, 54, 55, 47, 55, 79, 47, 68, 64, 47, 79, 68, 48, 49, 66, 48, 66, 65, 49, 50, 66, 50, 64, 72, 50, 72, 66, 51, 52, 56, 51, 56, 54, 52, 57, 56, 52, 63, 71, 52, 71, 86, 52, 86, 91, 52, 91, 101, 52, 101, 57, 53, 67, 63, 54, 56, 60, 54, 58, 55, 54, 60, 58, 55, 58, 59, 55, 59, 104, 55, 90, 79, 55, 99, 90, 55, 104, 99, 56, 57, 62, 56, 62, 60, 57, 101, 105, 57, 105, 109, 57, 109, 113, 57, 113, 62, 58, 60, 62, 58, 62, 59, 59, 62, 115, 59, 106, 104, 59, 111, 106, 59, 115, 111, 61, 82, 80, 61, 89, 82, 62, 113, 114, 62, 114, 117, 62, 117, 115, 63, 67, 78, 63, 78, 71, 64, 68, 77, 64, 73, 72, 64, 75, 73, 64, 76, 75, 64, 77, 76, 65, 66, 70, 65, 69, 74, 65, 70, 69, 66, 72, 73, 66, 73, 75, 66, 75, 76, 66, 76, 77, 66, 77, 84, 66, 84, 70, 67, 83, 78, 68, 79, 84, 68, 84, 77, 69, 70, 126, 69, 103, 74, 69, 126, 103, 70, 84, 127, 70, 127, 126, 71, 78, 100, 71, 100, 86, 78, 83, 88, 78, 88, 95, 78, 95, 100, 79, 90, 107, 79, 107, 84, 80, 82, 83, 80, 83, 81, 82, 85, 83, 82, 87, 85, 82, 89, 87, 83, 85, 88, 84, 107, 127, 85, 87, 88, 86, 100, 102, 86, 102, 91, 87, 89, 94, 87, 92, 88, 87, 94, 92, 88, 92, 93, 88, 93, 95, 89, 96, 94, 89, 110, 96, 90, 99, 108, 90, 108, 107, 91, 102, 125, 91, 125, 101, 92, 94, 93, 93, 94, 95, 94, 96, 97, 94, 97, 98, 94, 98, 95, 95, 98, 102, 95, 102, 100, 96, 110, 123, 96, 119, 97, 96, 123, 119, 97, 119, 138, 97, 138, 98, 98, 138, 139, 98, 139, 102, 99, 104, 128, 99, 128, 108, 101, 125, 105, 102, 139, 125, 103, 124, 116, 103, 126, 129, 103, 129, 132, 103, 132, 124, 104, 106, 128, 105, 125, 136, 105, 136, 109, 106, 111, 137, 106, 137, 128, 107, 108, 130, 107, 130, 127, 108, 128, 130, 109, 136, 113, 110, 112, 123, 111, 115, 137, 112, 118, 147, 112, 142, 123, 112, 147, 142, 113, 136, 140, 113, 140, 114, 114, 140, 141, 114, 141, 144, 114, 144, 145, 114, 145, 146, 114, 146, 117, 115, 117, 137, 116, 124, 120, 117, 146, 137, 118, 121, 157, 118, 149, 147, 118, 155, 149, 118, 157, 155, 119, 123, 138, 120, 124, 131, 120, 131, 151, 120, 151, 153, 120, 153, 122, 121, 122, 157, 122, 153, 157, 123, 142, 138, 124, 132, 134, 124, 134, 131, 125, 139, 143, 125, 143, 148, 125, 148, 136, 126, 127, 130, 126, 130, 129, 128, 133, 130, 128, 135, 133, 128, 137, 135, 129, 130, 132, 130, 133, 132, 131, 134, 151, 132, 133, 134, 133, 135, 134, 134, 135, 152, 134, 152, 151, 135, 137, 152, 136, 148, 140, 137, 146, 154, 137, 154, 152, 138, 142, 143, 138, 143, 139, 140, 148, 150, 140, 150, 156, 140, 156, 141, 141, 156, 144, 142, 147, 148, 142, 148, 143, 144, 156, 158, 144, 158, 145, 145, 158, 146, 146, 158, 154, 147, 149, 148, 148, 149, 150, 149, 155, 156, 149, 156, 150, 151, 152, 153, 152, 154, 153, 153, 154, 157, 154, 158, 157, 155, 157, 158, 155, 158, 156]
            uniform token physics:approximation = "convexHull"
            bool physics:collisionEnabled = 1
            point3f[] points = [(-0.07556843, -0.014982129, -0.015), (-0.07556843, -0.014982129, 1.8998911e-10), (-0.07541223, -0.01992477, -0.015), (-0.07541223, -0.01992477, 1.8998911e-10), (-0.07354373, -0.010470511, -0.015), (-0.07354373, -0.010470511, 1.8998912e-10), (-0.07310667, -0.024299536, -0.015), (-0.07310667, -0.024299536, 1.8998911e-10), (-0.06974729, -0.0073017175, -0.015), (-0.06974729, -0.0073017175, 1.8998911e-10), (-0.06911771, -0.027222274, -0.015), (-0.06911771, -0.027222274, 1.8998911e-10), (-0.06511609, -0.0049561188, 1.8998911e-10), (-0.06425154, -0.028102294, -0.015), (-0.06425154, -0.028102294, 1.8998911e-10), (-0.063894235, -0.004337281, -0.015), (-0.011295743, 0.022302609, -0.015), (-0.011295743, 0.022302609, 1.8998912e-10), (-0.0035459485, 0.024747247, -0.015), (-0.0035459485, 0.024747247, 1.8998914e-10), (0.23538828, -0.010864561, -0.050300002), (0.23554361, -0.012129009, -0.050300002), (0.23620963, -0.013214996, -0.050300002), (0.23761286, -0.034139164, -0.03235), (0.23950593, -0.015958836, -0.050300002), (0.23963131, 0.014967686, -0.050300002), (0.23975587, -0.016120413, -0.050300002), (0.24018295, 0.01611601, -0.050300002), (0.24095164, -0.01655982, -0.050300002), (0.24116138, 0.016931886, -0.050300002), (0.24142627, 0.017067552, -0.050300002), (0.24222195, -0.016463382, -0.050300002), (0.24367264, -0.026248135, -0.040850002), (0.24545066, 0.018550294, -0.050300002), (0.24672417, 0.018584114, -0.050300002), (0.24700938, 0.00023699447, 0.013100001), (0.24729155, -0.0012900709, 0.013100001), (0.24752854, 0.0017005544, 0.013100001), (0.24789688, 0.018086405, -0.050300002), (0.24801017, -0.029933942, 1.8998916e-10), (0.24829945, -0.0024714593, 0.013100001), (0.24846299, 0.018215267, 0.008092619), (0.24870993, 0.0027084572, 0.013100001), (0.24950142, -0.030995991, -0.03635), (0.24974325, -0.0032398473, 0.013033013), (0.24976301, -0.002990622, 0.013100001), (0.250237, 0.0029906225, 0.013100001), (0.25025675, 0.0032398477, 0.013033013), (0.2506987, 0.036493316, -0.03235), (0.2506987, 0.036493316, -0.0227), (0.25126484, 0.029973326, 1.8998918e-10), (0.25129008, -0.0027084567, 0.013100001), (0.25139758, -0.0029341632, 0.013033013), (0.251537, -0.018215273, 0.008092619), (0.25170055, 0.00247146, 0.013100001), (0.25184226, 0.0026774176, 0.013033013), (0.25247148, -0.0017005538, 0.013100001), (0.2526774, -0.0018422703, 0.013033013), (0.25270846, 0.0012900715, 0.013100001), (0.25293416, 0.0013975741, 0.013033013), (0.25299063, -0.0002369939, 0.013100001), (0.2530316, -0.026829265, -0.040850002), (0.25323984, -0.00025674282, 0.013033013), (0.25332066, -0.017970787, 0.0081), (0.25380924, 0.017873608, 0.0081), (0.25382125, 0.036299426, -0.03235), (0.25382125, 0.036299426, -0.0227), (0.2538294, -0.02975459, 1.8998918e-10), (0.25438675, 0.017745841, 0.008092619), (0.25452864, 0.036033522, -0.03235), (0.25452864, 0.036033522, -0.0227), (0.25507388, -0.017561724, 0.008092619), (0.2552915, 0.02952965, 1.8998916e-10), (0.25540915, 0.02950833, 1.8998916e-10), (0.25632736, 0.026248133, -0.040850002), (0.25642756, 0.029303355, 1.8998916e-10), (0.25682223, 0.029213987, 1.8998919e-10), (0.2571624, 0.029132463, 1.8998918e-10), (0.25722933, -0.029115919, 1.8998916e-10), (0.25777656, 0.016543392, 0.008092619), (0.25806865, -0.035409328, -0.03235), (0.25806865, -0.035409328, -0.0227), (0.25882435, -0.035417244, -0.03235), (0.25882435, -0.035417244, -0.0227), (0.25938594, 0.028493928, 1.8998919e-10), (0.25984377, -0.035147548, -0.026700001), (0.259945, -0.015332088, 0.0081), (0.26011568, -0.035070263, -0.03235), (0.2602612, -0.035027955, -0.0227), (0.2603366, -0.024943024, -0.040850002), (0.2603592, 0.01505532, 0.0081), (0.2604387, -0.015006385, 0.008092619), (0.26083413, -0.034855004, -0.02685), (0.26107264, -0.034779977, -0.026700001), (0.26182488, -0.034531463, -0.03235), (0.26182488, -0.034531463, -0.0227), (0.26202494, -0.024174387, -0.040850002), (0.26245514, -0.034114417, -0.03235), (0.26245514, -0.034114417, -0.0227), (0.26267195, 0.013174975, 0.008092619), (0.2630493, -0.027013253, 1.8998919e-10), (0.26317498, -0.012671954, 0.008092619), (0.2637473, -0.026664797, 1.8998916e-10), (0.2649232, 0.022501096, -0.040850002), (0.2650064, 0.010438724, 0.008092619), (0.26505533, -0.010359209, 0.0081), (0.2653321, 0.009945012, 0.0081), (0.2660304, 0.025357977, 1.8998916e-10), (0.26637635, 0.025135929, 1.899892e-10), (0.2665434, -0.007776551, 0.008092619), (0.26671484, -0.007221844, -0.050300002), (0.26756173, 0.005073884, 0.008092619), (0.26773223, -0.0064551006, -0.050300002), (0.26774585, -0.0043867505, 0.008092619), (0.2678736, -0.0038092458, 0.0081), (0.2679708, 0.0033206518, 0.0081), (0.26814672, 0.0014957009, -0.050300002), (0.26821527, 0.0015370117, 0.008092619), (0.2683397, -0.0053353054, -0.050300002), (0.2686447, -0.024766423, -0.03635), (0.2688654, 0.0004438061, -0.050300002), (0.2690678, -0.0011087058, -0.050300002), (0.26908275, -0.0008114681, -0.050300002), (0.26956788, -0.01860372, -0.040850002), (0.271719, 0.01604009, -0.040850002), (0.27201688, -0.020377837, 1.8998918e-10), (0.27331638, 0.027843665, -0.03235), (0.27331638, 0.027843665, -0.0227), (0.27396694, 0.018044006, 1.8998919e-10), (0.2739927, 0.027506392, -0.03235), (0.2739927, 0.027506392, -0.0227), (0.27589524, 0.007644405, -0.040850002), (0.27626008, 0.025350722, -0.03235), (0.27626008, 0.025350722, -0.0227), (0.27663106, 0.024692316, -0.03235), (0.27663106, 0.024692316, -0.0227), (0.2776466, -0.0116475215, 1.8998918e-10), (0.2786838, 0.008788563, 1.8998919e-10), (0.27894163, -0.021938693, -0.03235), (0.27894163, -0.021938693, -0.0227), (0.27916685, -0.0070211124, 1.8998919e-10), (0.2793647, -0.006141214, 1.8998919e-10), (0.2795256, -0.021459008, -0.03235), (0.2795256, -0.021459008, -0.0227), (0.2795759, -0.0050264494, 1.8998919e-10), (0.2796854, -0.00433311, 1.8998916e-10), (0.27996144, -0.0015206417, 1.8998918e-10), (0.2812548, -0.018851742, -0.03235), (0.2812548, -0.018851742, -0.0227), (0.28146952, -0.018127149, -0.03235), (0.28146952, -0.018127149, -0.0227), (0.28575894, 0.0063420082, -0.03235), (0.28575894, 0.0063420082, -0.0227), (0.2860602, 0.0056489217, -0.03235), (0.2860602, 0.0056489217, -0.0227), (0.2862725, 0.0017972942, -0.03235), (0.2862725, 0.0017972942, -0.0227), (0.2864115, 0.0025401318, -0.03235), (0.2864115, 0.0025401318, -0.0227)]
            uniform token subdivisionScheme = "none"
            token visibility = "invisible"
            quatd xformOp:orient = (1, 0, 0, 0)
            double3 xformOp:translate = (0, 0, 0)
            uniform token[] xformOpOrder = ["xformOp:translate", "xformOp:orient"]
        }

        def Mesh "Collision_001" (
            prepend apiSchemas = ["PhysicsMeshCollisionAPI", "PhysicsCollisionAPI"]
        )
        {
            int[] faceVertexCounts = [3, 3, 3, 3, 3, 3, 3, 3, 3, 3, 3, 3, 3, 3, 3, 3, 3, 3, 3, 3, 3, 3, 3, 3, 3, 3, 3, 3, 3, 3, 3, 3, 3, 3, 3, 3, 3, 3, 3, 3, 3, 3, 3, 3, 3, 3, 3, 3, 3, 3, 3, 3, 3, 3, 3, 3, 3, 3, 3, 3, 3, 3, 3, 3, 3, 3, 3, 3, 3, 3, 3, 3, 3, 3, 3, 3]
            int[] faceVertexIndices = [0, 1, 2, 0, 2, 29, 0, 4, 5, 0, 5, 1, 0, 29, 4, 1, 3, 2, 1, 5, 3, 2, 3, 7, 2, 6, 29, 2, 7, 6, 3, 5, 7, 4, 8, 5, 4, 29, 8, 5, 8, 9, 5, 9, 14, 5, 11, 7, 5, 14, 18, 5, 16, 11, 5, 18, 22, 5, 20, 16, 5, 22, 26, 5, 24, 20, 5, 26, 30, 5, 28, 24, 5, 30, 35, 5, 33, 28, 5, 35, 39, 5, 37, 33, 5, 39, 37, 6, 7, 10, 6, 10, 29, 7, 11, 10, 8, 12, 9, 8, 29, 12, 9, 12, 14, 10, 11, 15, 10, 15, 29, 11, 16, 15, 12, 13, 14, 12, 29, 13, 13, 17, 18, 13, 18, 14, 13, 29, 17, 15, 16, 20, 15, 19, 29, 15, 20, 19, 17, 21, 22, 17, 22, 18, 17, 29, 21, 19, 20, 23, 19, 23, 29, 20, 24, 23, 21, 25, 22, 21, 29, 25, 22, 25, 26, 23, 24, 28, 23, 27, 29, 23, 28, 27, 25, 29, 26, 26, 29, 30, 27, 28, 31, 27, 31, 29, 28, 33, 31, 29, 31, 32, 29, 32, 36, 29, 34, 35, 29, 35, 30, 29, 36, 38, 29, 38, 34, 31, 33, 32, 32, 33, 37, 32, 37, 36, 34, 38, 39, 34, 39, 35, 36, 37, 38, 37, 39, 38]
            uniform token physics:approximation = "convexHull"
            bool physics:collisionEnabled = 1
            point3f[] points = [(0.21832035, -0.0021126592, -0.024640001), (0.21832035, -0.0021126592, -0.024), (0.21935087, 0.008288171, -0.024640001), (0.21935087, 0.008288171, -0.024), (0.22072284, -0.01228455, -0.024640001), (0.22072284, -0.01228455, -0.024), (0.2237027, 0.017790848, -0.024640001), (0.2237027, 0.017790848, -0.024), (0.22629793, -0.021125218, -0.024640001), (0.22629793, -0.021125218, -0.024), (0.23090424, 0.025365613, -0.024640001), (0.23090424, 0.025365613, -0.024), (0.23321415, -0.026949912, -0.024640001), (0.23444153, -0.02767664, -0.024640001), (0.23444153, -0.02767664, -0.024), (0.2401751, 0.03019162, -0.024640001), (0.2401751, 0.03019162, -0.024), (0.24427111, -0.031228874, -0.024640001), (0.24427111, -0.031228874, -0.024), (0.25051063, 0.031745892, -0.024640001), (0.25051063, 0.031745892, -0.024), (0.25472152, -0.03139697, -0.024640001), (0.25472152, -0.03139697, -0.024), (0.26079085, 0.02986001, -0.024640001), (0.26079085, 0.02986001, -0.024), (0.26466027, -0.028162722, -0.024640001), (0.26466027, -0.028162722, -0.024), (0.2699017, 0.024738323, -0.024640001), (0.2699017, 0.024738323, -0.024), (0.27301034, -0.021876603, -0.024640001), (0.27301034, -0.021876603, -0.024), (0.27642635, 0.017598571, -0.024640001), (0.2768559, 0.016935863, -0.024640001), (0.2768559, 0.016935863, -0.024), (0.27886692, -0.01321981, -0.024640001), (0.27886692, -0.01321981, -0.024), (0.28089982, 0.0072981347, -0.024640001), (0.28089982, 0.0072981347, -0.024), (0.2815953, -0.0031304555, -0.024640001), (0.2815953, -0.0031304555, -0.024)]
            uniform token subdivisionScheme = "none"
            token visibility = "invisible"
            quatd xformOp:orient = (1, 0, 0, 0)
            double3 xformOp:translate = (0, 0, 0)
            uniform token[] xformOpOrder = ["xformOp:translate", "xformOp:orient"]
        }

        def Mesh "Collision_002" (
            prepend apiSchemas = ["PhysicsMeshCollisionAPI", "PhysicsCollisionAPI"]
        )
        {
            int[] faceVertexCounts = [3, 3, 3, 3, 3, 3, 3, 3, 3, 3, 3, 3, 3, 3, 3, 3, 3, 3, 3, 3, 3, 3, 3, 3, 3, 3, 3, 3, 3, 3, 3, 3, 3, 3, 3, 3, 3, 3, 3, 3, 3, 3, 3, 3, 3, 3, 3, 3, 3, 3, 3, 3, 3, 3, 3, 3, 3, 3, 3, 3, 3, 3, 3, 3, 3, 3, 3, 3, 3, 3, 3, 3, 3, 3, 3, 3, 3, 3]
            int[] faceVertexIndices = [0, 1, 5, 0, 2, 1, 0, 4, 35, 0, 5, 4, 0, 35, 2, 1, 2, 3, 1, 3, 27, 1, 27, 5, 2, 6, 7, 2, 7, 3, 2, 35, 6, 3, 7, 27, 4, 5, 8, 4, 8, 35, 5, 9, 8, 5, 27, 9, 6, 10, 7, 6, 35, 10, 7, 10, 11, 7, 11, 27, 8, 9, 14, 8, 13, 35, 8, 14, 13, 9, 27, 14, 10, 12, 11, 10, 15, 12, 10, 35, 15, 11, 12, 27, 12, 15, 16, 12, 16, 27, 13, 14, 17, 13, 17, 35, 14, 18, 17, 14, 27, 18, 15, 19, 20, 15, 20, 16, 15, 35, 19, 16, 20, 27, 17, 18, 22, 17, 21, 35, 17, 22, 21, 18, 27, 22, 19, 23, 20, 19, 35, 23, 20, 23, 24, 20, 24, 27, 21, 22, 26, 21, 25, 35, 21, 26, 25, 22, 27, 26, 23, 28, 29, 23, 29, 24, 23, 35, 28, 24, 29, 27, 25, 26, 27, 25, 27, 31, 25, 31, 35, 27, 29, 34, 27, 32, 31, 27, 34, 38, 27, 36, 32, 27, 38, 40, 27, 40, 36, 28, 30, 29, 28, 35, 30, 29, 30, 34, 30, 33, 34, 30, 35, 33, 31, 32, 36, 31, 36, 35, 33, 35, 37, 33, 37, 38, 33, 38, 34, 35, 36, 39, 35, 39, 37, 36, 40, 39, 37, 39, 38, 38, 39, 40]
            uniform token physics:approximation = "convexHull"
            bool physics:collisionEnabled = 1
            point3f[] points = [(0.21840471, 0.003130456, -0.030350002), (0.21840471, 0.003130456, -0.02971), (0.21910016, -0.0072981426, -0.030350002), (0.21910016, -0.0072981426, -0.02971), (0.22113308, 0.013219814, -0.030350002), (0.22113308, 0.013219814, -0.02971), (0.22314411, -0.016935863, -0.030350002), (0.22314411, -0.016935863, -0.02971), (0.22698963, 0.021876598, -0.030350002), (0.22698963, 0.021876598, -0.02971), (0.23009829, -0.02473833, -0.030350002), (0.23009829, -0.02473833, -0.02971), (0.23321415, -0.026949912, -0.02971), (0.23533973, 0.02816272, -0.030350002), (0.23533973, 0.02816272, -0.02971), (0.23920915, -0.029860007, -0.030350002), (0.23920915, -0.029860007, -0.02971), (0.24527846, 0.031396966, -0.030350002), (0.24527846, 0.031396966, -0.02971), (0.24948935, -0.031745892, -0.030350002), (0.24948935, -0.031745892, -0.02971), (0.25572887, 0.031228878, -0.030350002), (0.25572887, 0.031228878, -0.02971), (0.2598249, -0.030191619, -0.030350002), (0.2598249, -0.030191619, -0.02971), (0.26555848, 0.02767664, -0.030350002), (0.26555848, 0.02767664, -0.02971), (0.26678583, 0.026949912, -0.02971), (0.26909575, -0.025365613, -0.030350002), (0.26909575, -0.025365613, -0.02971), (0.27301034, -0.021876603, -0.030350002), (0.27370206, 0.02112522, -0.030350002), (0.27370206, 0.02112522, -0.02971), (0.2762973, -0.017790848, -0.030350002), (0.2762973, -0.017790848, -0.02971), (0.27927718, 0.01228455, -0.030350002), (0.27927718, 0.01228455, -0.02971), (0.28064913, -0.008288173, -0.030350002), (0.28064913, -0.008288173, -0.02971), (0.28167963, 0.0021126545, -0.030350002), (0.28167963, 0.0021126545, -0.02971)]
            uniform token subdivisionScheme = "none"
            token visibility = "invisible"
            quatd xformOp:orient = (1, 0, 0, 0)
            double3 xformOp:translate = (0, 0, 0)
            uniform token[] xformOpOrder = ["xformOp:translate", "xformOp:orient"]
        }

        def Mesh "Collision_003" (
            prepend apiSchemas = ["PhysicsMeshCollisionAPI", "PhysicsCollisionAPI"]
        )
        {
            int[] faceVertexCounts = [3, 3, 3, 3, 3, 3, 3, 3, 3, 3, 3, 3, 3, 3, 3, 3, 3, 3, 3, 3, 3, 3, 3, 3, 3, 3, 3, 3, 3, 3, 3, 3, 3, 3, 3, 3, 3, 3, 3, 3, 3, 3, 3, 3, 3, 3, 3, 3, 3, 3, 3, 3, 3, 3, 3, 3, 3, 3, 3, 3, 3, 3, 3, 3, 3, 3, 3, 3]
            int[] faceVertexIndices = [0, 1, 5, 0, 2, 1, 0, 4, 31, 0, 5, 4, 0, 31, 2, 1, 2, 3, 1, 3, 22, 1, 22, 5, 2, 6, 7, 2, 7, 3, 2, 31, 6, 3, 7, 22, 4, 5, 8, 4, 8, 31, 5, 9, 8, 5, 22, 9, 6, 10, 7, 6, 31, 10, 7, 10, 11, 7, 11, 22, 8, 9, 15, 8, 14, 31, 8, 15, 14, 9, 22, 15, 10, 12, 11, 10, 31, 12, 11, 12, 13, 11, 13, 22, 12, 16, 17, 12, 17, 13, 12, 31, 16, 13, 17, 22, 14, 15, 19, 14, 18, 31, 14, 19, 18, 15, 22, 19, 16, 21, 17, 16, 31, 21, 17, 20, 22, 17, 21, 20, 18, 19, 23, 18, 23, 31, 19, 22, 23, 20, 21, 25, 20, 24, 22, 20, 25, 24, 21, 31, 25, 22, 24, 28, 22, 26, 27, 22, 27, 23, 22, 28, 32, 22, 30, 26, 22, 32, 34, 22, 34, 30, 23, 27, 31, 24, 25, 29, 24, 29, 28, 25, 31, 29, 26, 30, 31, 26, 31, 27, 28, 29, 32, 29, 31, 33, 29, 33, 32, 30, 34, 31, 31, 34, 35, 31, 35, 33, 32, 33, 34, 33, 35, 34]
            uniform token physics:approximation = "convexHull"
            bool physics:collisionEnabled = 1
            point3f[] points = [(0.2240245, 0.0018317061, -0.030350002), (0.22466291, 0.0017866874, -0.02971), (0.22511688, -0.0076754172, -0.030350002), (0.22572845, -0.007486777, -0.02971), (0.22644027, 0.011091449, -0.030350002), (0.2270193, 0.010818852, -0.02971), (0.22956987, -0.016145933, -0.030350002), (0.23007198, -0.0157491, -0.02971), (0.23203789, 0.018853225, -0.030350002), (0.23247936, 0.01838986, -0.02971), (0.23623297, -0.022103174, -0.030350002), (0.23657133, -0.021559933, -0.02971), (0.23678204, -0.022435851, -0.030350002), (0.23710692, -0.021884426, -0.02971), (0.2400614, 0.024068775, -0.030350002), (0.24030566, 0.023477219, -0.02971), (0.2457794, -0.02569568, -0.030350002), (0.24588312, -0.02506415, -0.02971), (0.24942718, 0.026033694, -0.030350002), (0.24944125, 0.025393855, -0.02971), (0.25521535, -0.02485881, -0.02971), (0.25534675, -0.025485171, -0.030350002), (0.2586523, 0.023880905, -0.02971), (0.2588703, 0.024482632, -0.030350002), (0.2638432, -0.02129615, -0.02971), (0.26419201, -0.021832744, -0.030350002), (0.2666948, 0.019142706, -0.02971), (0.26711547, 0.019625045, -0.030350002), (0.27060145, -0.01485733, -0.02971), (0.27112055, -0.015231685, -0.030350002), (0.27248257, 0.011819181, -0.02971), (0.2730491, 0.012116984, -0.030350002), (0.27457738, -0.006411943, -0.02971), (0.27519664, -0.0065735034, -0.030350002), (0.27523398, 0.002899412, -0.02971), (0.2758698, 0.0029724666, -0.030350002)]
            uniform token subdivisionScheme = "none"
            token visibility = "invisible"
            quatd xformOp:orient = (1, 0, 0, 0)
            double3 xformOp:translate = (0, 0, 0)
            uniform token[] xformOpOrder = ["xformOp:translate", "xformOp:orient"]
        }

        def Mesh "Collision_004" (
            prepend apiSchemas = ["PhysicsMeshCollisionAPI", "PhysicsCollisionAPI"]
        )
        {
            int[] faceVertexCounts = [3, 3, 3, 3, 3, 3, 3, 3, 3, 3, 3, 3, 3, 3, 3, 3, 3, 3, 3, 3, 3, 3, 3, 3, 3, 3, 3, 3, 3, 3, 3, 3, 3, 3, 3, 3, 3, 3, 3, 3, 3, 3, 3, 3, 3, 3, 3, 3, 3, 3, 3, 3, 3, 3, 3, 3, 3, 3, 3, 3, 3, 3, 3, 3, 3, 3, 3, 3, 3, 3, 3, 3]
            int[] faceVertexIndices = [0, 1, 4, 0, 2, 1, 0, 4, 12, 0, 12, 2, 1, 2, 3, 1, 3, 13, 1, 5, 4, 1, 13, 5, 2, 6, 7, 2, 7, 3, 2, 12, 6, 3, 7, 13, 4, 5, 9, 4, 8, 12, 4, 9, 8, 5, 13, 9, 6, 10, 11, 6, 11, 7, 6, 12, 10, 7, 11, 13, 8, 9, 12, 9, 13, 12, 10, 12, 16, 10, 16, 17, 10, 17, 11, 11, 17, 13, 12, 13, 14, 12, 14, 19, 12, 19, 23, 12, 21, 16, 12, 23, 29, 12, 25, 21, 12, 27, 25, 12, 29, 33, 12, 31, 27, 12, 33, 37, 12, 35, 31, 12, 37, 35, 13, 15, 14, 13, 17, 20, 13, 18, 15, 13, 20, 24, 13, 22, 18, 13, 24, 26, 13, 26, 30, 13, 28, 22, 13, 30, 34, 13, 32, 28, 13, 34, 36, 13, 36, 32, 14, 15, 18, 14, 18, 19, 16, 21, 17, 17, 21, 20, 18, 22, 19, 19, 22, 23, 20, 21, 24, 21, 25, 24, 22, 28, 29, 22, 29, 23, 24, 25, 26, 25, 27, 26, 26, 27, 31, 26, 31, 30, 28, 32, 29, 29, 32, 33, 30, 31, 34, 31, 35, 34, 32, 36, 33, 33, 36, 37, 34, 35, 37, 34, 37, 36]
            uniform token physics:approximation = "convexHull"
            bool physics:collisionEnabled = 1
            point3f[] points = [(0.22413021, -0.002972466, -0.024), (0.22476602, -0.0028994083, -0.024640001), (0.22480336, 0.006573507, -0.024), (0.22542264, 0.0064119436, -0.024640001), (0.22695091, -0.0121169835, -0.024), (0.22751741, -0.0118191745, -0.024640001), (0.22887945, 0.0152316885, -0.024), (0.22939855, 0.014857331, -0.024640001), (0.23288453, -0.019625038, -0.024), (0.23330519, -0.019142706, -0.024640001), (0.235808, 0.021832747, -0.024), (0.2361568, 0.021296153, -0.024640001), (0.23623297, -0.022103174, -0.024), (0.23657133, -0.021559933, -0.024640001), (0.24112968, -0.024482628, -0.024), (0.2413477, -0.023880903, -0.024640001), (0.24465325, 0.025485175, -0.024), (0.24478467, 0.024858814, -0.024640001), (0.25055873, -0.025393853, -0.024640001), (0.25057283, -0.026033698, -0.024), (0.25411686, 0.025064139, -0.024640001), (0.2542206, 0.02569568, -0.024), (0.25969434, -0.023477219, -0.024640001), (0.2599386, -0.024068775, -0.024), (0.26289308, 0.021884426, -0.024640001), (0.26321796, 0.022435848, -0.024), (0.2634287, 0.02155993, -0.024640001), (0.26376703, 0.022103174, -0.024), (0.26752064, -0.01838986, -0.024640001), (0.26796213, -0.018853223, -0.024), (0.269928, 0.015749108, -0.024640001), (0.27043015, 0.016145935, -0.024), (0.2729807, -0.010818848, -0.024640001), (0.27355975, -0.011091448, -0.024), (0.27427155, 0.0074867774, -0.024640001), (0.27488312, 0.007675418, -0.024), (0.27533707, -0.0017866868, -0.024640001), (0.2759755, -0.0018317087, -0.024)]
            uniform token subdivisionScheme = "none"
            token visibility = "invisible"
            quatd xformOp:orient = (1, 0, 0, 0)
            double3 xformOp:translate = (0, 0, 0)
            uniform token[] xformOpOrder = ["xformOp:translate", "xformOp:orient"]
        }
    }

    def Xform "R_link3" (
        prepend apiSchemas = ["PhysicsRigidBodyAPI", "PhysicsMassAPI", "PhysicsFilteredPairsAPI"]
    )
    {
        point3f physics:centerOfMass = (0, 0, -0.020472)
        float3 physics:diagonalInertia = (0.000296, 0.000296, 0.000575)
        rel physics:filteredPairs = [
            </Robot/base_link>,
            </Robot/L_crank>,
            </Robot/L_lower_coupler>,
            </Robot/L_link1>,
            </Robot/L_rocker>,
            </Robot/L_upper_coupler>,
            </Robot/L_link2>,
            </Robot/L_link3>,
            </Robot/R_crank>,
            </Robot/R_lower_coupler>,
            </Robot/R_link1>,
            </Robot/R_rocker>,
            </Robot/R_upper_coupler>,
            </Robot/R_link2>,
        ]
        float physics:mass = 0.2
        quatf physics:principalAxes = (1, 0, 0, 0)
        bool physics:rigidBodyEnabled = 1
        quatd xformOp:orient = (-0.26651681983176023, 0.26773322985018094, 0.6561979587427855, 0.6532166113339103)
        double3 xformOp:translate = (-0.012889385203081305, -0.1989864619749756, 0.05990331225895845)
        uniform token[] xformOpOrder = ["xformOp:translate", "xformOp:orient"]

        def "Visual" (
            prepend references = @meshes/visuals.usdc@</Visuals/R_wheel>
        )
        {
            quatd xformOp:orient = (1, 0, 0, 0)
            double3 xformOp:translate = (-0, -0, -0)
            uniform token[] xformOpOrder = ["xformOp:translate", "xformOp:orient"]
        }

        def Cylinder "Collision_000" (
            prepend apiSchemas = ["PhysicsCollisionAPI"]
        )
        {
            uniform token axis = "Z"
            double height = 0.02500000037252903
            bool physics:collisionEnabled = 1
            double radius = 0.06000000315456387
            token visibility = "invisible"
            quatd xformOp:orient = (1, 0, 0, 0)
            double3 xformOp:translate = (0, 0, -0.020350000821053982)
            uniform token[] xformOpOrder = ["xformOp:translate", "xformOp:orient"]
        }
    }

    def "tree_joints"
    {
        def PhysicsRevoluteJoint "L_joint1"
        {
            uniform token physics:axis = "Z"
            rel physics:body0 = </Robot/base_link>
            rel physics:body1 = </Robot/L_link1>
            uniform bool physics:excludeFromArticulation = 0
            point3f physics:localPos0 = (0, 0.18379809, -0.00083696767)
            point3f physics:localPos1 = (0, 0, 0)
            quatf physics:localRot0 = (-1.2155343e-15, 1.2100118e-15, -0.705495, 0.7087149)
            quatf physics:localRot1 = (6.123234e-17, 1, 0, 0)
        }

        def PhysicsRevoluteJoint "L_joint2"
        {
            uniform token physics:axis = "Z"
            rel physics:body0 = </Robot/L_link1>
            rel physics:body1 = </Robot/L_link2>
            uniform bool physics:excludeFromArticulation = 0
            point3f physics:localPos0 = (0.21, 0, 0)
            point3f physics:localPos1 = (0, 0, 0)
            quatf physics:localRot0 = (-0.36049294, 0, 0, 0.9327619)
            quatf physics:localRot1 = (1, 0, 0, 0)
            float physics:lowerLimit = -7.2609463
            float physics:upperLimit = 37.739056
        }

        def PhysicsRevoluteJoint "L_joint3"
        {
            uniform token physics:axis = "Z"
            rel physics:body0 = </Robot/L_link2>
            rel physics:body1 = </Robot/L_link3>
            uniform bool physics:excludeFromArticulation = 0
            point3f physics:localPos0 = (0.25, 0, 0.015)
            point3f physics:localPos1 = (0, 0, 0)
            quatf physics:localRot0 = (-0.70710546, 0, 0, 0.7071081)
            quatf physics:localRot1 = (1, 0, 0, 0)
        }

        def PhysicsRevoluteJoint "L_crank_O"
        {
            uniform token physics:axis = "Z"
            rel physics:body0 = </Robot/L_link1>
            rel physics:body1 = </Robot/L_crank>
            uniform bool physics:excludeFromArticulation = 0
            point3f physics:localPos0 = (-5.305529e-19, -2.5626428e-18, 0)
            point3f physics:localPos1 = (0, 0, 0)
            quatf physics:localRot0 = (1, 2.0684401e-19, 1.0345052e-24, -0.0000027991962)
            quatf physics:localRot1 = (1, 0, 0, 0)
        }

        def PhysicsRevoluteJoint "L_lower_A"
        {
            uniform token physics:axis = "Z"
            rel physics:body0 = </Robot/L_crank>
            rel physics:body1 = </Robot/L_lower_coupler>
            uniform bool physics:excludeFromArticulation = 0
            point3f physics:localPos0 = (-0.10850218, -0.03296722, -2.7755576e-17)
            point3f physics:localPos1 = (0, 0, 0)
            quatf physics:localRot0 = (1, -3.5592656e-19, -2.113253e-24, 0.0000017058164)
            quatf physics:localRot1 = (1, 0, 0, 0)
        }

        def PhysicsRevoluteJoint "L_rocker_P"
        {
            uniform token physics:axis = "Z"
            rel physics:body0 = </Robot/L_link1>
            rel physics:body1 = </Robot/L_rocker>
            uniform bool physics:excludeFromArticulation = 0
            point3f physics:localPos0 = (0.1134, -2.5113228e-10, 2.7755576e-17)
            point3f physics:localPos1 = (0, 0, 0)
            quatf physics:localRot0 = (1, 1.1847838e-19, 3.7790419e-25, -0.0000017064203)
            quatf physics:localRot1 = (1, 0, 0, 0)
        }

        def PhysicsRevoluteJoint "L_upper_B"
        {
            uniform token physics:axis = "Z"
            rel physics:body0 = </Robot/L_rocker>
            rel physics:body1 = </Robot/L_upper_coupler>
            uniform bool physics:excludeFromArticulation = 0
            point3f physics:localPos0 = (0.03643084, 0.05622983, 0)
            point3f physics:localPos1 = (0, 0, 0)
            quatf physics:localRot0 = (1, -1.1967902e-19, -8.800967e-25, 0.0000017329279)
            quatf physics:localRot1 = (1, 0, 0, 0)
        }

        def PhysicsRevoluteJoint "R_joint1"
        {
            uniform token physics:axis = "Z"
            rel physics:body0 = </Robot/base_link>
            rel physics:body1 = </Robot/R_link1>
            uniform bool physics:excludeFromArticulation = 0
            point3f physics:localPos0 = (0, -0.1827981, 0.00083241396)
            point3f physics:localPos1 = (0, 0, 0)
            quatf physics:localRot0 = (-1.2100118e-15, -1.2155343e-15, 0.7087149, 0.705495)
            quatf physics:localRot1 = (1, 0, 0, 0)
        }

        def PhysicsRevoluteJoint "R_jonit2"
        {
            uniform token physics:axis = "Z"
            rel physics:body0 = </Robot/R_link1>
            rel physics:body1 = </Robot/R_link2>
            uniform bool physics:excludeFromArticulation = 0
            point3f physics:localPos0 = (0.21, 0, 0)
            point3f physics:localPos1 = (0, 0, 0)
            quatf physics:localRot0 = (-2.3401328e-17, -0.3821727, 0.9240909, 5.658425e-17)
            quatf physics:localRot1 = (6.123234e-17, 1, 0, 0)
            float physics:lowerLimit = -35.06334
            float physics:upperLimit = 9.936659
        }

        def PhysicsRevoluteJoint "R_joint3"
        {
            uniform token physics:axis = "Z"
            rel physics:body0 = </Robot/R_link2>
            rel physics:body1 = </Robot/R_link3>
            uniform bool physics:excludeFromArticulation = 0
            point3f physics:localPos0 = (0.25, 0, -0.015)
            point3f physics:localPos1 = (0, 0, 0)
            quatf physics:localRot0 = (9.892357e-32, 1.6155446e-15, 1, 6.123234e-17)
            quatf physics:localRot1 = (6.123234e-17, 1, 0, 0)
        }

        def PhysicsRevoluteJoint "R_crank_O"
        {
            uniform token physics:axis = "Z"
            rel physics:body0 = </Robot/R_link1>
            rel physics:body1 = </Robot/R_crank>
            uniform bool physics:excludeFromArticulation = 0
            point3f physics:localPos0 = (2.891206e-19, 9.498823e-18, 2.7755576e-17)
            point3f physics:localPos1 = (0, 0, 0)
            quatf physics:localRot0 = (1, 2.0921148e-19, 1.700658e-24, 0.000021961912)
            quatf physics:localRot1 = (1, 0, 0, 0)
        }

        def PhysicsRevoluteJoint "R_lower_A"
        {
            uniform token physics:axis = "Z"
            rel physics:body0 = </Robot/R_crank>
            rel physics:body1 = </Robot/R_lower_coupler>
            uniform bool physics:excludeFromArticulation = 0
            point3f physics:localPos0 = (-0.105735525, -0.040982414, 2.7755576e-17)
            point3f physics:localPos1 = (0, 0, 0)
            quatf physics:localRot0 = (1, 1.451715e-19, 4.244247e-24, -0.000013979013)
            quatf physics:localRot1 = (1, 0, 0, 0)
        }

        def PhysicsRevoluteJoint "R_rocker_P"
        {
            uniform token physics:axis = "Z"
            rel physics:body0 = </Robot/R_link1>
            rel physics:body1 = </Robot/R_rocker>
            uniform bool physics:excludeFromArticulation = 0
            point3f physics:localPos0 = (0.1134, 1.9705206e-11, 2.7755576e-17)
            point3f physics:localPos1 = (0, 0, 0)
            quatf physics:localRot0 = (1, 1.4712624e-20, 3.2210167e-24, 0.000013991844)
            quatf physics:localRot1 = (1, 0, 0, 0)
        }

        def PhysicsRevoluteJoint "R_upper_B"
        {
            uniform token physics:axis = "Z"
            rel physics:body0 = </Robot/R_rocker>
            rel physics:body1 = </Robot/R_upper_coupler>
            uniform bool physics:excludeFromArticulation = 0
            point3f physics:localPos0 = (0.033767954, 0.05786817, 0)
            point3f physics:localPos1 = (0, 0, 0)
            quatf physics:localRot0 = (1, 2.9257805e-19, 5.7181344e-24, -0.000013993021)
            quatf physics:localRot1 = (1, 0, 0, 0)
        }
    }

    def "loop_joints"
    {
        def PhysicsSphericalJoint "L_lower_D"
        {
            rel physics:body0 = </Robot/L_lower_coupler>
            rel physics:body1 = </Robot/L_rocker>
            uniform bool physics:excludeFromArticulation = 1
            point3f physics:localPos0 = (0.12199037, -0.05782171, 0)
            point3f physics:localPos1 = (-0.09991181, -0.09078893, 0)
            quatf physics:localRot0 = (1, 0, 0, 0)
            quatf physics:localRot1 = (1, 0, 0, 0)
        }

        def PhysicsSphericalJoint "L_upper_E"
        {
            rel physics:body0 = </Robot/L_upper_coupler>
            rel physics:body1 = </Robot/L_link2>
            uniform bool physics:excludeFromArticulation = 1
            point3f physics:localPos0 = (0.09659999, 1.4085955e-15, 0)
            point3f physics:localPos1 = (-0.064777166, -0.017114867, 0)
            quatf physics:localRot0 = (1, 0, 0, 0)
            quatf physics:localRot1 = (1, 0, 0, 0)
        }

        def PhysicsSphericalJoint "R_lower_D"
        {
            rel physics:body0 = </Robot/R_lower_coupler>
            rel physics:body1 = </Robot/R_rocker>
            uniform bool physics:excludeFromArticulation = 1
            point3f physics:localPos0 = (0.12356796, -0.05436873, 0)
            point3f physics:localPos1 = (-0.09556757, -0.09535114, 0)
            quatf physics:localRot0 = (1, 0, 0, 0)
            quatf physics:localRot1 = (1, 0, 0, 0)
        }

        def PhysicsSphericalJoint "R_upper_E"
        {
            rel physics:body0 = </Robot/R_upper_coupler>
            rel physics:body1 = </Robot/R_link2>
            uniform bool physics:excludeFromArticulation = 1
            point3f physics:localPos0 = (0.096599996, 0, 0)
            point3f physics:localPos1 = (-0.064777166, -0.017114867, 0)
            quatf physics:localRot0 = (1, 0, 0, 0)
            quatf physics:localRot1 = (1, 0, 0, 0)
        }
    }
}

