mtllib wheelbipeV14_2_right_front3_link_visuals_right_front3_link_node_STL_BINARY__mesh.mtl
v -0.16294267773628235 -5.215405884939628e-11 0.11599831283092499
v -0.16294267773628235 0.004999999888241291 0.11599831283092499
v -0.16215460002422333 -5.215405884939628e-11 0.11466021835803986
v -0.16215460002422333 -5.215405884939628e-11 0.11466021835803986
v -0.16294267773628235 0.004999999888241291 0.11599831283092499
v -0.16215460002422333 0.004999999888241291 0.11466021835803986
v -0.16215460002422333 -5.215405884939628e-11 0.11466021835803986
v -0.16215460002422333 0.004999999888241291 0.11466021835803986
v -0.16214115917682648 -5.215405884939628e-11 0.11310736835002899
v -0.16214115917682648 -5.215405884939628e-11 0.11310736835002899
v -0.16215460002422333 0.004999999888241291 0.11466021835803986
v -0.16214115917682648 0.004999999888241291 0.11310736835002899
v -0.16214115917682648 -5.215405884939628e-11 0.11310736835002899
v -0.16214115917682648 0.004999999888241291 0.11310736835002899
v -0.16290593147277832 -5.215405884939628e-11 0.11175582557916641
v -0.16290593147277832 -5.215405884939628e-11 0.11175582557916641
v -0.16214115917682648 0.004999999888241291 0.11310736835002899
v -0.16290593147277832 0.004999999888241291 0.11175582557916641
v -0.16290593147277832 -5.215405884939628e-11 0.11175582557916641
v -0.16290593147277832 0.004999999888241291 0.11175582557916641
v -0.16424402594566345 -5.215405884939628e-11 0.11096775531768799
v -0.16424402594566345 -5.215405884939628e-11 0.11096775531768799
v -0.16290593147277832 0.004999999888241291 0.11175582557916641
v -0.16424402594566345 0.004999999888241291 0.11096775531768799
v -0.16424402594566345 -5.215405884939628e-11 0.11096775531768799
v -0.16424402594566345 0.004999999888241291 0.11096775531768799
v -0.16579687595367432 -5.215405884939628e-11 0.11095429956912994
v -0.16579687595367432 -5.215405884939628e-11 0.11095429956912994
v -0.16424402594566345 0.004999999888241291 0.11096775531768799
v -0.16579687595367432 0.004999999888241291 0.11095429956912994
v -0.16579687595367432 -5.215405884939628e-11 0.11095429956912994
v -0.16579687595367432 0.004999999888241291 0.11095429956912994
v -0.1671484112739563 -5.215405884939628e-11 0.11171908676624298
v -0.1671484112739563 -5.215405884939628e-11 0.11171908676624298
v -0.16579687595367432 0.004999999888241291 0.11095429956912994
v -0.1671484112739563 0.004999999888241291 0.11171908676624298
v -0.1671484112739563 -5.215405884939628e-11 0.11171908676624298
v -0.1671484112739563 0.004999999888241291 0.11171908676624298
v -0.16793648898601532 -5.215405884939628e-11 0.11305716633796692
v -0.16793648898601532 -5.215405884939628e-11 0.11305716633796692
v -0.1671484112739563 0.004999999888241291 0.11171908676624298
v -0.16793648898601532 0.004999999888241291 0.11305716633796692
v -0.16793648898601532 -5.215405884939628e-11 0.11305716633796692
v -0.16793648898601532 0.004999999888241291 0.11305716633796692
v -0.16794994473457336 -5.215405884939628e-11 0.11461003124713898
v -0.16794994473457336 -5.215405884939628e-11 0.11461003124713898
v -0.16793648898601532 0.004999999888241291 0.11305716633796692
v -0.16794994473457336 0.004999999888241291 0.11461003124713898
v -0.16794994473457336 -5.215405884939628e-11 0.11461003124713898
v -0.16794994473457336 0.004999999888241291 0.11461003124713898
v -0.16718515753746033 -5.215405884939628e-11 0.11596156656742096
v -0.16718515753746033 -5.215405884939628e-11 0.11596156656742096
v -0.16794994473457336 0.004999999888241291 0.11461003124713898
v -0.16718515753746033 0.004999999888241291 0.11596156656742096
v -0.16718515753746033 -5.215405884939628e-11 0.11596156656742096
v -0.16718515753746033 0.004999999888241291 0.11596156656742096
v -0.1658470779657364 -5.215405884939628e-11 0.11674964427947998
v -0.1658470779657364 -5.215405884939628e-11 0.11674964427947998
v -0.16718515753746033 0.004999999888241291 0.11596156656742096
v -0.1658470779657364 0.004999999888241291 0.11674964427947998
v -0.1658470779657364 -5.215405884939628e-11 0.11674964427947998
v -0.1658470779657364 0.004999999888241291 0.11674964427947998
v -0.16429421305656433 -5.215405884939628e-11 0.11676308512687683
v -0.16429421305656433 -5.215405884939628e-11 0.11676308512687683
v -0.1658470779657364 0.004999999888241291 0.11674964427947998
v -0.16429421305656433 0.004999999888241291 0.11676308512687683
v -0.16429421305656433 -5.215405884939628e-11 0.11676308512687683
v -0.16429421305656433 0.004999999888241291 0.11676308512687683
v -0.16294267773628235 -5.215405884939628e-11 0.11599831283092499
v -0.16294267773628235 -5.215405884939628e-11 0.11599831283092499
v -0.16429421305656433 0.004999999888241291 0.11676308512687683
v -0.16294267773628235 0.004999999888241291 0.11599831283092499
v 0.002102873520925641 -5.215405884939628e-11 0.0021396097727119923
v 0.002102873520925641 0.004999999888241291 0.0021396097727119923
v 0.0028909449465572834 -5.215405884939628e-11 0.0008015237981453538
v 0.0028909449465572834 -5.215405884939628e-11 0.0008015237981453538
v 0.002102873520925641 0.004999999888241291 0.0021396097727119923
v 0.0028909449465572834 0.004999999888241291 0.0008015237981453538
v 0.0028909449465572834 -5.215405884939628e-11 0.0008015237981453538
v 0.0028909449465572834 0.004999999888241291 0.0008015237981453538
v 0.0029043969698250294 -5.215405884939628e-11 -0.0007513370364904404
v 0.0029043969698250294 -5.215405884939628e-11 -0.0007513370364904404
v 0.0028909449465572834 0.004999999888241291 0.0008015237981453538
v 0.0029043969698250294 0.004999999888241291 -0.0007513370364904404
v 0.0029043969698250294 -5.215405884939628e-11 -0.0007513370364904404
v 0.0029043969698250294 0.004999999888241291 -0.0007513370364904404
v 0.0021396102383732796 -5.215405884939628e-11 -0.0021028672344982624
v 0.0021396102383732796 -5.215405884939628e-11 -0.0021028672344982624
v 0.0029043969698250294 0.004999999888241291 -0.0007513370364904404
v 0.0021396102383732796 0.004999999888241291 -0.0021028672344982624
v 0.0021396102383732796 -5.215405884939628e-11 -0.0021028672344982624
v 0.0021396102383732796 0.004999999888241291 -0.0021028672344982624
v 0.0008015295024961233 -5.215405884939628e-11 -0.002890949137508869
v 0.0008015295024961233 -5.215405884939628e-11 -0.002890949137508869
v 0.0021396102383732796 0.004999999888241291 -0.0021028672344982624
v 0.0008015295024961233 0.004999999888241291 -0.002890949137508869
v 0.0008015295024961233 -5.215405884939628e-11 -0.002890949137508869
v 0.0008015295024961233 0.004999999888241291 -0.002890949137508869
v -0.0007513287127949297 -5.215405884939628e-11 -0.002904393244534731
v -0.0007513287127949297 -5.215405884939628e-11 -0.002904393244534731
v 0.0008015295024961233 0.004999999888241291 -0.002890949137508869
v -0.0007513287127949297 0.004999999888241291 -0.002904393244534731
v -0.0007513287127949297 -5.215405884939628e-11 -0.002904393244534731
v -0.0007513287127949297 0.004999999888241291 -0.002904393244534731
v -0.002102864207699895 -5.215405884939628e-11 -0.0021396169904619455
v -0.002102864207699895 -5.215405884939628e-11 -0.0021396169904619455
v -0.0007513287127949297 0.004999999888241291 -0.002904393244534731
v -0.002102864207699895 0.004999999888241291 -0.0021396169904619455
v -0.002102864207699895 -5.215405884939628e-11 -0.0021396169904619455
v -0.002102864207699895 0.004999999888241291 -0.0021396169904619455
v -0.0028909461107105017 -5.215405884939628e-11 -0.0008015205385163426
v -0.0028909461107105017 -5.215405884939628e-11 -0.0008015205385163426
v -0.002102864207699895 0.004999999888241291 -0.0021396169904619455
v -0.0028909461107105017 0.004999999888241291 -0.0008015205385163426
v -0.0028909461107105017 -5.215405884939628e-11 -0.0008015205385163426
v -0.0028909461107105017 0.004999999888241291 -0.0008015205385163426
v -0.0029043902177363634 -5.215405884939628e-11 0.000751327199395746
v -0.0029043902177363634 -5.215405884939628e-11 0.000751327199395746
v -0.0028909461107105017 0.004999999888241291 -0.0008015205385163426
v -0.0029043902177363634 0.004999999888241291 0.000751327199395746
v -0.0029043902177363634 -5.215405884939628e-11 0.000751327199395746
v -0.0029043902177363634 0.004999999888241291 0.000751327199395746
v -0.002139613963663578 -5.215405884939628e-11 0.0021028679329901934
v -0.002139613963663578 -5.215405884939628e-11 0.0021028679329901934
v -0.0029043902177363634 0.004999999888241291 0.000751327199395746
v -0.002139613963663578 0.004999999888241291 0.0021028679329901934
v -0.002139613963663578 -5.215405884939628e-11 0.0021028679329901934
v -0.002139613963663578 0.004999999888241291 0.0021028679329901934
v -0.0008015226921997964 -5.215405884939628e-11 0.0028909393586218357
v -0.0008015226921997964 -5.215405884939628e-11 0.0028909393586218357
v -0.002139613963663578 0.004999999888241291 0.0021028679329901934
v -0.0008015226921997964 0.004999999888241291 0.0028909393586218357
v -0.0008015226921997964 -5.215405884939628e-11 0.0028909393586218357
v -0.0008015226921997964 0.004999999888241291 0.0028909393586218357
v 0.0007513275486417115 -5.215405884939628e-11 0.002904396504163742
v 0.0007513275486417115 -5.215405884939628e-11 0.002904396504163742
v -0.0008015226921997964 0.004999999888241291 0.0028909393586218357
v 0.0007513275486417115 0.004999999888241291 0.002904396504163742
v 0.0007513275486417115 -5.215405884939628e-11 0.002904396504163742
v 0.0007513275486417115 0.004999999888241291 0.002904396504163742
v 0.002102873520925641 -5.215405884939628e-11 0.0021396097727119923
v 0.002102873520925641 -5.215405884939628e-11 0.0021396097727119923
v 0.0007513275486417115 0.004999999888241291 0.002904396504163742
v 0.002102873520925641 0.004999999888241291 0.0021396097727119923
v -0.08144011348485947 -5.215405884939628e-11 0.03855089470744133
v -0.07611509412527084 -5.215405884939628e-11 0.03331732749938965
v -0.07421023398637772 -5.215405884939628e-11 0.03525547310709953
v -0.07421023398637772 -5.215405884939628e-11 0.03525547310709953
v -0.07611509412527084 -5.215405884939628e-11 0.03331732749938965
v -0.0648624449968338 -5.215405884939628e-11 0.030994698405265808
v -0.16780832409858704 -5.215405884939628e-11 0.12346947938203812
v -0.16625097393989563 -5.215405884939628e-11 0.12190525978803635
v -0.16367915272712708 -5.215405884939628e-11 0.12376490235328674
v -0.10486350953578949 -5.215405884939628e-11 0.04153454676270485
v -0.08917491883039474 -5.215405884939628e-11 0.03438359871506691
v -0.10607757419347763 -5.215405884939628e-11 0.050995975732803345
v -0.0008015226921997964 -5.215405884939628e-11 0.0028909393586218357
v 0.0007513275486417115 -5.215405884939628e-11 0.002904396504163742
v -0.004030380863696337 -5.215405884939628e-11 0.007188732735812664
v -0.10868242383003235 -5.215405884939628e-11 0.05355609208345413
v -0.10607757419347763 -5.215405884939628e-11 0.050995975732803345
v -0.1037474274635315 -5.215405884939628e-11 0.05336683616042137
v -0.1408558189868927 -5.215405884939628e-11 0.09437300264835358
v -0.14066554605960846 -5.215405884939628e-11 0.0937601774930954
v -0.13665299117565155 -5.215405884939628e-11 0.0928155779838562
v -0.1408558189868927 -5.215405884939628e-11 0.09437300264835358
v -0.13665299117565155 -5.215405884939628e-11 0.0928155779838562
v -0.1412847936153412 -5.215405884939628e-11 0.09485023468732834
v -0.15633505582809448 -5.215405884939628e-11 0.10420844703912735
v -0.1559869349002838 -5.215405884939628e-11 0.11181749403476715
v -0.15748384594917297 -5.215405884939628e-11 0.10328416526317596
v -0.15748384594917297 -5.215405884939628e-11 0.10328416526317596
v -0.1559869349002838 -5.215405884939628e-11 0.11181749403476715
v -0.16187068819999695 -5.215405884939628e-11 0.10583093017339706
v -0.15748384594917297 -5.215405884939628e-11 0.10328416526317596
v -0.16187068819999695 -5.215405884939628e-11 0.10583093017339706
v -0.15791751444339752 -5.215405884939628e-11 0.10280152410268784
v -0.15633505582809448 -5.215405884939628e-11 0.10420844703912735
v -0.1557471603155136 -5.215405884939628e-11 0.1045357808470726
v -0.1559869349002838 -5.215405884939628e-11 0.11181749403476715
v -0.1559869349002838 -5.215405884939628e-11 0.11181749403476715
v -0.1557471603155136 -5.215405884939628e-11 0.1045357808470726
v -0.1550753116607666 -5.215405884939628e-11 0.10457317531108856
v -0.1559869349002838 -5.215405884939628e-11 0.11181749403476715
v -0.1550753116607666 -5.215405884939628e-11 0.10457317531108856
v -0.15445472300052643 -5.215405884939628e-11 0.10431311279535294
v -0.14066554605960846 -5.215405884939628e-11 0.0937601774930954
v -0.1407487541437149 -5.215405884939628e-11 0.0931239128112793
v -0.13665299117565155 -5.215405884939628e-11 0.0928155779838562
v -0.13665299117565155 -5.215405884939628e-11 0.0928155779838562
v -0.1407487541437149 -5.215405884939628e-11 0.0931239128112793
v -0.1410902589559555 -5.215405884939628e-11 0.092580646276474
v -0.13665299117565155 -5.215405884939628e-11 0.0928155779838562
v -0.1410902589559555 -5.215405884939628e-11 0.092580646276474
v -0.14253674447536469 -5.215405884939628e-11 0.08682901412248611
v -0.14253674447536469 -5.215405884939628e-11 0.08682901412248611
v -0.1410902589559555 -5.215405884939628e-11 0.092580646276474
v -0.1439753919839859 -5.215405884939628e-11 0.08964508771896362
v -0.14253674447536469 -5.215405884939628e-11 0.08682901412248611
v -0.1439753919839859 -5.215405884939628e-11 0.08964508771896362
v -0.14464443922042847 -5.215405884939628e-11 0.08925104886293411
v -0.1664269119501114 -5.215405884939628e-11 0.10119510442018509
v -0.15801621973514557 -5.215405884939628e-11 0.10153836756944656
v -0.16187068819999695 -5.215405884939628e-11 0.10583093017339706
v -0.16187068819999695 -5.215405884939628e-11 0.10583093017339706
v -0.15801621973514557 -5.215405884939628e-11 0.10153836756944656
v -0.15810678899288177 -5.215405884939628e-11 0.10218087583780289
v -0.16187068819999695 -5.215405884939628e-11 0.10583093017339706
v -0.15810678899288177 -5.215405884939628e-11 0.10218087583780289
v -0.15791751444339752 -5.215405884939628e-11 0.10280152410268784
v -0.14464443922042847 -5.215405884939628e-11 0.08925104886293411
v -0.1454208642244339 -5.215405884939628e-11 0.08924432843923569
v -0.14709295332431793 -5.215405884939628e-11 0.08219318836927414
v -0.14709295332431793 -5.215405884939628e-11 0.08219318836927414
v -0.1454208642244339 -5.215405884939628e-11 0.08924432843923569
v -0.1460966318845749 -5.215405884939628e-11 0.08962671458721161
v -0.14709295332431793 -5.215405884939628e-11 0.08219318836927414
v -0.1460966318845749 -5.215405884939628e-11 0.08962671458721161
v -0.1664269119501114 -5.215405884939628e-11 0.10119510442018509
v -0.1664269119501114 -5.215405884939628e-11 0.10119510442018509
v -0.1460966318845749 -5.215405884939628e-11 0.08962671458721161
v -0.1576627790927887 -5.215405884939628e-11 0.10099422186613083
v -0.1664269119501114 -5.215405884939628e-11 0.10119510442018509
v -0.1576627790927887 -5.215405884939628e-11 0.10099422186613083
v -0.15801621973514557 -5.215405884939628e-11 0.10153836756944656
v -0.008780227042734623 -5.215405884939628e-11 0.010425501503050327
v -0.00884894747287035 -5.215405884939628e-11 0.009752767160534859
v -0.004030380863696337 -5.215405884939628e-11 0.007188732735812664
v -0.008780227042734623 -5.215405884939628e-11 0.010425501503050327
v -0.004030380863696337 -5.215405884939628e-11 0.007188732735812664
v -0.00901395920664072 -5.215405884939628e-11 0.011060052551329136
v -0.00884894747287035 -5.215405884939628e-11 0.009752767160534859
v -0.009206169284880161 -5.215405884939628e-11 0.009178590960800648
v -0.004030380863696337 -5.215405884939628e-11 0.007188732735812664
v -0.004030380863696337 -5.215405884939628e-11 0.007188732735812664
v -0.009206169284880161 -5.215405884939628e-11 0.009178590960800648
v -0.010564669035375118 -5.215405884939628e-11 0.0075754690915346146
v -0.004030380863696337 -5.215405884939628e-11 0.007188732735812664
v -0.010564669035375118 -5.215405884939628e-11 0.0075754690915346146
v -0.012093222700059414 -5.215405884939628e-11 -0.0014676281716674566
v -0.010564669035375118 -5.215405884939628e-11 0.0075754690915346146
v -0.011077837087213993 -5.215405884939628e-11 0.007126005832105875
v -0.012093222700059414 -5.215405884939628e-11 -0.0014676281716674566
v -0.012093222700059414 -5.215405884939628e-11 -0.0014676281716674566
v -0.011077837087213993 -5.215405884939628e-11 0.007126005832105875
v -0.011736991815268993 -5.215405884939628e-11 0.006950290873646736
v -0.012093222700059414 -5.215405884939628e-11 -0.0014676281716674566
v -0.011736991815268993 -5.215405884939628e-11 0.006950290873646736
v -0.015055404976010323 -5.215405884939628e-11 0.0005995015380904078
v -0.015055404976010323 -5.215405884939628e-11 0.0005995015380904078
v -0.011736991815268993 -5.215405884939628e-11 0.006950290873646736
v -0.012405798770487309 -5.215405884939628e-11 0.00708466162905097
v -0.015055404976010323 -5.215405884939628e-11 0.0005995015380904078
v -0.012405798770487309 -5.215405884939628e-11 0.00708466162905097
v -0.02673204243183136 -5.215405884939628e-11 0.0059217787347733974
v -0.06554696708917618 -5.215405884939628e-11 0.04407011717557907
v -0.04966510459780693 -5.215405884939628e-11 0.032918740063905716
v -0.049400974065065384 -5.215405884939628e-11 0.03360825031995773
v -0.00901395920664072 -5.215405884939628e-11 0.011060052551329136
v -0.004030380863696337 -5.215405884939628e-11 0.007188732735812664
v -0.009502648375928402 -5.215405884939628e-11 0.011527463793754578
v -0.009502648375928402 -5.215405884939628e-11 0.011527463793754578
v -0.004030380863696337 -5.215405884939628e-11 0.007188732735812664
v -0.02358255907893181 -5.215405884939628e-11 0.026405133306980133
v -0.009502648375928402 -5.215405884939628e-11 0.011527463793754578
v -0.02358255907893181 -5.215405884939628e-11 0.026405133306980133
v -0.04740961641073227 -5.215405884939628e-11 0.03403322771191597
v -0.028245696797966957 -5.215405884939628e-11 0.014304578304290771
v -0.028582097962498665 -5.215405884939628e-11 0.014515695162117481
v -0.03537016734480858 -5.215405884939628e-11 0.014411555603146553
v -0.03537016734480858 -5.215405884939628e-11 0.014411555603146553
v -0.028582097962498665 -5.215405884939628e-11 0.014515695162117481
v -0.049133919179439545 -5.215405884939628e-11 0.03158964216709137
v -0.03537016734480858 -5.215405884939628e-11 0.014411555603146553
v -0.049133919179439545 -5.215405884939628e-11 0.03158964216709137
v -0.06554696708917618 -5.215405884939628e-11 0.04407011717557907
v -0.06554696708917618 -5.215405884939628e-11 0.04407011717557907
v -0.049133919179439545 -5.215405884939628e-11 0.03158964216709137
v -0.04956826567649841 -5.215405884939628e-11 0.03218675032258034
v -0.06554696708917618 -5.215405884939628e-11 0.04407011717557907
v -0.04956826567649841 -5.215405884939628e-11 0.03218675032258034
v -0.04966510459780693 -5.215405884939628e-11 0.032918740063905716
v -0.10405492037534714 -5.215405884939628e-11 0.06625993549823761
v -0.10345394909381866 -5.215405884939628e-11 0.06674860417842865
v -0.10488157719373703 -5.215405884939628e-11 0.07032656669616699
v -0.10488157719373703 -5.215405884939628e-11 0.07032656669616699
v -0.10345394909381866 -5.215405884939628e-11 0.06674860417842865
v -0.10268931835889816 -5.215405884939628e-11 0.06687230616807938
v -0.10488157719373703 -5.215405884939628e-11 0.07032656669616699
v -0.10268931835889816 -5.215405884939628e-11 0.06687230616807938
v -0.10196492075920105 -5.215405884939628e-11 0.0665980726480484
v -0.11016454547643661 -5.215405884939628e-11 0.05429627001285553
v -0.1103750541806221 -5.215405884939628e-11 0.05500396341085434
v -0.11513306200504303 -5.215405884939628e-11 0.05989595502614975
v -0.11513306200504303 -5.215405884939628e-11 0.05989595502614975
v -0.1103750541806221 -5.215405884939628e-11 0.05500396341085434
v -0.11022242903709412 -5.215405884939628e-11 0.05572635680437088
v -0.11022242903709412 -5.215405884939628e-11 0.05572635680437088
v -0.10974365472793579 -5.215405884939628e-11 0.056288424879312515
v -0.11513306200504303 -5.215405884939628e-11 0.05989595502614975
v -0.11513306200504303 -5.215405884939628e-11 0.05989595502614975
v -0.10974365472793579 -5.215405884939628e-11 0.056288424879312515
v -0.10707949846982956 -5.215405884939628e-11 0.05881131812930107
v -0.11513306200504303 -5.215405884939628e-11 0.05989595502614975
v -0.10707949846982956 -5.215405884939628e-11 0.05881131812930107
v -0.10924931615591049 -5.215405884939628e-11 0.06588251888751984
v -0.10924931615591049 -5.215405884939628e-11 0.06588251888751984
v -0.10707949846982956 -5.215405884939628e-11 0.05881131812930107
v -0.10522639751434326 -5.215405884939628e-11 0.061978138983249664
v -0.10924931615591049 -5.215405884939628e-11 0.06588251888751984
v -0.10522639751434326 -5.215405884939628e-11 0.061978138983249664
v -0.10433198511600494 -5.215405884939628e-11 0.06553661078214645
v -0.10868242383003235 -5.215405884939628e-11 0.05355609208345413
v -0.10893376916646957 -5.215405884939628e-11 0.05356573313474655
v -0.11063379049301147 -5.215405884939628e-11 0.04636014625430107
v -0.11063379049301147 -5.215405884939628e-11 0.04636014625430107
v -0.10893376916646957 -5.215405884939628e-11 0.05356573313474655
v -0.1096419095993042 -5.215405884939628e-11 0.05377473682165146
v -0.11063379049301147 -5.215405884939628e-11 0.04636014625430107
v -0.1096419095993042 -5.215405884939628e-11 0.05377473682165146
v -0.11968927830457687 -5.215405884939628e-11 0.055260125547647476
v -0.10607757419347763 -5.215405884939628e-11 0.050995975732803345
v -0.08917491883039474 -5.215405884939628e-11 0.03438359871506691
v -0.09651324898004532 -5.215405884939628e-11 0.045591726899147034
v -0.09651324898004532 -5.215405884939628e-11 0.045591726899147034
v -0.09681301563978195 -5.215405884939628e-11 0.04620436206459999
v -0.10607757419347763 -5.215405884939628e-11 0.050995975732803345
v -0.10607757419347763 -5.215405884939628e-11 0.050995975732803345
v -0.09681301563978195 -5.215405884939628e-11 0.04620436206459999
v -0.09681053459644318 -5.215405884939628e-11 0.04688640683889389
v -0.10607757419347763 -5.215405884939628e-11 0.050995975732803345
v -0.09681053459644318 -5.215405884939628e-11 0.04688640683889389
v -0.1037474274635315 -5.215405884939628e-11 0.05336683616042137
v -0.1037474274635315 -5.215405884939628e-11 0.05336683616042137
v -0.09681053459644318 -5.215405884939628e-11 0.04688640683889389
v -0.09650629758834839 -5.215405884939628e-11 0.04749684035778046
v -0.1037474274635315 -5.215405884939628e-11 0.05336683616042137
v -0.09650629758834839 -5.215405884939628e-11 0.04749684035778046
v -0.09622126817703247 -5.215405884939628e-11 0.05307820811867714
v -0.09622126817703247 -5.215405884939628e-11 0.05307820811867714
v -0.09650629758834839 -5.215405884939628e-11 0.04749684035778046
v -0.09596322476863861 -5.215405884939628e-11 0.047909460961818695
v -0.09622126817703247 -5.215405884939628e-11 0.05307820811867714
v -0.09596322476863861 -5.215405884939628e-11 0.047909460961818695
v -0.09529358148574829 -5.215405884939628e-11 0.04803895577788353
v -0.0826936811208725 -5.215405884939628e-11 0.05434691905975342
v -0.08273739367723465 -5.215405884939628e-11 0.05369267985224724
v -0.06554696708917618 -5.215405884939628e-11 0.04407011717557907
v -0.0826936811208725 -5.215405884939628e-11 0.05434691905975342
v -0.06554696708917618 -5.215405884939628e-11 0.04407011717557907
v -0.0829332247376442 -5.215405884939628e-11 0.054957300424575806
v -0.0830560028553009 -5.215405884939628e-11 0.05311959236860275
v -0.0835886299610138 -5.215405884939628e-11 0.05273716524243355
v -0.07637044042348862 -5.215405884939628e-11 0.047313254326581955
v -0.07637044042348862 -5.215405884939628e-11 0.047313254326581955
v -0.0835886299610138 -5.215405884939628e-11 0.05273716524243355
v -0.08423350006341934 -5.215405884939628e-11 0.05261847749352455
v -0.07637044042348862 -5.215405884939628e-11 0.047313254326581955
v -0.08423350006341934 -5.215405884939628e-11 0.05261847749352455
v -0.09529358148574829 -5.215405884939628e-11 0.04803895577788353
v -0.09529358148574829 -5.215405884939628e-11 0.04803895577788353
v -0.08423350006341934 -5.215405884939628e-11 0.05261847749352455
v -0.08697088062763214 -5.215405884939628e-11 0.05272345617413521
v -0.09529358148574829 -5.215405884939628e-11 0.04803895577788353
v -0.08697088062763214 -5.215405884939628e-11 0.05272345617413521
v -0.09622126817703247 -5.215405884939628e-11 0.05307820811867714
v -0.08341024816036224 -5.215405884939628e-11 0.05540717765688896
v -0.0829332247376442 -5.215405884939628e-11 0.054957300424575806
v -0.08517720550298691 -5.215405884939628e-11 0.06336323171854019
v -0.08517720550298691 -5.215405884939628e-11 0.06336323171854019
v -0.0829332247376442 -5.215405884939628e-11 0.054957300424575806
v -0.06554696708917618 -5.215405884939628e-11 0.04407011717557907
v -0.08517720550298691 -5.215405884939628e-11 0.06336323171854019
v -0.06554696708917618 -5.215405884939628e-11 0.04407011717557907
v -0.06080608069896698 -5.215405884939628e-11 0.04889384284615517
v -0.06080608069896698 -5.215405884939628e-11 0.04889384284615517
v -0.06554696708917618 -5.215405884939628e-11 0.04407011717557907
v -0.049400974065065384 -5.215405884939628e-11 0.03360825031995773
v -0.06080608069896698 -5.215405884939628e-11 0.04889384284615517
v -0.049400974065065384 -5.215405884939628e-11 0.03360825031995773
v -0.04883987456560135 -5.215405884939628e-11 0.03408821299672127
v -0.08341024816036224 -5.215405884939628e-11 0.05540717765688896
v -0.08517720550298691 -5.215405884939628e-11 0.06336323171854019
v -0.1005081757903099 -5.215405884939628e-11 0.06555840373039246
v -0.1005081757903099 -5.215405884939628e-11 0.06555840373039246
v -0.08517720550298691 -5.215405884939628e-11 0.06336323171854019
v -0.09070004522800446 -5.215405884939628e-11 0.06664220243692398
v -0.1005081757903099 -5.215405884939628e-11 0.06555840373039246
v -0.09070004522800446 -5.215405884939628e-11 0.06664220243692398
v -0.09633341431617737 -5.215405884939628e-11 0.06998679041862488
v -0.09633341431617737 -5.215405884939628e-11 0.06998679041862488
v -0.09706341475248337 -5.215405884939628e-11 0.07046445459127426
v -0.1005081757903099 -5.215405884939628e-11 0.06555840373039246
v -0.1005081757903099 -5.215405884939628e-11 0.06555840373039246
v -0.09706341475248337 -5.215405884939628e-11 0.07046445459127426
v -0.10488157719373703 -5.215405884939628e-11 0.07032656669616699
v -0.1005081757903099 -5.215405884939628e-11 0.06555840373039246
v -0.10488157719373703 -5.215405884939628e-11 0.07032656669616699
v -0.1006176769733429 -5.215405884939628e-11 0.06563004851341248
v -0.1006176769733429 -5.215405884939628e-11 0.06563004851341248
v -0.10488157719373703 -5.215405884939628e-11 0.07032656669616699
v -0.10196492075920105 -5.215405884939628e-11 0.0665980726480484
v -0.14253674447536469 -5.215405884939628e-11 0.08682901412248611
v -0.1400785595178604 -5.215405884939628e-11 0.08476357907056808
v -0.1396961659193039 -5.215405884939628e-11 0.08543934673070908
v -0.14253674447536469 -5.215405884939628e-11 0.08682901412248611
v -0.1396961659193039 -5.215405884939628e-11 0.08543934673070908
v -0.13665299117565155 -5.215405884939628e-11 0.0928155779838562
v -0.13665299117565155 -5.215405884939628e-11 0.0928155779838562
v -0.1396961659193039 -5.215405884939628e-11 0.08543934673070908
v -0.1358337551355362 -5.215405884939628e-11 0.08936925232410431
v -0.13665299117565155 -5.215405884939628e-11 0.0928155779838562
v -0.1358337551355362 -5.215405884939628e-11 0.08936925232410431
v -0.13523821532726288 -5.215405884939628e-11 0.08974087238311768
v -0.14464443922042847 -5.215405884939628e-11 0.08925104886293411
v -0.14709295332431793 -5.215405884939628e-11 0.08219318836927414
v -0.14253674447536469 -5.215405884939628e-11 0.08682901412248611
v -0.14253674447536469 -5.215405884939628e-11 0.08682901412248611
v -0.14709295332431793 -5.215405884939628e-11 0.08219318836927414
v -0.140071839094162 -5.215405884939628e-11 0.08398715406656265
v -0.14253674447536469 -5.215405884939628e-11 0.08682901412248611
v -0.140071839094162 -5.215405884939628e-11 0.08398715406656265
v -0.1400785595178604 -5.215405884939628e-11 0.08476357907056808
v -0.1290571093559265 -5.215405884939628e-11 0.07363008707761765
v -0.12970109283924103 -5.215405884939628e-11 0.07370950281620026
v -0.12963595986366272 -5.215405884939628e-11 0.06503599137067795
v -0.12963595986366272 -5.215405884939628e-11 0.06503599137067795
v -0.12970109283924103 -5.215405884939628e-11 0.07370950281620026
v -0.13025127351284027 -5.215405884939628e-11 0.07405347377061844
v -0.12963595986366272 -5.215405884939628e-11 0.06503599137067795
v -0.13025127351284027 -5.215405884939628e-11 0.07405347377061844
v -0.14709295332431793 -5.215405884939628e-11 0.08219318836927414
v -0.14709295332431793 -5.215405884939628e-11 0.08219318836927414
v -0.13025127351284027 -5.215405884939628e-11 0.07405347377061844
v -0.13967779278755188 -5.215405884939628e-11 0.08331810683012009
v -0.14709295332431793 -5.215405884939628e-11 0.08219318836927414
v -0.13967779278755188 -5.215405884939628e-11 0.08331810683012009
v -0.140071839094162 -5.215405884939628e-11 0.08398715406656265
v -0.1279647797346115 -5.215405884939628e-11 0.0742720365524292
v -0.12843982875347137 -5.215405884939628e-11 0.07383006811141968
v -0.12507975101470947 -5.215405884939628e-11 0.06967182457447052
v -0.1279647797346115 -5.215405884939628e-11 0.0742720365524292
v -0.12507975101470947 -5.215405884939628e-11 0.06967182457447052
v -0.12561923265457153 -5.215405884939628e-11 0.07685142010450363
v -0.12242168933153152 -5.215405884939628e-11 0.08129669725894928
v -0.12193068116903305 -5.215405884939628e-11 0.08069763332605362
v -0.11482826620340347 -5.215405884939628e-11 0.08010243624448776
v -0.12665718793869019 -5.215405884939628e-11 0.09172821044921875
v -0.1331421285867691 -5.215405884939628e-11 0.09638778120279312
v -0.13665299117565155 -5.215405884939628e-11 0.0928155779838562
v -0.12242168933153152 -5.215405884939628e-11 0.08129669725894928
v -0.11482826620340347 -5.215405884939628e-11 0.08010243624448776
v -0.13388867676258087 -5.215405884939628e-11 0.08953597396612167
v -0.12180399149656296 -5.215405884939628e-11 0.07993349432945251
v -0.1220753937959671 -5.215405884939628e-11 0.07920803129673004
v -0.11919599771499634 -5.215405884939628e-11 0.07565838098526001
v -0.11919599771499634 -5.215405884939628e-11 0.07565838098526001
v -0.1220753937959671 -5.215405884939628e-11 0.07920803129673004
v -0.12267253547906876 -5.215405884939628e-11 0.07871469110250473
v -0.11919599771499634 -5.215405884939628e-11 0.07565838098526001
v -0.12267253547906876 -5.215405884939628e-11 0.07871469110250473
v -0.12561923265457153 -5.215405884939628e-11 0.07685142010450363
v 0.008848927915096283 -5.215405884939628e-11 -0.006534260232001543
v 0.0021396102383732796 -5.215405884939628e-11 -0.0021028672344982624
v 0.005436818581074476 -5.215405884939628e-11 -0.00956247840076685
v 0.005436818581074476 -5.215405884939628e-11 -0.00956247840076685
v 0.0021396102383732796 -5.215405884939628e-11 -0.0021028672344982624
v 0.0008015295024961233 -5.215405884939628e-11 -0.002890949137508869
v 0.005436818581074476 -5.215405884939628e-11 -0.00956247840076685
v 0.0008015295024961233 -5.215405884939628e-11 -0.002890949137508869
v 0.0010895547457039356 -5.215405884939628e-11 -0.010945911519229412
v 0.0010895547457039356 -5.215405884939628e-11 -0.010945911519229412
v 0.0008015295024961233 -5.215405884939628e-11 -0.002890949137508869
v -0.0034451268147677183 -5.215405884939628e-11 -0.010446583852171898
v -0.0034451268147677183 -5.215405884939628e-11 -0.010446583852171898
v 0.0008015295024961233 -5.215405884939628e-11 -0.002890949137508869
v -0.0007513287127949297 -5.215405884939628e-11 -0.002904393244534731
v -0.0034451268147677183 -5.215405884939628e-11 -0.010446583852171898
v -0.0007513287127949297 -5.215405884939628e-11 -0.002904393244534731
v -0.007387228775769472 -5.215405884939628e-11 -0.008150390349328518
v -0.007387228775769472 -5.215405884939628e-11 -0.008150390349328518
v -0.0007513287127949297 -5.215405884939628e-11 -0.002904393244534731
v -0.002102864207699895 -5.215405884939628e-11 -0.0021396169904619455
v -0.007387228775769472 -5.215405884939628e-11 -0.008150390349328518
v -0.002102864207699895 -5.215405884939628e-11 -0.0021396169904619455
v -0.010058684274554253 -5.215405884939628e-11 -0.004452292341738939
v -0.010058684274554253 -5.215405884939628e-11 -0.004452292341738939
v -0.002102864207699895 -5.215405884939628e-11 -0.0021396169904619455
v -0.0028909461107105017 -5.215405884939628e-11 -0.0008015205385163426
v -0.010058684274554253 -5.215405884939628e-11 -0.004452292341738939
v -0.0028909461107105017 -5.215405884939628e-11 -0.0008015205385163426
v -0.012093222700059414 -5.215405884939628e-11 -0.0014676281716674566
v -0.012093222700059414 -5.215405884939628e-11 -0.0014676281716674566
v -0.0028909461107105017 -5.215405884939628e-11 -0.0008015205385163426
v -0.0029043902177363634 -5.215405884939628e-11 0.000751327199395746
v -0.012093222700059414 -5.215405884939628e-11 -0.0014676281716674566
v -0.0029043902177363634 -5.215405884939628e-11 0.000751327199395746
v -0.004030380863696337 -5.215405884939628e-11 0.007188732735812664
v -0.004030380863696337 -5.215405884939628e-11 0.007188732735812664
v -0.0029043902177363634 -5.215405884939628e-11 0.000751327199395746
v -0.002139613963663578 -5.215405884939628e-11 0.0021028679329901934
v -0.004030380863696337 -5.215405884939628e-11 0.007188732735812664
v -0.002139613963663578 -5.215405884939628e-11 0.0021028679329901934
v -0.0008015226921997964 -5.215405884939628e-11 0.0028909393586218357
v 0.00897021684795618 -5.215405884939628e-11 0.006366725079715252
v 0.002102873520925641 -5.215405884939628e-11 0.0021396097727119923
v 0.0028909449465572834 -5.215405884939628e-11 0.0008015237981453538
v 0.002102873520925641 -5.215405884939628e-11 0.0021396097727119923
v 0.00897021684795618 -5.215405884939628e-11 0.006366725079715252
v 0.0007513275486417115 -5.215405884939628e-11 0.002904396504163742
v 0.0007513275486417115 -5.215405884939628e-11 0.002904396504163742
v 0.00897021684795618 -5.215405884939628e-11 0.006366725079715252
v 0.005615648347884417 -5.215405884939628e-11 0.009458569809794426
v 0.0007513275486417115 -5.215405884939628e-11 0.002904396504163742
v 0.005615648347884417 -5.215405884939628e-11 0.009458569809794426
v -0.004030380863696337 -5.215405884939628e-11 0.007188732735812664
v 0.010781859047710896 -5.215405884939628e-11 0.002179777715355158
v 0.00897021684795618 -5.215405884939628e-11 0.006366725079715252
v 0.010738969780504704 -5.215405884939628e-11 -0.0023821075446903706
v 0.010738969780504704 -5.215405884939628e-11 -0.0023821075446903706
v 0.00897021684795618 -5.215405884939628e-11 0.006366725079715252
v 0.0028909449465572834 -5.215405884939628e-11 0.0008015237981453538
v 0.010738969780504704 -5.215405884939628e-11 -0.0023821075446903706
v 0.0028909449465572834 -5.215405884939628e-11 0.0008015237981453538
v 0.008848927915096283 -5.215405884939628e-11 -0.006534260232001543
v 0.008848927915096283 -5.215405884939628e-11 -0.006534260232001543
v 0.0028909449465572834 -5.215405884939628e-11 0.0008015237981453538
v 0.0029043969698250294 -5.215405884939628e-11 -0.0007513370364904404
v 0.008848927915096283 -5.215405884939628e-11 -0.006534260232001543
v 0.0029043969698250294 -5.215405884939628e-11 -0.0007513370364904404
v 0.0021396102383732796 -5.215405884939628e-11 -0.0021028672344982624
v -0.10868242383003235 -5.215405884939628e-11 0.05355609208345413
v -0.11063379049301147 -5.215405884939628e-11 0.04636014625430107
v -0.10607757419347763 -5.215405884939628e-11 0.050995975732803345
v -0.10607757419347763 -5.215405884939628e-11 0.050995975732803345
v -0.11063379049301147 -5.215405884939628e-11 0.04636014625430107
v -0.10772553831338882 -5.215405884939628e-11 0.0435018427670002
v -0.10607757419347763 -5.215405884939628e-11 0.050995975732803345
v -0.10772553831338882 -5.215405884939628e-11 0.0435018427670002
v -0.10486350953578949 -5.215405884939628e-11 0.04153454676270485
v -0.17401978373527527 -5.215405884939628e-11 0.1182704046368599
v -0.17503757774829865 -5.215405884939628e-11 0.11425774544477463
v -0.17213472723960876 -5.215405884939628e-11 0.11591869592666626
v -0.17213472723960876 -5.215405884939628e-11 0.11591869592666626
v -0.17503757774829865 -5.215405884939628e-11 0.11425774544477463
v -0.1743430197238922 -5.215405884939628e-11 0.1101766973733902
v -0.17213472723960876 -5.215405884939628e-11 0.11591869592666626
v -0.1743430197238922 -5.215405884939628e-11 0.1101766973733902
v -0.16187068819999695 -5.215405884939628e-11 0.10583093017339706
v -0.16187068819999695 -5.215405884939628e-11 0.10583093017339706
v -0.1743430197238922 -5.215405884939628e-11 0.1101766973733902
v -0.17205511033535004 -5.215405884939628e-11 0.10672665387392044
v -0.16187068819999695 -5.215405884939628e-11 0.10583093017339706
v -0.17205511033535004 -5.215405884939628e-11 0.10672665387392044
v -0.1664269119501114 -5.215405884939628e-11 0.10119510442018509
v -0.16625097393989563 -5.215405884939628e-11 0.12190525978803635
v -0.16780832409858704 -5.215405884939628e-11 0.12346947938203812
v -0.17213472723960876 -5.215405884939628e-11 0.11591869592666626
v -0.17213472723960876 -5.215405884939628e-11 0.11591869592666626
v -0.16780832409858704 -5.215405884939628e-11 0.12346947938203812
v -0.17146402597427368 -5.215405884939628e-11 0.12152701616287231
v -0.17213472723960876 -5.215405884939628e-11 0.11591869592666626
v -0.17146402597427368 -5.215405884939628e-11 0.12152701616287231
v -0.17401978373527527 -5.215405884939628e-11 0.1182704046368599
v -0.15382316708564758 -5.215405884939628e-11 0.11213736236095428
v -0.15521210432052612 -5.215405884939628e-11 0.11567618697881699
v -0.16625097393989563 -5.215405884939628e-11 0.12190525978803635
v -0.15521210432052612 -5.215405884939628e-11 0.11567618697881699
v -0.15679079294204712 -5.215405884939628e-11 0.11950308084487915
v -0.16625097393989563 -5.215405884939628e-11 0.12190525978803635
v -0.16625097393989563 -5.215405884939628e-11 0.12190525978803635
v -0.15679079294204712 -5.215405884939628e-11 0.11950308084487915
v -0.15978413820266724 -5.215405884939628e-11 0.1223626658320427
v -0.16625097393989563 -5.215405884939628e-11 0.12190525978803635
v -0.15978413820266724 -5.215405884939628e-11 0.1223626658320427
v -0.16367915272712708 -5.215405884939628e-11 0.12376490235328674
v -0.15445472300052643 -5.215405884939628e-11 0.10431311279535294
v -0.1412847936153412 -5.215405884939628e-11 0.09485023468732834
v -0.1559869349002838 -5.215405884939628e-11 0.11181749403476715
v -0.1559869349002838 -5.215405884939628e-11 0.11181749403476715
v -0.1412847936153412 -5.215405884939628e-11 0.09485023468732834
v -0.13665299117565155 -5.215405884939628e-11 0.0928155779838562
v -0.1559869349002838 -5.215405884939628e-11 0.11181749403476715
v -0.13665299117565155 -5.215405884939628e-11 0.0928155779838562
v -0.15121378004550934 -5.215405884939628e-11 0.10937265306711197
v -0.15121378004550934 -5.215405884939628e-11 0.10937265306711197
v -0.13665299117565155 -5.215405884939628e-11 0.0928155779838562
v -0.1331421285867691 -5.215405884939628e-11 0.09638778120279312
v -0.09706341475248337 -5.215405884939628e-11 0.07046445459127426
v -0.10156624019145966 -5.215405884939628e-11 0.07369983941316605
v -0.10488157719373703 -5.215405884939628e-11 0.07032656669616699
v -0.10488157719373703 -5.215405884939628e-11 0.07032656669616699
v -0.10156624019145966 -5.215405884939628e-11 0.07369983941316605
v -0.11302731186151505 -5.215405884939628e-11 0.0819348618388176
v -0.10488157719373703 -5.215405884939628e-11 0.07032656669616699
v -0.11302731186151505 -5.215405884939628e-11 0.0819348618388176
v -0.11482826620340347 -5.215405884939628e-11 0.08010243624448776
v -0.11482826620340347 -5.215405884939628e-11 0.08010243624448776
v -0.11302731186151505 -5.215405884939628e-11 0.0819348618388176
v -0.12665718793869019 -5.215405884939628e-11 0.09172821044921875
v -0.11482826620340347 -5.215405884939628e-11 0.08010243624448776
v -0.12665718793869019 -5.215405884939628e-11 0.09172821044921875
v -0.13388867676258087 -5.215405884939628e-11 0.08953597396612167
v -0.13388867676258087 -5.215405884939628e-11 0.08953597396612167
v -0.12665718793869019 -5.215405884939628e-11 0.09172821044921875
v -0.13665299117565155 -5.215405884939628e-11 0.0928155779838562
v -0.13388867676258087 -5.215405884939628e-11 0.08953597396612167
v -0.13665299117565155 -5.215405884939628e-11 0.0928155779838562
v -0.13453878462314606 -5.215405884939628e-11 0.08980081975460052
v -0.13453878462314606 -5.215405884939628e-11 0.08980081975460052
v -0.13665299117565155 -5.215405884939628e-11 0.0928155779838562
v -0.13523821532726288 -5.215405884939628e-11 0.08974087238311768
v 0.005615648347884417 -5.215405884939628e-11 0.009458569809794426
v 0.0009329163003712893 -5.215405884939628e-11 0.012238756753504276
v -0.004030380863696337 -5.215405884939628e-11 0.007188732735812664
v -0.004030380863696337 -5.215405884939628e-11 0.007188732735812664
v 0.0009329163003712893 -5.215405884939628e-11 0.012238756753504276
v -0.02334129624068737 -5.215405884939628e-11 0.02665061131119728
v -0.004030380863696337 -5.215405884939628e-11 0.007188732735812664
v -0.02334129624068737 -5.215405884939628e-11 0.02665061131119728
v -0.02358255907893181 -5.215405884939628e-11 0.026405133306980133
v -0.02358255907893181 -5.215405884939628e-11 0.026405133306980133
v -0.02334129624068737 -5.215405884939628e-11 0.02665061131119728
v -0.024581529200077057 -5.215405884939628e-11 0.027386948466300964
v -0.02358255907893181 -5.215405884939628e-11 0.026405133306980133
v -0.024581529200077057 -5.215405884939628e-11 0.027386948466300964
v -0.04740961641073227 -5.215405884939628e-11 0.03403322771191597
v -0.04740961641073227 -5.215405884939628e-11 0.03403322771191597
v -0.024581529200077057 -5.215405884939628e-11 0.027386948466300964
v -0.06080608069896698 -5.215405884939628e-11 0.04889384284615517
v -0.04740961641073227 -5.215405884939628e-11 0.03403322771191597
v -0.06080608069896698 -5.215405884939628e-11 0.04889384284615517
v -0.04811776429414749 -5.215405884939628e-11 0.03424231335520744
v -0.04811776429414749 -5.215405884939628e-11 0.03424231335520744
v -0.06080608069896698 -5.215405884939628e-11 0.04889384284615517
v -0.04883987456560135 -5.215405884939628e-11 0.03408821299672127
v -0.012405798770487309 -5.215405884939628e-11 0.00708466162905097
v -0.028245696797966957 -5.215405884939628e-11 0.014304578304290771
v -0.02673204243183136 -5.215405884939628e-11 0.0059217787347733974
v -0.02673204243183136 -5.215405884939628e-11 0.0059217787347733974
v -0.028245696797966957 -5.215405884939628e-11 0.014304578304290771
v -0.03537016734480858 -5.215405884939628e-11 0.014411555603146553
v -0.02673204243183136 -5.215405884939628e-11 0.0059217787347733974
v -0.03537016734480858 -5.215405884939628e-11 0.014411555603146553
v -0.03846019133925438 -5.215405884939628e-11 0.011267537251114845
v -0.03846019133925438 -5.215405884939628e-11 0.011267537251114845
v -0.03537016734480858 -5.215405884939628e-11 0.014411555603146553
v -0.05026555806398392 -5.215405884939628e-11 0.016648491844534874
v -0.06554696708917618 -5.215405884939628e-11 0.04407011717557907
v -0.05440215393900871 -5.215405884939628e-11 0.029465999454259872
v -0.03537016734480858 -5.215405884939628e-11 0.014411555603146553
v -0.03537016734480858 -5.215405884939628e-11 0.014411555603146553
v -0.05440215393900871 -5.215405884939628e-11 0.029465999454259872
v -0.05397806689143181 -5.215405884939628e-11 0.02889390103518963
v -0.03537016734480858 -5.215405884939628e-11 0.014411555603146553
v -0.05397806689143181 -5.215405884939628e-11 0.02889390103518963
v -0.053865619003772736 -5.215405884939628e-11 0.02819068729877472
v -0.0830560028553009 -5.215405884939628e-11 0.05311959236860275
v -0.07637044042348862 -5.215405884939628e-11 0.047313254326581955
v -0.08273739367723465 -5.215405884939628e-11 0.05369267985224724
v -0.08273739367723465 -5.215405884939628e-11 0.05369267985224724
v -0.07637044042348862 -5.215405884939628e-11 0.047313254326581955
v -0.0758914053440094 -5.215405884939628e-11 0.04721512272953987
v -0.08273739367723465 -5.215405884939628e-11 0.05369267985224724
v -0.0758914053440094 -5.215405884939628e-11 0.04721512272953987
v -0.06554696708917618 -5.215405884939628e-11 0.04407011717557907
v -0.06554696708917618 -5.215405884939628e-11 0.04407011717557907
v -0.0758914053440094 -5.215405884939628e-11 0.04721512272953987
v -0.07546938955783844 -5.215405884939628e-11 0.046968135982751846
v -0.06554696708917618 -5.215405884939628e-11 0.04407011717557907
v -0.07546938955783844 -5.215405884939628e-11 0.046968135982751846
v -0.05440215393900871 -5.215405884939628e-11 0.029465999454259872
v -0.05528321862220764 -5.215405884939628e-11 0.026814216747879982
v -0.05026555806398392 -5.215405884939628e-11 0.016648491844534874
v -0.05460108071565628 -5.215405884939628e-11 0.027018768712878227
v -0.05460108071565628 -5.215405884939628e-11 0.027018768712878227
v -0.05026555806398392 -5.215405884939628e-11 0.016648491844534874
v -0.03537016734480858 -5.215405884939628e-11 0.014411555603146553
v -0.05460108071565628 -5.215405884939628e-11 0.027018768712878227
v -0.03537016734480858 -5.215405884939628e-11 0.014411555603146553
v -0.054090164601802826 -5.215405884939628e-11 0.02751486748456955
v -0.054090164601802826 -5.215405884939628e-11 0.02751486748456955
v -0.03537016734480858 -5.215405884939628e-11 0.014411555603146553
v -0.053865619003772736 -5.215405884939628e-11 0.02819068729877472
v -0.05528321862220764 -5.215405884939628e-11 0.026814216747879982
v -0.055982816964387894 -5.215405884939628e-11 0.02694731578230858
v -0.05026555806398392 -5.215405884939628e-11 0.016648491844534874
v -0.05026555806398392 -5.215405884939628e-11 0.016648491844534874
v -0.055982816964387894 -5.215405884939628e-11 0.02694731578230858
v -0.0648624449968338 -5.215405884939628e-11 0.030994698405265808
v -0.05026555806398392 -5.215405884939628e-11 0.016648491844534874
v -0.0648624449968338 -5.215405884939628e-11 0.030994698405265808
v -0.06684322655200958 -5.215405884939628e-11 0.024204686284065247
v -0.06684322655200958 -5.215405884939628e-11 0.024204686284065247
v -0.0648624449968338 -5.215405884939628e-11 0.030994698405265808
v -0.07611509412527084 -5.215405884939628e-11 0.03331732749938965
v -0.06684322655200958 -5.215405884939628e-11 0.024204686284065247
v -0.07611509412527084 -5.215405884939628e-11 0.03331732749938965
v -0.07943182438611984 -5.215405884939628e-11 0.029942641034722328
v -0.07943182438611984 -5.215405884939628e-11 0.029942641034722328
v -0.07611509412527084 -5.215405884939628e-11 0.03331732749938965
v -0.08144011348485947 -5.215405884939628e-11 0.03855089470744133
v -0.07943182438611984 -5.215405884939628e-11 0.029942641034722328
v -0.08144011348485947 -5.215405884939628e-11 0.03855089470744133
v -0.08917491883039474 -5.215405884939628e-11 0.03438359871506691
v -0.08917491883039474 -5.215405884939628e-11 0.03438359871506691
v -0.08144011348485947 -5.215405884939628e-11 0.03855089470744133
v -0.0959731936454773 -5.215405884939628e-11 0.045175157487392426
v -0.08917491883039474 -5.215405884939628e-11 0.03438359871506691
v -0.0959731936454773 -5.215405884939628e-11 0.045175157487392426
v -0.09651324898004532 -5.215405884939628e-11 0.045591726899147034
v -0.1096419095993042 -5.215405884939628e-11 0.05377473682165146
v -0.11016454547643661 -5.215405884939628e-11 0.05429627001285553
v -0.11968927830457687 -5.215405884939628e-11 0.055260125547647476
v -0.11968927830457687 -5.215405884939628e-11 0.055260125547647476
v -0.11016454547643661 -5.215405884939628e-11 0.05429627001285553
v -0.11513306200504303 -5.215405884939628e-11 0.05989595502614975
v -0.11968927830457687 -5.215405884939628e-11 0.055260125547647476
v -0.11513306200504303 -5.215405884939628e-11 0.05989595502614975
v -0.12963595986366272 -5.215405884939628e-11 0.06503599137067795
v -0.12963595986366272 -5.215405884939628e-11 0.06503599137067795
v -0.11513306200504303 -5.215405884939628e-11 0.05989595502614975
v -0.12507975101470947 -5.215405884939628e-11 0.06967182457447052
v -0.12963595986366272 -5.215405884939628e-11 0.06503599137067795
v -0.12507975101470947 -5.215405884939628e-11 0.06967182457447052
v -0.1290571093559265 -5.215405884939628e-11 0.07363008707761765
v -0.1290571093559265 -5.215405884939628e-11 0.07363008707761765
v -0.12507975101470947 -5.215405884939628e-11 0.06967182457447052
v -0.12843982875347137 -5.215405884939628e-11 0.07383006811141968
v -0.12016525119543076 -5.215405884939628e-11 0.06764595955610275
v -0.11940047144889832 -5.215405884939628e-11 0.06899750232696533
v -0.12507975101470947 -5.215405884939628e-11 0.06967182457447052
v -0.12561923265457153 -5.215405884939628e-11 0.07685142010450363
v -0.12507975101470947 -5.215405884939628e-11 0.06967182457447052
v -0.11919599771499634 -5.215405884939628e-11 0.07565838098526001
v -0.11919599771499634 -5.215405884939628e-11 0.07565838098526001
v -0.12507975101470947 -5.215405884939628e-11 0.06967182457447052
v -0.11940047144889832 -5.215405884939628e-11 0.06899750232696533
v -0.11919599771499634 -5.215405884939628e-11 0.07565838098526001
v -0.11940047144889832 -5.215405884939628e-11 0.06899750232696533
v -0.11806237697601318 -5.215405884939628e-11 0.06978557258844376
v -0.10924931615591049 -5.215405884939628e-11 0.06588251888751984
v -0.11435645818710327 -5.215405884939628e-11 0.06614330410957336
v -0.11513306200504303 -5.215405884939628e-11 0.05989595502614975
v -0.11513306200504303 -5.215405884939628e-11 0.05989595502614975
v -0.11435645818710327 -5.215405884939628e-11 0.06614330410957336
v -0.11512124538421631 -5.215405884939628e-11 0.06479176133871078
v -0.11513306200504303 -5.215405884939628e-11 0.05989595502614975
v -0.11512124538421631 -5.215405884939628e-11 0.06479176133871078
v -0.11645933240652084 -5.215405884939628e-11 0.06400369107723236
v -0.11645933240652084 -5.215405884939628e-11 0.06400369107723236
v -0.1180121898651123 -5.215405884939628e-11 0.06399023532867432
v -0.11513306200504303 -5.215405884939628e-11 0.05989595502614975
v -0.11513306200504303 -5.215405884939628e-11 0.05989595502614975
v -0.1180121898651123 -5.215405884939628e-11 0.06399023532867432
v -0.11936372518539429 -5.215405884939628e-11 0.06475502252578735
v -0.11513306200504303 -5.215405884939628e-11 0.05989595502614975
v -0.11936372518539429 -5.215405884939628e-11 0.06475502252578735
v -0.12507975101470947 -5.215405884939628e-11 0.06967182457447052
v -0.12507975101470947 -5.215405884939628e-11 0.06967182457447052
v -0.11936372518539429 -5.215405884939628e-11 0.06475502252578735
v -0.12015180289745331 -5.215405884939628e-11 0.06609310954809189
v -0.12507975101470947 -5.215405884939628e-11 0.06967182457447052
v -0.12015180289745331 -5.215405884939628e-11 0.06609310954809189
v -0.12016525119543076 -5.215405884939628e-11 0.06764595955610275
v -0.11806237697601318 -5.215405884939628e-11 0.06978557258844376
v -0.11650952696800232 -5.215405884939628e-11 0.0697990283370018
v -0.11919599771499634 -5.215405884939628e-11 0.07565838098526001
v -0.11919599771499634 -5.215405884939628e-11 0.07565838098526001
v -0.11650952696800232 -5.215405884939628e-11 0.0697990283370018
v -0.11515798419713974 -5.215405884939628e-11 0.06903424859046936
v -0.11919599771499634 -5.215405884939628e-11 0.07565838098526001
v -0.11515798419713974 -5.215405884939628e-11 0.06903424859046936
v -0.10924931615591049 -5.215405884939628e-11 0.06588251888751984
v -0.10924931615591049 -5.215405884939628e-11 0.06588251888751984
v -0.11515798419713974 -5.215405884939628e-11 0.06903424859046936
v -0.11436991393566132 -5.215405884939628e-11 0.06769615411758423
v -0.10924931615591049 -5.215405884939628e-11 0.06588251888751984
v -0.11436991393566132 -5.215405884939628e-11 0.06769615411758423
v -0.11435645818710327 -5.215405884939628e-11 0.06614330410957336
v -0.10433198511600494 -5.215405884939628e-11 0.06553661078214645
v -0.10405492037534714 -5.215405884939628e-11 0.06625993549823761
v -0.10924931615591049 -5.215405884939628e-11 0.06588251888751984
v -0.10924931615591049 -5.215405884939628e-11 0.06588251888751984
v -0.10405492037534714 -5.215405884939628e-11 0.06625993549823761
v -0.10488157719373703 -5.215405884939628e-11 0.07032656669616699
v -0.10924931615591049 -5.215405884939628e-11 0.06588251888751984
v -0.10488157719373703 -5.215405884939628e-11 0.07032656669616699
v -0.11919599771499634 -5.215405884939628e-11 0.07565838098526001
v -0.11919599771499634 -5.215405884939628e-11 0.07565838098526001
v -0.10488157719373703 -5.215405884939628e-11 0.07032656669616699
v -0.11482826620340347 -5.215405884939628e-11 0.08010243624448776
v -0.11919599771499634 -5.215405884939628e-11 0.07565838098526001
v -0.11482826620340347 -5.215405884939628e-11 0.08010243624448776
v -0.12180399149656296 -5.215405884939628e-11 0.07993349432945251
v -0.12180399149656296 -5.215405884939628e-11 0.07993349432945251
v -0.11482826620340347 -5.215405884939628e-11 0.08010243624448776
v -0.12193068116903305 -5.215405884939628e-11 0.08069763332605362
v -0.16794994473457336 -5.215405884939628e-11 0.11461003124713898
v -0.16718515753746033 -5.215405884939628e-11 0.11596156656742096
v -0.17213472723960876 -5.215405884939628e-11 0.11591869592666626
v -0.16429421305656433 -5.215405884939628e-11 0.11676308512687683
v -0.16294267773628235 -5.215405884939628e-11 0.11599831283092499
v -0.16625097393989563 -5.215405884939628e-11 0.12190525978803635
v -0.16625097393989563 -5.215405884939628e-11 0.12190525978803635
v -0.16294267773628235 -5.215405884939628e-11 0.11599831283092499
v -0.1559869349002838 -5.215405884939628e-11 0.11181749403476715
v -0.16625097393989563 -5.215405884939628e-11 0.12190525978803635
v -0.1559869349002838 -5.215405884939628e-11 0.11181749403476715
v -0.15382316708564758 -5.215405884939628e-11 0.11213736236095428
v -0.15382316708564758 -5.215405884939628e-11 0.11213736236095428
v -0.1559869349002838 -5.215405884939628e-11 0.11181749403476715
v -0.15121378004550934 -5.215405884939628e-11 0.10937265306711197
v -0.17213472723960876 -5.215405884939628e-11 0.11591869592666626
v -0.16718515753746033 -5.215405884939628e-11 0.11596156656742096
v -0.16625097393989563 -5.215405884939628e-11 0.12190525978803635
v -0.16625097393989563 -5.215405884939628e-11 0.12190525978803635
v -0.16718515753746033 -5.215405884939628e-11 0.11596156656742096
v -0.1658470779657364 -5.215405884939628e-11 0.11674964427947998
v -0.16625097393989563 -5.215405884939628e-11 0.12190525978803635
v -0.1658470779657364 -5.215405884939628e-11 0.11674964427947998
v -0.16429421305656433 -5.215405884939628e-11 0.11676308512687683
v -0.16294267773628235 -5.215405884939628e-11 0.11599831283092499
v -0.16215460002422333 -5.215405884939628e-11 0.11466021835803986
v -0.1559869349002838 -5.215405884939628e-11 0.11181749403476715
v -0.1559869349002838 -5.215405884939628e-11 0.11181749403476715
v -0.16215460002422333 -5.215405884939628e-11 0.11466021835803986
v -0.16214115917682648 -5.215405884939628e-11 0.11310736835002899
v -0.1559869349002838 -5.215405884939628e-11 0.11181749403476715
v -0.16214115917682648 -5.215405884939628e-11 0.11310736835002899
v -0.16187068819999695 -5.215405884939628e-11 0.10583093017339706
v -0.16187068819999695 -5.215405884939628e-11 0.10583093017339706
v -0.16214115917682648 -5.215405884939628e-11 0.11310736835002899
v -0.16290593147277832 -5.215405884939628e-11 0.11175582557916641
v -0.16187068819999695 -5.215405884939628e-11 0.10583093017339706
v -0.16290593147277832 -5.215405884939628e-11 0.11175582557916641
v -0.16424402594566345 -5.215405884939628e-11 0.11096775531768799
v -0.16424402594566345 -5.215405884939628e-11 0.11096775531768799
v -0.16579687595367432 -5.215405884939628e-11 0.11095429956912994
v -0.16187068819999695 -5.215405884939628e-11 0.10583093017339706
v -0.16187068819999695 -5.215405884939628e-11 0.10583093017339706
v -0.16579687595367432 -5.215405884939628e-11 0.11095429956912994
v -0.1671484112739563 -5.215405884939628e-11 0.11171908676624298
v -0.16187068819999695 -5.215405884939628e-11 0.10583093017339706
v -0.1671484112739563 -5.215405884939628e-11 0.11171908676624298
v -0.17213472723960876 -5.215405884939628e-11 0.11591869592666626
v -0.17213472723960876 -5.215405884939628e-11 0.11591869592666626
v -0.1671484112739563 -5.215405884939628e-11 0.11171908676624298
v -0.16793648898601532 -5.215405884939628e-11 0.11305716633796692
v -0.17213472723960876 -5.215405884939628e-11 0.11591869592666626
v -0.16793648898601532 -5.215405884939628e-11 0.11305716633796692
v -0.16794994473457336 -5.215405884939628e-11 0.11461003124713898
v -0.15791308879852295 0.006000000052154064 0.10836979001760483
v -0.1551342010498047 0.006000000052154064 0.10840526223182678
v -0.15973107516765594 0.006000000052154064 0.10372806340456009
v -0.06080608069896698 0.006000000052154064 0.04889384284615517
v -0.06554696708917618 0.006000000052154064 0.04407011717557907
v -0.08517720550298691 0.006000000052154064 0.06336323171854019
v -0.10893376916646957 0.006000000052154064 0.05356573313474655
v -0.10868242383003235 0.006000000052154064 0.05355609208345413
v -0.10607757419347763 0.006000000052154064 0.050995975732803345
v -0.10607757419347763 0.006000000052154064 0.050995975732803345
v -0.10868242383003235 0.006000000052154064 0.05355609208345413
v -0.1037474274635315 0.006000000052154064 0.05336683616042137
v -0.1550753116607666 0.006000000052154064 0.10457317531108856
v -0.1551342010498047 0.006000000052154064 0.10840526223182678
v -0.15445472300052643 0.006000000052154064 0.10431311279535294
v -0.15445472300052643 0.006000000052154064 0.10431311279535294
v -0.1551342010498047 0.006000000052154064 0.10840526223182678
v -0.1412847936153412 0.006000000052154064 0.09485023468732834
v -0.1550753116607666 0.006000000052154064 0.10457317531108856
v -0.1557471603155136 0.006000000052154064 0.1045357808470726
v -0.1551342010498047 0.006000000052154064 0.10840526223182678
v -0.1551342010498047 0.006000000052154064 0.10840526223182678
v -0.1557471603155136 0.006000000052154064 0.1045357808470726
v -0.15633505582809448 0.006000000052154064 0.10420844703912735
v -0.1551342010498047 0.006000000052154064 0.10840526223182678
v -0.15633505582809448 0.006000000052154064 0.10420844703912735
v -0.15973107516765594 0.006000000052154064 0.10372806340456009
v -0.15973107516765594 0.006000000052154064 0.10372806340456009
v -0.15633505582809448 0.006000000052154064 0.10420844703912735
v -0.15748384594917297 0.006000000052154064 0.10328416526317596
v -0.14253674447536469 0.006000000052154064 0.08682901412248611
v -0.14464443922042847 0.006000000052154064 0.08925104886293411
v -0.1439753919839859 0.006000000052154064 0.08964508771896362
v -0.14253674447536469 0.006000000052154064 0.08682901412248611
v -0.1439753919839859 0.006000000052154064 0.08964508771896362
v -0.13793987035751343 0.006000000052154064 0.09150621294975281
v -0.13793987035751343 0.006000000052154064 0.09150621294975281
v -0.1439753919839859 0.006000000052154064 0.08964508771896362
v -0.1410902589559555 0.006000000052154064 0.092580646276474
v -0.13793987035751343 0.006000000052154064 0.09150621294975281
v -0.1410902589559555 0.006000000052154064 0.092580646276474
v -0.1407487541437149 0.006000000052154064 0.0931239128112793
v -0.15748384594917297 0.006000000052154064 0.10328416526317596
v -0.15791751444339752 0.006000000052154064 0.10280152410268784
v -0.15973107516765594 0.006000000052154064 0.10372806340456009
v -0.15973107516765594 0.006000000052154064 0.10372806340456009
v -0.15791751444339752 0.006000000052154064 0.10280152410268784
v -0.15810678899288177 0.006000000052154064 0.10218087583780289
v -0.15973107516765594 0.006000000052154064 0.10372806340456009
v -0.15810678899288177 0.006000000052154064 0.10218087583780289
v -0.16428729891777039 0.006000000052154064 0.09909223765134811
v -0.15810678899288177 0.006000000052154064 0.10218087583780289
v -0.15801621973514557 0.006000000052154064 0.10153836756944656
v -0.16428729891777039 0.006000000052154064 0.09909223765134811
v -0.16428729891777039 0.006000000052154064 0.09909223765134811
v -0.15801621973514557 0.006000000052154064 0.10153836756944656
v -0.1576627790927887 0.006000000052154064 0.10099422186613083
v -0.16428729891777039 0.006000000052154064 0.09909223765134811
v -0.1576627790927887 0.006000000052154064 0.10099422186613083
v -0.14709295332431793 0.006000000052154064 0.08219318836927414
v -0.14709295332431793 0.006000000052154064 0.08219318836927414
v -0.1576627790927887 0.006000000052154064 0.10099422186613083
v -0.1460966318845749 0.006000000052154064 0.08962671458721161
v -0.14709295332431793 0.006000000052154064 0.08219318836927414
v -0.1460966318845749 0.006000000052154064 0.08962671458721161
v -0.1454208642244339 0.006000000052154064 0.08924432843923569
v -0.1006176769733429 0.006000000052154064 0.06563004851341248
v -0.10196492075920105 0.006000000052154064 0.0665980726480484
v -0.10406558960676193 0.006000000052154064 0.0711568146944046
v -0.10196492075920105 0.006000000052154064 0.0665980726480484
v -0.10268931835889816 0.006000000052154064 0.06687230616807938
v -0.10406558960676193 0.006000000052154064 0.0711568146944046
v -0.10406558960676193 0.006000000052154064 0.0711568146944046
v -0.10268931835889816 0.006000000052154064 0.06687230616807938
v -0.10345394909381866 0.006000000052154064 0.06674860417842865
v -0.10406558960676193 0.006000000052154064 0.0711568146944046
v -0.10345394909381866 0.006000000052154064 0.06674860417842865
v -0.10718710720539093 0.006000000052154064 0.06798075884580612
v -0.10718710720539093 0.006000000052154064 0.06798075884580612
v -0.10345394909381866 0.006000000052154064 0.06674860417842865
v -0.10405492037534714 0.006000000052154064 0.06625993549823761
v -0.1006176769733429 0.006000000052154064 0.06563004851341248
v -0.10406558960676193 0.006000000052154064 0.0711568146944046
v -0.1005081757903099 0.006000000052154064 0.06555840373039246
v -0.1005081757903099 0.006000000052154064 0.06555840373039246
v -0.10406558960676193 0.006000000052154064 0.0711568146944046
v -0.10156624019145966 0.006000000052154064 0.07369983941316605
v -0.1005081757903099 0.006000000052154064 0.06555840373039246
v -0.10156624019145966 0.006000000052154064 0.07369983941316605
v -0.09706341475248337 0.006000000052154064 0.07046445459127426
v -0.08423350006341934 0.006000000052154064 0.05261847749352455
v -0.0835886299610138 0.006000000052154064 0.05273716524243355
v -0.07994487136602402 0.006000000052154064 0.04745033383369446
v -0.06554696708917618 0.006000000052154064 0.04407011717557907
v -0.07546938955783844 0.006000000052154064 0.046968135982751846
v -0.0758914053440094 0.006000000052154064 0.04721512272953987
v -0.07994487136602402 0.006000000052154064 0.04745033383369446
v -0.0835886299610138 0.006000000052154064 0.05273716524243355
v -0.07637044042348862 0.006000000052154064 0.047313254326581955
v -0.07637044042348862 0.006000000052154064 0.047313254326581955
v -0.0835886299610138 0.006000000052154064 0.05273716524243355
v -0.0830560028553009 0.006000000052154064 0.05311959236860275
v -0.07637044042348862 0.006000000052154064 0.047313254326581955
v -0.0830560028553009 0.006000000052154064 0.05311959236860275
v -0.0758914053440094 0.006000000052154064 0.04721512272953987
v -0.0758914053440094 0.006000000052154064 0.04721512272953987
v -0.0830560028553009 0.006000000052154064 0.05311959236860275
v -0.08273739367723465 0.006000000052154064 0.05369267985224724
v -0.0758914053440094 0.006000000052154064 0.04721512272953987
v -0.08273739367723465 0.006000000052154064 0.05369267985224724
v -0.06554696708917618 0.006000000052154064 0.04407011717557907
v -0.09706341475248337 0.006000000052154064 0.07046445459127426
v -0.09633341431617737 0.006000000052154064 0.06998679041862488
v -0.1005081757903099 0.006000000052154064 0.06555840373039246
v -0.1005081757903099 0.006000000052154064 0.06555840373039246
v -0.09633341431617737 0.006000000052154064 0.06998679041862488
v -0.09070004522800446 0.006000000052154064 0.06664220243692398
v -0.1005081757903099 0.006000000052154064 0.06555840373039246
v -0.09070004522800446 0.006000000052154064 0.06664220243692398
v -0.08341024816036224 0.006000000052154064 0.05540717765688896
v -0.08341024816036224 0.006000000052154064 0.05540717765688896
v -0.09070004522800446 0.006000000052154064 0.06664220243692398
v -0.08517720550298691 0.006000000052154064 0.06336323171854019
v -0.08341024816036224 0.006000000052154064 0.05540717765688896
v -0.08517720550298691 0.006000000052154064 0.06336323171854019
v -0.0829332247376442 0.006000000052154064 0.054957300424575806
v -0.0829332247376442 0.006000000052154064 0.054957300424575806
v -0.08517720550298691 0.006000000052154064 0.06336323171854019
v -0.06554696708917618 0.006000000052154064 0.04407011717557907
v -0.0829332247376442 0.006000000052154064 0.054957300424575806
v -0.06554696708917618 0.006000000052154064 0.04407011717557907
v -0.0826936811208725 0.006000000052154064 0.05434691905975342
v -0.0826936811208725 0.006000000052154064 0.05434691905975342
v -0.06554696708917618 0.006000000052154064 0.04407011717557907
v -0.08273739367723465 0.006000000052154064 0.05369267985224724
v -0.08423350006341934 0.006000000052154064 0.05261847749352455
v -0.07994487136602402 0.006000000052154064 0.04745033383369446
v -0.08524269610643387 0.006000000052154064 0.05265717953443527
v -0.08524269610643387 0.006000000052154064 0.05265717953443527
v -0.07994487136602402 0.006000000052154064 0.04745033383369446
v -0.08655590564012527 0.006000000052154064 0.04770386591553688
v -0.08524269610643387 0.006000000052154064 0.05265717953443527
v -0.08655590564012527 0.006000000052154064 0.04770386591553688
v -0.09185373038053513 0.006000000052154064 0.052910711616277695
v -0.09185373038053513 0.006000000052154064 0.052910711616277695
v -0.08655590564012527 0.006000000052154064 0.04770386591553688
v -0.09092343598604202 0.006000000052154064 0.04787135869264603
v -0.09185373038053513 0.006000000052154064 0.052910711616277695
v -0.09092343598604202 0.006000000052154064 0.04787135869264603
v -0.09622126817703247 0.006000000052154064 0.05307820811867714
v -0.09622126817703247 0.006000000052154064 0.05307820811867714
v -0.09092343598604202 0.006000000052154064 0.04787135869264603
v -0.09364891052246094 0.006000000052154064 0.04797588288784027
v -0.09622126817703247 0.006000000052154064 0.05307820811867714
v -0.09364891052246094 0.006000000052154064 0.04797588288784027
v -0.09894673526287079 0.006000000052154064 0.053182728588581085
v -0.09364891052246094 0.006000000052154064 0.04797588288784027
v -0.09529358148574829 0.006000000052154064 0.04803895577788353
v -0.09894673526287079 0.006000000052154064 0.053182728588581085
v -0.09894673526287079 0.006000000052154064 0.053182728588581085
v -0.09529358148574829 0.006000000052154064 0.04803895577788353
v -0.09596322476863861 0.006000000052154064 0.047909460961818695
v -0.09894673526287079 0.006000000052154064 0.053182728588581085
v -0.09596322476863861 0.006000000052154064 0.047909460961818695
v -0.1037474274635315 0.006000000052154064 0.05336683616042137
v -0.1037474274635315 0.006000000052154064 0.05336683616042137
v -0.09596322476863861 0.006000000052154064 0.047909460961818695
v -0.09650629758834839 0.006000000052154064 0.04749684035778046
v -0.1037474274635315 0.006000000052154064 0.05336683616042137
v -0.09650629758834839 0.006000000052154064 0.04749684035778046
v -0.10607757419347763 0.006000000052154064 0.050995975732803345
v -0.10607757419347763 0.006000000052154064 0.050995975732803345
v -0.09650629758834839 0.006000000052154064 0.04749684035778046
v -0.09681053459644318 0.006000000052154064 0.04688640683889389
v -0.10607757419347763 0.006000000052154064 0.050995975732803345
v -0.09681053459644318 0.006000000052154064 0.04688640683889389
v -0.09681301563978195 0.006000000052154064 0.04620436206459999
v -0.1096419095993042 0.006000000052154064 0.05377473682165146
v -0.11063379049301147 0.006000000052154064 0.04636014625430107
v -0.11016454547643661 0.006000000052154064 0.05429627001285553
v -0.11016454547643661 0.006000000052154064 0.05429627001285553
v -0.11063379049301147 0.006000000052154064 0.04636014625430107
v -0.11968927830457687 0.006000000052154064 0.055260125547647476
v -0.11016454547643661 0.006000000052154064 0.05429627001285553
v -0.11968927830457687 0.006000000052154064 0.055260125547647476
v -0.1103750541806221 0.006000000052154064 0.05500396341085434
v -0.10707949846982956 0.006000000052154064 0.05881131812930107
v -0.10974365472793579 0.006000000052154064 0.056288424879312515
v -0.11513306200504303 0.006000000052154064 0.05989595502614975
v -0.11513306200504303 0.006000000052154064 0.05989595502614975
v -0.10974365472793579 0.006000000052154064 0.056288424879312515
v -0.11022242903709412 0.006000000052154064 0.05572635680437088
v -0.11513306200504303 0.006000000052154064 0.05989595502614975
v -0.11022242903709412 0.006000000052154064 0.05572635680437088
v -0.1103750541806221 0.006000000052154064 0.05500396341085434
v -0.07546938955783844 0.006000000052154064 0.046968135982751846
v -0.06554696708917618 0.006000000052154064 0.04407011717557907
v -0.05440215393900871 0.006000000052154064 0.029465999454259872
v -0.05440215393900871 0.006000000052154064 0.029465999454259872
v -0.06554696708917618 0.006000000052154064 0.04407011717557907
v -0.03537016734480858 0.006000000052154064 0.014411555603146553
v -0.05440215393900871 0.006000000052154064 0.029465999454259872
v -0.03537016734480858 0.006000000052154064 0.014411555603146553
v -0.05397806689143181 0.006000000052154064 0.02889390103518963
v -0.02673204243183136 0.006000000052154064 0.0059217787347733974
v -0.03846019133925438 0.006000000052154064 0.011267537251114845
v -0.03537016734480858 0.006000000052154064 0.014411555603146553
v -0.03537016734480858 0.006000000052154064 0.014411555603146553
v -0.03846019133925438 0.006000000052154064 0.011267537251114845
v -0.04716847464442253 0.006000000052154064 0.015236823819577694
v -0.05528321862220764 0.006000000052154064 0.026814216747879982
v -0.05460108071565628 0.006000000052154064 0.027018768712878227
v -0.04716847464442253 0.006000000052154064 0.015236823819577694
v -0.04716847464442253 0.006000000052154064 0.015236823819577694
v -0.05460108071565628 0.006000000052154064 0.027018768712878227
v -0.054090164601802826 0.006000000052154064 0.02751486748456955
v -0.04716847464442253 0.006000000052154064 0.015236823819577694
v -0.054090164601802826 0.006000000052154064 0.02751486748456955
v -0.03537016734480858 0.006000000052154064 0.014411555603146553
v -0.03537016734480858 0.006000000052154064 0.014411555603146553
v -0.054090164601802826 0.006000000052154064 0.02751486748456955
v -0.053865619003772736 0.006000000052154064 0.02819068729877472
v -0.03537016734480858 0.006000000052154064 0.014411555603146553
v -0.053865619003772736 0.006000000052154064 0.02819068729877472
v -0.05397806689143181 0.006000000052154064 0.02889390103518963
v -0.07611509412527084 0.006000000052154064 0.03331732749938965
v -0.07421023398637772 0.006000000052154064 0.03525547310709953
v -0.07361303269863129 0.006000000052154064 0.03498326614499092
v -0.07421023398637772 0.006000000052154064 0.03525547310709953
v -0.07611509412527084 0.006000000052154064 0.03331732749938965
v -0.08144011348485947 0.006000000052154064 0.03855089470744133
v -0.08144011348485947 0.006000000052154064 0.03855089470744133
v -0.07611509412527084 0.006000000052154064 0.03331732749938965
v -0.07740197330713272 0.006000000052154064 0.032007962465286255
v -0.08144011348485947 0.006000000052154064 0.03855089470744133
v -0.07740197330713272 0.006000000052154064 0.032007962465286255
v -0.08632443845272064 0.006000000052154064 0.04077719897031784
v -0.09681301563978195 0.006000000052154064 0.04620436206459999
v -0.09651324898004532 0.006000000052154064 0.045591726899147034
v -0.10607757419347763 0.006000000052154064 0.050995975732803345
v -0.10607757419347763 0.006000000052154064 0.050995975732803345
v -0.09651324898004532 0.006000000052154064 0.045591726899147034
v -0.08917491883039474 0.006000000052154064 0.03438359871506691
v -0.10607757419347763 0.006000000052154064 0.050995975732803345
v -0.08917491883039474 0.006000000052154064 0.03438359871506691
v -0.10486350953578949 0.006000000052154064 0.04153454676270485
v -0.1096419095993042 0.006000000052154064 0.05377473682165146
v -0.10893376916646957 0.006000000052154064 0.05356573313474655
v -0.11063379049301147 0.006000000052154064 0.04636014625430107
v -0.11063379049301147 0.006000000052154064 0.04636014625430107
v -0.10893376916646957 0.006000000052154064 0.05356573313474655
v -0.10607757419347763 0.006000000052154064 0.050995975732803345
v -0.11063379049301147 0.006000000052154064 0.04636014625430107
v -0.10607757419347763 0.006000000052154064 0.050995975732803345
v -0.10772553831338882 0.006000000052154064 0.0435018427670002
v -0.10772553831338882 0.006000000052154064 0.0435018427670002
v -0.10607757419347763 0.006000000052154064 0.050995975732803345
v -0.10486350953578949 0.006000000052154064 0.04153454676270485
v -0.09651324898004532 0.006000000052154064 0.045591726899147034
v -0.0959731936454773 0.006000000052154064 0.045175157487392426
v -0.08917491883039474 0.006000000052154064 0.03438359871506691
v -0.08917491883039474 0.006000000052154064 0.03438359871506691
v -0.0959731936454773 0.006000000052154064 0.045175157487392426
v -0.08632443845272064 0.006000000052154064 0.04077719897031784
v -0.08917491883039474 0.006000000052154064 0.03438359871506691
v -0.08632443845272064 0.006000000052154064 0.04077719897031784
v -0.07943182438611984 0.006000000052154064 0.029942641034722328
v -0.07943182438611984 0.006000000052154064 0.029942641034722328
v -0.08632443845272064 0.006000000052154064 0.04077719897031784
v -0.07740197330713272 0.006000000052154064 0.032007962465286255
v -0.07943182438611984 0.006000000052154064 0.029942641034722328
v -0.07740197330713272 0.006000000052154064 0.032007962465286255
v -0.07172754406929016 0.006000000052154064 0.026430988684296608
v -0.07172754406929016 0.006000000052154064 0.026430988684296608
v -0.07740197330713272 0.006000000052154064 0.032007962465286255
v -0.07611509412527084 0.006000000052154064 0.03331732749938965
v -0.07172754406929016 0.006000000052154064 0.026430988684296608
v -0.07611509412527084 0.006000000052154064 0.03331732749938965
v -0.06684322655200958 0.006000000052154064 0.024204686284065247
v -0.06684322655200958 0.006000000052154064 0.024204686284065247
v -0.07611509412527084 0.006000000052154064 0.03331732749938965
v -0.07361303269863129 0.006000000052154064 0.03498326614499092
v -0.06684322655200958 0.006000000052154064 0.024204686284065247
v -0.07361303269863129 0.006000000052154064 0.03498326614499092
v -0.059016142040491104 0.006000000052154064 0.020637057721614838
v -0.059016142040491104 0.006000000052154064 0.020637057721614838
v -0.07361303269863129 0.006000000052154064 0.03498326614499092
v -0.061765361577272415 0.006000000052154064 0.029583031311631203
v -0.059016142040491104 0.006000000052154064 0.020637057721614838
v -0.061765361577272415 0.006000000052154064 0.029583031311631203
v -0.04716847464442253 0.006000000052154064 0.015236823819577694
v -0.04716847464442253 0.006000000052154064 0.015236823819577694
v -0.061765361577272415 0.006000000052154064 0.029583031311631203
v -0.055982816964387894 0.006000000052154064 0.02694731578230858
v -0.04716847464442253 0.006000000052154064 0.015236823819577694
v -0.055982816964387894 0.006000000052154064 0.02694731578230858
v -0.05528321862220764 0.006000000052154064 0.026814216747879982
v -0.011736991815268993 0.006000000052154064 0.006950290873646736
v -0.011077837087213993 0.006000000052154064 0.007126005832105875
v -0.015055404976010323 0.006000000052154064 0.0005995015380904078
v -0.015055404976010323 0.006000000052154064 0.0005995015380904078
v -0.011077837087213993 0.006000000052154064 0.007126005832105875
v -0.010564669035375118 0.006000000052154064 0.0075754690915346146
v -0.015055404976010323 0.006000000052154064 0.0005995015380904078
v -0.010564669035375118 0.006000000052154064 0.0075754690915346146
v -0.004067122470587492 0.006000000052154064 0.011431215330958366
v -0.004067122470587492 0.006000000052154064 0.011431215330958366
v -0.010564669035375118 0.006000000052154064 0.0075754690915346146
v -0.009206169284880161 0.006000000052154064 0.009178590960800648
v -0.004067122470587492 0.006000000052154064 0.011431215330958366
v -0.009206169284880161 0.006000000052154064 0.009178590960800648
v -0.00884894747287035 0.006000000052154064 0.009752767160534859
v -0.00884894747287035 0.006000000052154064 0.009752767160534859
v -0.008780227042734623 0.006000000052154064 0.010425501503050327
v -0.004067122470587492 0.006000000052154064 0.011431215330958366
v -0.004067122470587492 0.006000000052154064 0.011431215330958366
v -0.008780227042734623 0.006000000052154064 0.010425501503050327
v -0.00901395920664072 0.006000000052154064 0.011060052551329136
v -0.004067122470587492 0.006000000052154064 0.011431215330958366
v -0.00901395920664072 0.006000000052154064 0.011060052551329136
v -0.009502648375928402 0.006000000052154064 0.011527463793754578
v 0.0026030060835182667 0.006000000052154064 0.00861535593867302
v -0.0016989039722830057 0.006000000052154064 0.008838197216391563
v -0.004067122470587492 0.006000000052154064 0.011431215330958366
v -0.004067122470587492 0.006000000052154064 0.011431215330958366
v -0.0016989039722830057 0.006000000052154064 0.008838197216391563
v -0.005611620843410492 0.006000000052154064 0.007036313880234957
v -0.004067122470587492 0.006000000052154064 0.011431215330958366
v -0.005611620843410492 0.006000000052154064 0.007036313880234957
v -0.015055404976010323 0.006000000052154064 0.0005995015380904078
v -0.015055404976010323 0.006000000052154064 0.0005995015380904078
v -0.005611620843410492 0.006000000052154064 0.007036313880234957
v -0.008238782174885273 0.006000000052154064 0.0036225002259016037
v -0.015055404976010323 0.006000000052154064 0.0005995015380904078
v -0.008238782174885273 0.006000000052154064 0.0036225002259016037
v -0.012093222700059414 0.006000000052154064 -0.0014676281716674566
v -0.012093222700059414 0.006000000052154064 -0.0014676281716674566
v -0.008238782174885273 0.006000000052154064 0.0036225002259016037
v -0.008978535421192646 0.006000000052154064 -0.0006211912259459496
v -0.012093222700059414 0.006000000052154064 -0.0014676281716674566
v -0.008978535421192646 0.006000000052154064 -0.0006211912259459496
v -0.010058684274554253 0.006000000052154064 -0.004452292341738939
v -0.010058684274554253 0.006000000052154064 -0.004452292341738939
v -0.008978535421192646 0.006000000052154064 -0.0006211912259459496
v -0.007661415264010429 0.006000000052154064 -0.0047225733287632465
v -0.010058684274554253 0.006000000052154064 -0.004452292341738939
v -0.007661415264010429 0.006000000052154064 -0.0047225733287632465
v -0.007387228775769472 0.006000000052154064 -0.008150390349328518
v -0.007387228775769472 0.006000000052154064 -0.008150390349328518
v -0.007661415264010429 0.006000000052154064 -0.0047225733287632465
v -0.00458916462957859 0.006000000052154064 -0.0077420626766979694
v -0.007387228775769472 0.006000000052154064 -0.008150390349328518
v -0.00458916462957859 0.006000000052154064 -0.0077420626766979694
v -0.0034451268147677183 0.006000000052154064 -0.010446583852171898
v -0.0034451268147677183 0.006000000052154064 -0.010446583852171898
v -0.00458916462957859 0.006000000052154064 -0.0077420626766979694
v 0.0010895547457039356 0.006000000052154064 -0.010945911519229412
v 0.0010895547457039356 0.006000000052154064 -0.010945911519229412
v -0.00458916462957859 0.006000000052154064 -0.0077420626766979694
v -0.00046558401663787663 0.006000000052154064 -0.008987946435809135
v 0.0010895547457039356 0.006000000052154064 -0.010945911519229412
v -0.00046558401663787663 0.006000000052154064 -0.008987946435809135
v 0.005436818581074476 0.006000000052154064 -0.00956247840076685
v 0.005436818581074476 0.006000000052154064 -0.00956247840076685
v -0.00046558401663787663 0.006000000052154064 -0.008987946435809135
v 0.003764662891626358 0.006000000052154064 -0.008174804039299488
v 0.005436818581074476 0.006000000052154064 -0.00956247840076685
v 0.003764662891626358 0.006000000052154064 -0.008174804039299488
v 0.008848927915096283 0.006000000052154064 -0.006534260232001543
v 0.008848927915096283 0.006000000052154064 -0.006534260232001543
v 0.003764662891626358 0.006000000052154064 -0.008174804039299488
v 0.00713245989754796 0.006000000052154064 -0.005488906987011433
v 0.008848927915096283 0.006000000052154064 -0.006534260232001543
v 0.00713245989754796 0.006000000052154064 -0.005488906987011433
v 0.010738969780504704 0.006000000052154064 -0.0023821075446903706
v 0.010738969780504704 0.006000000052154064 -0.0023821075446903706
v 0.00713245989754796 0.006000000052154064 -0.005488906987011433
v 0.008866296149790287 0.006000000052154064 -0.0015455614775419235
v 0.010738969780504704 0.006000000052154064 -0.0023821075446903706
v 0.008866296149790287 0.006000000052154064 -0.0015455614775419235
v 0.010781859047710896 0.006000000052154064 0.002179777715355158
v 0.010781859047710896 0.006000000052154064 0.002179777715355158
v 0.008866296149790287 0.006000000052154064 -0.0015455614775419235
v 0.008568975143134594 0.006000000052154064 0.00275184353813529
v 0.010781859047710896 0.006000000052154064 0.002179777715355158
v 0.008568975143134594 0.006000000052154064 0.00275184353813529
v 0.00897021684795618 0.006000000052154064 0.006366725079715252
v 0.00897021684795618 0.006000000052154064 0.006366725079715252
v 0.008568975143134594 0.006000000052154064 0.00275184353813529
v 0.006308608688414097 0.006000000052154064 0.00641883397474885
v 0.00897021684795618 0.006000000052154064 0.006366725079715252
v 0.006308608688414097 0.006000000052154064 0.00641883397474885
v 0.005615648347884417 0.006000000052154064 0.009458569809794426
v 0.005615648347884417 0.006000000052154064 0.009458569809794426
v 0.006308608688414097 0.006000000052154064 0.00641883397474885
v 0.0026030060835182667 0.006000000052154064 0.00861535593867302
v 0.005615648347884417 0.006000000052154064 0.009458569809794426
v 0.0026030060835182667 0.006000000052154064 0.00861535593867302
v -0.0017234338447451591 0.006000000052154064 0.013815856538712978
v -0.0017234338447451591 0.006000000052154064 0.013815856538712978
v 0.0026030060835182667 0.006000000052154064 0.00861535593867302
v -0.004067122470587492 0.006000000052154064 0.011431215330958366
v -0.0017234338447451591 0.006000000052154064 0.013815856538712978
v -0.004067122470587492 0.006000000052154064 0.011431215330958366
v -0.013771467842161655 0.006000000052154064 0.020968902856111526
v -0.013771467842161655 0.006000000052154064 0.020968902856111526
v -0.004067122470587492 0.006000000052154064 0.011431215330958366
v -0.009502648375928402 0.006000000052154064 0.011527463793754578
v -0.013771467842161655 0.006000000052154064 0.020968902856111526
v -0.009502648375928402 0.006000000052154064 0.011527463793754578
v -0.02334129624068737 0.006000000052154064 0.02665061131119728
v -0.02334129624068737 0.006000000052154064 0.02665061131119728
v -0.009502648375928402 0.006000000052154064 0.011527463793754578
v -0.04740961641073227 0.006000000052154064 0.03403322771191597
v -0.02334129624068737 0.006000000052154064 0.02665061131119728
v -0.04740961641073227 0.006000000052154064 0.03403322771191597
v -0.06080608069896698 0.006000000052154064 0.04889384284615517
v -0.04966510459780693 0.006000000052154064 0.032918740063905716
v -0.04956826567649841 0.006000000052154064 0.03218675032258034
v -0.06554696708917618 0.006000000052154064 0.04407011717557907
v -0.06554696708917618 0.006000000052154064 0.04407011717557907
v -0.04956826567649841 0.006000000052154064 0.03218675032258034
v -0.049133919179439545 0.006000000052154064 0.03158964216709137
v -0.06554696708917618 0.006000000052154064 0.04407011717557907
v -0.049133919179439545 0.006000000052154064 0.03158964216709137
v -0.03537016734480858 0.006000000052154064 0.014411555603146553
v -0.03537016734480858 0.006000000052154064 0.014411555603146553
v -0.049133919179439545 0.006000000052154064 0.03158964216709137
v -0.028582097962498665 0.006000000052154064 0.014515695162117481
v -0.03537016734480858 0.006000000052154064 0.014411555603146553
v -0.028582097962498665 0.006000000052154064 0.014515695162117481
v -0.02673204243183136 0.006000000052154064 0.0059217787347733974
v -0.02673204243183136 0.006000000052154064 0.0059217787347733974
v -0.028582097962498665 0.006000000052154064 0.014515695162117481
v -0.028245696797966957 0.006000000052154064 0.014304578304290771
v -0.02673204243183136 0.006000000052154064 0.0059217787347733974
v -0.028245696797966957 0.006000000052154064 0.014304578304290771
v -0.015055404976010323 0.006000000052154064 0.0005995015380904078
v -0.015055404976010323 0.006000000052154064 0.0005995015380904078
v -0.028245696797966957 0.006000000052154064 0.014304578304290771
v -0.012405798770487309 0.006000000052154064 0.00708466162905097
v -0.015055404976010323 0.006000000052154064 0.0005995015380904078
v -0.012405798770487309 0.006000000052154064 0.00708466162905097
v -0.011736991815268993 0.006000000052154064 0.006950290873646736
v -0.04740961641073227 0.006000000052154064 0.03403322771191597
v -0.04811776429414749 0.006000000052154064 0.03424231335520744
v -0.06080608069896698 0.006000000052154064 0.04889384284615517
v -0.06080608069896698 0.006000000052154064 0.04889384284615517
v -0.04811776429414749 0.006000000052154064 0.03424231335520744
v -0.04883987456560135 0.006000000052154064 0.03408821299672127
v -0.06080608069896698 0.006000000052154064 0.04889384284615517
v -0.04883987456560135 0.006000000052154064 0.03408821299672127
v -0.06554696708917618 0.006000000052154064 0.04407011717557907
v -0.06554696708917618 0.006000000052154064 0.04407011717557907
v -0.04883987456560135 0.006000000052154064 0.03408821299672127
v -0.049400974065065384 0.006000000052154064 0.03360825031995773
v -0.06554696708917618 0.006000000052154064 0.04407011717557907
v -0.049400974065065384 0.006000000052154064 0.03360825031995773
v -0.04966510459780693 0.006000000052154064 0.032918740063905716
v -0.11302731186151505 0.006000000052154064 0.0819348618388176
v -0.11401227861642838 0.006000000052154064 0.08093268424272537
v -0.12048164755105972 0.006000000052154064 0.08729095757007599
v -0.12048164755105972 0.006000000052154064 0.08729095757007599
v -0.11401227861642838 0.006000000052154064 0.08093268424272537
v -0.11713378876447678 0.006000000052154064 0.07775662839412689
v -0.12048164755105972 0.006000000052154064 0.08729095757007599
v -0.11713378876447678 0.006000000052154064 0.07775662839412689
v -0.1331421285867691 0.006000000052154064 0.09638778120279312
v -0.1331421285867691 0.006000000052154064 0.09638778120279312
v -0.11713378876447678 0.006000000052154064 0.07775662839412689
v -0.1345907747745514 0.006000000052154064 0.09491381794214249
v -0.1331421285867691 0.006000000052154064 0.09638778120279312
v -0.1345907747745514 0.006000000052154064 0.09491381794214249
v -0.1441057175397873 0.006000000052154064 0.10426535457372665
v -0.1441057175397873 0.006000000052154064 0.10426535457372665
v -0.1345907747745514 0.006000000052154064 0.09491381794214249
v -0.13665299117565155 0.006000000052154064 0.0928155779838562
v -0.1441057175397873 0.006000000052154064 0.10426535457372665
v -0.13665299117565155 0.006000000052154064 0.0928155779838562
v -0.15121378004550934 0.006000000052154064 0.10937265306711197
v -0.15121378004550934 0.006000000052154064 0.10937265306711197
v -0.13665299117565155 0.006000000052154064 0.0928155779838562
v -0.1538473218679428 0.006000000052154064 0.10971462726593018
v -0.15121378004550934 0.006000000052154064 0.10937265306711197
v -0.1538473218679428 0.006000000052154064 0.10971462726593018
v -0.15382316708564758 0.006000000052154064 0.11213736236095428
v -0.15382316708564758 0.006000000052154064 0.11213736236095428
v -0.1538473218679428 0.006000000052154064 0.10971462726593018
v -0.1561792492866516 0.006000000052154064 0.11231312900781631
v -0.15382316708564758 0.006000000052154064 0.11213736236095428
v -0.1561792492866516 0.006000000052154064 0.11231312900781631
v -0.15521210432052612 0.006000000052154064 0.11567618697881699
v -0.15521210432052612 0.006000000052154064 0.11567618697881699
v -0.1561792492866516 0.006000000052154064 0.11231312900781631
v -0.15647657215595245 0.006000000052154064 0.11661054193973541
v -0.15521210432052612 0.006000000052154064 0.11567618697881699
v -0.15647657215595245 0.006000000052154064 0.11661054193973541
v -0.15679079294204712 0.006000000052154064 0.11950308084487915
v -0.15679079294204712 0.006000000052154064 0.11950308084487915
v -0.15647657215595245 0.006000000052154064 0.11661054193973541
v -0.1587369441986084 0.006000000052154064 0.120277538895607
v -0.15679079294204712 0.006000000052154064 0.11950308084487915
v -0.1587369441986084 0.006000000052154064 0.120277538895607
v -0.15978413820266724 0.006000000052154064 0.1223626658320427
v -0.15978413820266724 0.006000000052154064 0.1223626658320427
v -0.1587369441986084 0.006000000052154064 0.120277538895607
v -0.16244253516197205 0.006000000052154064 0.1224740520119667
v -0.15978413820266724 0.006000000052154064 0.1223626658320427
v -0.16244253516197205 0.006000000052154064 0.1224740520119667
v -0.16367915272712708 0.006000000052154064 0.12376490235328674
v -0.16367915272712708 0.006000000052154064 0.12376490235328674
v -0.16244253516197205 0.006000000052154064 0.1224740520119667
v -0.16780832409858704 0.006000000052154064 0.12346947938203812
v -0.16780832409858704 0.006000000052154064 0.12346947938203812
v -0.16244253516197205 0.006000000052154064 0.1224740520119667
v -0.16674445569515228 0.006000000052154064 0.1226968914270401
v -0.16780832409858704 0.006000000052154064 0.12346947938203812
v -0.16674445569515228 0.006000000052154064 0.1226968914270401
v -0.16783300042152405 0.006000000052154064 0.12346234172582626
v -0.16674445569515228 0.006000000052154064 0.1226968914270401
v -0.1669796258211136 0.006000000052154064 0.12264842540025711
v -0.16783300042152405 0.006000000052154064 0.12346234172582626
v -0.16783300042152405 0.006000000052154064 0.12346234172582626
v -0.1669796258211136 0.006000000052154064 0.12264842540025711
v -0.1706571727991104 0.006000000052154064 0.12089501321315765
v -0.16783300042152405 0.006000000052154064 0.12346234172582626
v -0.1706571727991104 0.006000000052154064 0.12089501321315765
v -0.16963182389736176 0.006000000052154064 0.12274497747421265
v -0.17146402597427368 0.006000000052154064 0.12152701616287231
v -0.17022919654846191 0.006000000052154064 0.12241028994321823
v -0.17401978373527527 0.006000000052154064 0.1182704046368599
v -0.17401978373527527 0.006000000052154064 0.1182704046368599
v -0.17022919654846191 0.006000000052154064 0.12241028994321823
v -0.16963182389736176 0.006000000052154064 0.12274497747421265
v -0.12507975101470947 0.006000000052154064 0.06967182457447052
v -0.1290571093559265 0.006000000052154064 0.07363008707761765
v -0.12843982875347137 0.006000000052154064 0.07383006811141968
v -0.1400785595178604 0.006000000052154064 0.08476357907056808
v -0.14709295332431793 0.006000000052154064 0.08219318836927414
v -0.14253674447536469 0.006000000052154064 0.08682901412248611
v -0.14253674447536469 0.006000000052154064 0.08682901412248611
v -0.14709295332431793 0.006000000052154064 0.08219318836927414
v -0.1454208642244339 0.006000000052154064 0.08924432843923569
v -0.14253674447536469 0.006000000052154064 0.08682901412248611
v -0.1454208642244339 0.006000000052154064 0.08924432843923569
v -0.14464443922042847 0.006000000052154064 0.08925104886293411
v -0.1400785595178604 0.006000000052154064 0.08476357907056808
v -0.140071839094162 0.006000000052154064 0.08398715406656265
v -0.14709295332431793 0.006000000052154064 0.08219318836927414
v -0.14709295332431793 0.006000000052154064 0.08219318836927414
v -0.140071839094162 0.006000000052154064 0.08398715406656265
v -0.13967779278755188 0.006000000052154064 0.08331810683012009
v -0.14709295332431793 0.006000000052154064 0.08219318836927414
v -0.13967779278755188 0.006000000052154064 0.08331810683012009
v -0.12963595986366272 0.006000000052154064 0.06503599137067795
v -0.12963595986366272 0.006000000052154064 0.06503599137067795
v -0.13967779278755188 0.006000000052154064 0.08331810683012009
v -0.13025127351284027 0.006000000052154064 0.07405347377061844
v -0.12963595986366272 0.006000000052154064 0.06503599137067795
v -0.13025127351284027 0.006000000052154064 0.07405347377061844
v -0.12970109283924103 0.006000000052154064 0.07370950281620026
v -0.13665299117565155 0.006000000052154064 0.0928155779838562
v -0.13523821532726288 0.006000000052154064 0.08974087238311768
v -0.13793987035751343 0.006000000052154064 0.09150621294975281
v -0.13793987035751343 0.006000000052154064 0.09150621294975281
v -0.13523821532726288 0.006000000052154064 0.08974087238311768
v -0.1358337551355362 0.006000000052154064 0.08936925232410431
v -0.13793987035751343 0.006000000052154064 0.09150621294975281
v -0.1358337551355362 0.006000000052154064 0.08936925232410431
v -0.14253674447536469 0.006000000052154064 0.08682901412248611
v -0.14253674447536469 0.006000000052154064 0.08682901412248611
v -0.1358337551355362 0.006000000052154064 0.08936925232410431
v -0.1396961659193039 0.006000000052154064 0.08543934673070908
v -0.14253674447536469 0.006000000052154064 0.08682901412248611
v -0.1396961659193039 0.006000000052154064 0.08543934673070908
v -0.1400785595178604 0.006000000052154064 0.08476357907056808
v -0.12180399149656296 0.006000000052154064 0.07993349432945251
v -0.11713378876447678 0.006000000052154064 0.07775662839412689
v -0.1220753937959671 0.006000000052154064 0.07920803129673004
v -0.1220753937959671 0.006000000052154064 0.07920803129673004
v -0.11713378876447678 0.006000000052154064 0.07775662839412689
v -0.11919599771499634 0.006000000052154064 0.07565838098526001
v -0.1220753937959671 0.006000000052154064 0.07920803129673004
v -0.11919599771499634 0.006000000052154064 0.07565838098526001
v -0.12267253547906876 0.006000000052154064 0.07871469110250473
v -0.12267253547906876 0.006000000052154064 0.07871469110250473
v -0.11919599771499634 0.006000000052154064 0.07565838098526001
v -0.12048287689685822 0.006000000052154064 0.07434902340173721
v -0.12267253547906876 0.006000000052154064 0.07871469110250473
v -0.12048287689685822 0.006000000052154064 0.07434902340173721
v -0.12561923265457153 0.006000000052154064 0.07685142010450363
v -0.12561923265457153 0.006000000052154064 0.07685142010450363
v -0.12048287689685822 0.006000000052154064 0.07434902340173721
v -0.12507975101470947 0.006000000052154064 0.06967182457447052
v -0.12561923265457153 0.006000000052154064 0.07685142010450363
v -0.12507975101470947 0.006000000052154064 0.06967182457447052
v -0.1279647797346115 0.006000000052154064 0.0742720365524292
v -0.1279647797346115 0.006000000052154064 0.0742720365524292
v -0.12507975101470947 0.006000000052154064 0.06967182457447052
v -0.12843982875347137 0.006000000052154064 0.07383006811141968
v -0.12180399149656296 0.006000000052154064 0.07993349432945251
v -0.12193068116903305 0.006000000052154064 0.08069763332605362
v -0.11713378876447678 0.006000000052154064 0.07775662839412689
v -0.11713378876447678 0.006000000052154064 0.07775662839412689
v -0.12193068116903305 0.006000000052154064 0.08069763332605362
v -0.12242168933153152 0.006000000052154064 0.08129669725894928
v -0.11713378876447678 0.006000000052154064 0.07775662839412689
v -0.12242168933153152 0.006000000052154064 0.08129669725894928
v -0.1345907747745514 0.006000000052154064 0.09491381794214249
v -0.1345907747745514 0.006000000052154064 0.09491381794214249
v -0.12242168933153152 0.006000000052154064 0.08129669725894928
v -0.13388867676258087 0.006000000052154064 0.08953597396612167
v -0.1345907747745514 0.006000000052154064 0.09491381794214249
v -0.13388867676258087 0.006000000052154064 0.08953597396612167
v -0.13665299117565155 0.006000000052154064 0.0928155779838562
v -0.13665299117565155 0.006000000052154064 0.0928155779838562
v -0.13388867676258087 0.006000000052154064 0.08953597396612167
v -0.13453878462314606 0.006000000052154064 0.08980081975460052
v -0.13665299117565155 0.006000000052154064 0.0928155779838562
v -0.13453878462314606 0.006000000052154064 0.08980081975460052
v -0.13523821532726288 0.006000000052154064 0.08974087238311768
v -0.1407487541437149 0.006000000052154064 0.0931239128112793
v -0.14066554605960846 0.006000000052154064 0.0937601774930954
v -0.13793987035751343 0.006000000052154064 0.09150621294975281
v -0.13793987035751343 0.006000000052154064 0.09150621294975281
v -0.14066554605960846 0.006000000052154064 0.0937601774930954
v -0.1408558189868927 0.006000000052154064 0.09437300264835358
v -0.13793987035751343 0.006000000052154064 0.09150621294975281
v -0.1408558189868927 0.006000000052154064 0.09437300264835358
v -0.13665299117565155 0.006000000052154064 0.0928155779838562
v -0.13665299117565155 0.006000000052154064 0.0928155779838562
v -0.1408558189868927 0.006000000052154064 0.09437300264835358
v -0.1412847936153412 0.006000000052154064 0.09485023468732834
v -0.13665299117565155 0.006000000052154064 0.0928155779838562
v -0.1412847936153412 0.006000000052154064 0.09485023468732834
v -0.1538473218679428 0.006000000052154064 0.10971462726593018
v -0.1538473218679428 0.006000000052154064 0.10971462726593018
v -0.1412847936153412 0.006000000052154064 0.09485023468732834
v -0.1551342010498047 0.006000000052154064 0.10840526223182678
v -0.1538473218679428 0.006000000052154064 0.10971462726593018
v -0.1551342010498047 0.006000000052154064 0.10840526223182678
v -0.1561792492866516 0.006000000052154064 0.11231312900781631
v -0.1561792492866516 0.006000000052154064 0.11231312900781631
v -0.1551342010498047 0.006000000052154064 0.10840526223182678
v -0.15791308879852295 0.006000000052154064 0.10836979001760483
v -0.16963182389736176 0.006000000052154064 0.12274497747421265
v -0.1706571727991104 0.006000000052154064 0.12089501321315765
v -0.17401978373527527 0.006000000052154064 0.1182704046368599
v -0.17401978373527527 0.006000000052154064 0.1182704046368599
v -0.1706571727991104 0.006000000052154064 0.12089501321315765
v -0.17328433692455292 0.006000000052154064 0.11748119443655014
v -0.17401978373527527 0.006000000052154064 0.1182704046368599
v -0.17328433692455292 0.006000000052154064 0.11748119443655014
v -0.17503757774829865 0.006000000052154064 0.11425774544477463
v -0.17503757774829865 0.006000000052154064 0.11425774544477463
v -0.17328433692455292 0.006000000052154064 0.11748119443655014
v -0.1740240901708603 0.006000000052154064 0.11323750764131546
v -0.17503757774829865 0.006000000052154064 0.11425774544477463
v -0.1740240901708603 0.006000000052154064 0.11323750764131546
v -0.1743430197238922 0.006000000052154064 0.1101766973733902
v -0.1743430197238922 0.006000000052154064 0.1101766973733902
v -0.1740240901708603 0.006000000052154064 0.11323750764131546
v -0.1727069616317749 0.006000000052154064 0.10913611948490143
v -0.1743430197238922 0.006000000052154064 0.1101766973733902
v -0.1727069616317749 0.006000000052154064 0.10913611948490143
v -0.17205511033535004 0.006000000052154064 0.10672665387392044
v -0.17205511033535004 0.006000000052154064 0.10672665387392044
v -0.1727069616317749 0.006000000052154064 0.10913611948490143
v -0.16963469982147217 0.006000000052154064 0.1061166301369667
v -0.17205511033535004 0.006000000052154064 0.10672665387392044
v -0.16963469982147217 0.006000000052154064 0.1061166301369667
v -0.16428729891777039 0.006000000052154064 0.09909223765134811
v -0.16428729891777039 0.006000000052154064 0.09909223765134811
v -0.16963469982147217 0.006000000052154064 0.1061166301369667
v -0.1655111312866211 0.006000000052154064 0.1048707440495491
v -0.16428729891777039 0.006000000052154064 0.09909223765134811
v -0.1655111312866211 0.006000000052154064 0.1048707440495491
v -0.15973107516765594 0.006000000052154064 0.10372806340456009
v -0.15973107516765594 0.006000000052154064 0.10372806340456009
v -0.1655111312866211 0.006000000052154064 0.1048707440495491
v -0.16128088533878326 0.006000000052154064 0.10568389296531677
v -0.15973107516765594 0.006000000052154064 0.10372806340456009
v -0.16128088533878326 0.006000000052154064 0.10568389296531677
v -0.15791308879852295 0.006000000052154064 0.10836979001760483
v -0.1103750541806221 0.006000000052154064 0.05500396341085434
v -0.11968927830457687 0.006000000052154064 0.055260125547647476
v -0.11513306200504303 0.006000000052154064 0.05989595502614975
v -0.11513306200504303 0.006000000052154064 0.05989595502614975
v -0.11968927830457687 0.006000000052154064 0.055260125547647476
v -0.12963595986366272 0.006000000052154064 0.06503599137067795
v -0.11513306200504303 0.006000000052154064 0.05989595502614975
v -0.12963595986366272 0.006000000052154064 0.06503599137067795
v -0.12507975101470947 0.006000000052154064 0.06967182457447052
v -0.12507975101470947 0.006000000052154064 0.06967182457447052
v -0.12963595986366272 0.006000000052154064 0.06503599137067795
v -0.12970109283924103 0.006000000052154064 0.07370950281620026
v -0.12507975101470947 0.006000000052154064 0.06967182457447052
v -0.12970109283924103 0.006000000052154064 0.07370950281620026
v -0.1290571093559265 0.006000000052154064 0.07363008707761765
v -0.11515798419713974 0.006000000052154064 0.06903424859046936
v -0.11650952696800232 0.006000000052154064 0.0697990283370018
v -0.12048287689685822 0.006000000052154064 0.07434902340173721
v -0.11650952696800232 0.006000000052154064 0.0697990283370018
v -0.11806237697601318 0.006000000052154064 0.06978557258844376
v -0.12048287689685822 0.006000000052154064 0.07434902340173721
v -0.12048287689685822 0.006000000052154064 0.07434902340173721
v -0.11806237697601318 0.006000000052154064 0.06978557258844376
v -0.11940047144889832 0.006000000052154064 0.06899750232696533
v -0.12048287689685822 0.006000000052154064 0.07434902340173721
v -0.11940047144889832 0.006000000052154064 0.06899750232696533
v -0.12507975101470947 0.006000000052154064 0.06967182457447052
v -0.12507975101470947 0.006000000052154064 0.06967182457447052
v -0.11940047144889832 0.006000000052154064 0.06899750232696533
v -0.12016525119543076 0.006000000052154064 0.06764595955610275
v -0.10405492037534714 0.006000000052154064 0.06625993549823761
v -0.10433198511600494 0.006000000052154064 0.06553661078214645
v -0.10718710720539093 0.006000000052154064 0.06798075884580612
v -0.10718710720539093 0.006000000052154064 0.06798075884580612
v -0.10433198511600494 0.006000000052154064 0.06553661078214645
v -0.10522639751434326 0.006000000052154064 0.061978138983249664
v -0.10718710720539093 0.006000000052154064 0.06798075884580612
v -0.10522639751434326 0.006000000052154064 0.061978138983249664
v -0.10924931615591049 0.006000000052154064 0.06588251888751984
v -0.10924931615591049 0.006000000052154064 0.06588251888751984
v -0.10522639751434326 0.006000000052154064 0.061978138983249664
v -0.10707949846982956 0.006000000052154064 0.05881131812930107
v -0.10924931615591049 0.006000000052154064 0.06588251888751984
v -0.10707949846982956 0.006000000052154064 0.05881131812930107
v -0.11053618788719177 0.006000000052154064 0.06457315385341644
v -0.11053618788719177 0.006000000052154064 0.06457315385341644
v -0.10707949846982956 0.006000000052154064 0.05881131812930107
v -0.11513306200504303 0.006000000052154064 0.05989595502614975
v -0.11053618788719177 0.006000000052154064 0.06457315385341644
v -0.11513306200504303 0.006000000052154064 0.05989595502614975
v -0.11645933240652084 0.006000000052154064 0.06400369107723236
v -0.11645933240652084 0.006000000052154064 0.06400369107723236
v -0.11512124538421631 0.006000000052154064 0.06479176133871078
v -0.11053618788719177 0.006000000052154064 0.06457315385341644
v -0.11053618788719177 0.006000000052154064 0.06457315385341644
v -0.11512124538421631 0.006000000052154064 0.06479176133871078
v -0.11435645818710327 0.006000000052154064 0.06614330410957336
v -0.11053618788719177 0.006000000052154064 0.06457315385341644
v -0.11435645818710327 0.006000000052154064 0.06614330410957336
v -0.11436991393566132 0.006000000052154064 0.06769615411758423
v -0.12016525119543076 0.006000000052154064 0.06764595955610275
v -0.12015180289745331 0.006000000052154064 0.06609310954809189
v -0.12507975101470947 0.006000000052154064 0.06967182457447052
v -0.12507975101470947 0.006000000052154064 0.06967182457447052
v -0.12015180289745331 0.006000000052154064 0.06609310954809189
v -0.11936372518539429 0.006000000052154064 0.06475502252578735
v -0.12507975101470947 0.006000000052154064 0.06967182457447052
v -0.11936372518539429 0.006000000052154064 0.06475502252578735
v -0.11513306200504303 0.006000000052154064 0.05989595502614975
v -0.11513306200504303 0.006000000052154064 0.05989595502614975
v -0.11936372518539429 0.006000000052154064 0.06475502252578735
v -0.1180121898651123 0.006000000052154064 0.06399023532867432
v -0.11513306200504303 0.006000000052154064 0.05989595502614975
v -0.1180121898651123 0.006000000052154064 0.06399023532867432
v -0.11645933240652084 0.006000000052154064 0.06400369107723236
v -0.11302731186151505 0.006000000052154064 0.0819348618388176
v -0.10156624019145966 0.006000000052154064 0.07369983941316605
v -0.11401227861642838 0.006000000052154064 0.08093268424272537
v -0.11401227861642838 0.006000000052154064 0.08093268424272537
v -0.10156624019145966 0.006000000052154064 0.07369983941316605
v -0.10406558960676193 0.006000000052154064 0.0711568146944046
v -0.11401227861642838 0.006000000052154064 0.08093268424272537
v -0.10406558960676193 0.006000000052154064 0.0711568146944046
v -0.11713378876447678 0.006000000052154064 0.07775662839412689
v -0.11713378876447678 0.006000000052154064 0.07775662839412689
v -0.10406558960676193 0.006000000052154064 0.0711568146944046
v -0.10718710720539093 0.006000000052154064 0.06798075884580612
v -0.11713378876447678 0.006000000052154064 0.07775662839412689
v -0.10718710720539093 0.006000000052154064 0.06798075884580612
v -0.11919599771499634 0.006000000052154064 0.07565838098526001
v -0.11919599771499634 0.006000000052154064 0.07565838098526001
v -0.10718710720539093 0.006000000052154064 0.06798075884580612
v -0.10924931615591049 0.006000000052154064 0.06588251888751984
v -0.11919599771499634 0.006000000052154064 0.07565838098526001
v -0.10924931615591049 0.006000000052154064 0.06588251888751984
v -0.12048287689685822 0.006000000052154064 0.07434902340173721
v -0.12048287689685822 0.006000000052154064 0.07434902340173721
v -0.10924931615591049 0.006000000052154064 0.06588251888751984
v -0.11053618788719177 0.006000000052154064 0.06457315385341644
v -0.12048287689685822 0.006000000052154064 0.07434902340173721
v -0.11053618788719177 0.006000000052154064 0.06457315385341644
v -0.11515798419713974 0.006000000052154064 0.06903424859046936
v -0.11515798419713974 0.006000000052154064 0.06903424859046936
v -0.11053618788719177 0.006000000052154064 0.06457315385341644
v -0.11436991393566132 0.006000000052154064 0.06769615411758423
v 0.005615648347884417 -5.215405884939628e-11 0.009458569809794426
v 0.005615648347884417 0.006000000052154064 0.009458569809794426
v 0.0009329163003712893 -5.215405884939628e-11 0.012238756753504276
v 0.0009329163003712893 -5.215405884939628e-11 0.012238756753504276
v 0.005615648347884417 0.006000000052154064 0.009458569809794426
v -0.0017234338447451591 0.006000000052154064 0.013815856538712978
v 0.0009329163003712893 -5.215405884939628e-11 0.012238756753504276
v -0.0017234338447451591 0.006000000052154064 0.013815856538712978
v -0.02334129624068737 -5.215405884939628e-11 0.02665061131119728
v -0.0017234338447451591 0.006000000052154064 0.013815856538712978
v -0.013771467842161655 0.006000000052154064 0.020968902856111526
v -0.02334129624068737 -5.215405884939628e-11 0.02665061131119728
v -0.02334129624068737 -5.215405884939628e-11 0.02665061131119728
v -0.013771467842161655 0.006000000052154064 0.020968902856111526
v -0.02334129624068737 0.006000000052154064 0.02665061131119728
v -0.02334129624068737 -5.215405884939628e-11 0.02665061131119728
v -0.02334129624068737 0.006000000052154064 0.02665061131119728
v -0.024581529200077057 -5.215405884939628e-11 0.027386948466300964
v -0.024581529200077057 -5.215405884939628e-11 0.027386948466300964
v -0.02334129624068737 0.006000000052154064 0.02665061131119728
v -0.06080608069896698 0.006000000052154064 0.04889384284615517
v -0.09633341431617737 0.006000000052154064 0.06998679041862488
v -0.09633341431617737 -5.215405884939628e-11 0.06998679041862488
v -0.09070004522800446 0.006000000052154064 0.06664220243692398
v -0.09070004522800446 0.006000000052154064 0.06664220243692398
v -0.09633341431617737 -5.215405884939628e-11 0.06998679041862488
v -0.09070004522800446 -5.215405884939628e-11 0.06664220243692398
v -0.09070004522800446 0.006000000052154064 0.06664220243692398
v -0.09070004522800446 -5.215405884939628e-11 0.06664220243692398
v -0.08517720550298691 0.006000000052154064 0.06336323171854019
v -0.08517720550298691 0.006000000052154064 0.06336323171854019
v -0.09070004522800446 -5.215405884939628e-11 0.06664220243692398
v -0.08517720550298691 -5.215405884939628e-11 0.06336323171854019
v -0.08517720550298691 0.006000000052154064 0.06336323171854019
v -0.08517720550298691 -5.215405884939628e-11 0.06336323171854019
v -0.06080608069896698 0.006000000052154064 0.04889384284615517
v -0.06080608069896698 0.006000000052154064 0.04889384284615517
v -0.08517720550298691 -5.215405884939628e-11 0.06336323171854019
v -0.06080608069896698 -5.215405884939628e-11 0.04889384284615517
v -0.06080608069896698 0.006000000052154064 0.04889384284615517
v -0.06080608069896698 -5.215405884939628e-11 0.04889384284615517
v -0.024581529200077057 -5.215405884939628e-11 0.027386948466300964
v -0.010058684274554253 -5.215405884939628e-11 -0.004452292341738939
v -0.010058684274554253 0.006000000052154064 -0.004452292341738939
v -0.007387228775769472 0.006000000052154064 -0.008150390349328518
v -0.010058684274554253 -5.215405884939628e-11 -0.004452292341738939
v -0.007387228775769472 0.006000000052154064 -0.008150390349328518
v -0.007387228775769472 -5.215405884939628e-11 -0.008150390349328518
v -0.007387228775769472 -5.215405884939628e-11 -0.008150390349328518
v -0.007387228775769472 0.006000000052154064 -0.008150390349328518
v -0.0034451268147677183 0.006000000052154064 -0.010446583852171898
v -0.007387228775769472 -5.215405884939628e-11 -0.008150390349328518
v -0.0034451268147677183 0.006000000052154064 -0.010446583852171898
v -0.0034451268147677183 -5.215405884939628e-11 -0.010446583852171898
v -0.0034451268147677183 -5.215405884939628e-11 -0.010446583852171898
v -0.0034451268147677183 0.006000000052154064 -0.010446583852171898
v 0.0010895547457039356 0.006000000052154064 -0.010945911519229412
v -0.0034451268147677183 -5.215405884939628e-11 -0.010446583852171898
v 0.0010895547457039356 0.006000000052154064 -0.010945911519229412
v 0.0010895547457039356 -5.215405884939628e-11 -0.010945911519229412
v 0.0010895547457039356 -5.215405884939628e-11 -0.010945911519229412
v 0.0010895547457039356 0.006000000052154064 -0.010945911519229412
v 0.005436818581074476 0.006000000052154064 -0.00956247840076685
v 0.0010895547457039356 -5.215405884939628e-11 -0.010945911519229412
v 0.005436818581074476 0.006000000052154064 -0.00956247840076685
v 0.005436818581074476 -5.215405884939628e-11 -0.00956247840076685
v 0.005436818581074476 -5.215405884939628e-11 -0.00956247840076685
v 0.005436818581074476 0.006000000052154064 -0.00956247840076685
v 0.008848927915096283 0.006000000052154064 -0.006534260232001543
v 0.005436818581074476 -5.215405884939628e-11 -0.00956247840076685
v 0.008848927915096283 0.006000000052154064 -0.006534260232001543
v 0.008848927915096283 -5.215405884939628e-11 -0.006534260232001543
v 0.008848927915096283 -5.215405884939628e-11 -0.006534260232001543
v 0.008848927915096283 0.006000000052154064 -0.006534260232001543
v 0.010738969780504704 0.006000000052154064 -0.0023821075446903706
v 0.008848927915096283 -5.215405884939628e-11 -0.006534260232001543
v 0.010738969780504704 0.006000000052154064 -0.0023821075446903706
v 0.010738969780504704 -5.215405884939628e-11 -0.0023821075446903706
v 0.010738969780504704 -5.215405884939628e-11 -0.0023821075446903706
v 0.010738969780504704 0.006000000052154064 -0.0023821075446903706
v 0.010781859047710896 0.006000000052154064 0.002179777715355158
v 0.010738969780504704 -5.215405884939628e-11 -0.0023821075446903706
v 0.010781859047710896 0.006000000052154064 0.002179777715355158
v 0.010781859047710896 -5.215405884939628e-11 0.002179777715355158
v 0.010781859047710896 -5.215405884939628e-11 0.002179777715355158
v 0.010781859047710896 0.006000000052154064 0.002179777715355158
v 0.00897021684795618 0.006000000052154064 0.006366725079715252
v 0.010781859047710896 -5.215405884939628e-11 0.002179777715355158
v 0.00897021684795618 0.006000000052154064 0.006366725079715252
v 0.00897021684795618 -5.215405884939628e-11 0.006366725079715252
v 0.00897021684795618 -5.215405884939628e-11 0.006366725079715252
v 0.00897021684795618 0.006000000052154064 0.006366725079715252
v 0.005615648347884417 0.006000000052154064 0.009458569809794426
v 0.00897021684795618 -5.215405884939628e-11 0.006366725079715252
v 0.005615648347884417 0.006000000052154064 0.009458569809794426
v 0.005615648347884417 -5.215405884939628e-11 0.009458569809794426
v -0.015055404976010323 0.006000000052154064 0.0005995015380904078
v -0.015055404976010323 -5.215405884939628e-11 0.0005995015380904078
v -0.02673204243183136 0.006000000052154064 0.0059217787347733974
v -0.02673204243183136 0.006000000052154064 0.0059217787347733974
v -0.015055404976010323 -5.215405884939628e-11 0.0005995015380904078
v -0.02673204243183136 -5.215405884939628e-11 0.0059217787347733974
v -0.02673204243183136 0.006000000052154064 0.0059217787347733974
v -0.02673204243183136 -5.215405884939628e-11 0.0059217787347733974
v -0.03846019133925438 0.006000000052154064 0.011267537251114845
v -0.03846019133925438 0.006000000052154064 0.011267537251114845
v -0.02673204243183136 -5.215405884939628e-11 0.0059217787347733974
v -0.03846019133925438 -5.215405884939628e-11 0.011267537251114845
v -0.03846019133925438 0.006000000052154064 0.011267537251114845
v -0.03846019133925438 -5.215405884939628e-11 0.011267537251114845
v -0.04716847464442253 0.006000000052154064 0.015236823819577694
v -0.04716847464442253 0.006000000052154064 0.015236823819577694
v -0.03846019133925438 -5.215405884939628e-11 0.011267537251114845
v -0.05026555806398392 -5.215405884939628e-11 0.016648491844534874
v -0.04716847464442253 0.006000000052154064 0.015236823819577694
v -0.05026555806398392 -5.215405884939628e-11 0.016648491844534874
v -0.059016142040491104 0.006000000052154064 0.020637057721614838
v -0.059016142040491104 0.006000000052154064 0.020637057721614838
v -0.05026555806398392 -5.215405884939628e-11 0.016648491844534874
v -0.06684322655200958 -5.215405884939628e-11 0.024204686284065247
v -0.059016142040491104 0.006000000052154064 0.020637057721614838
v -0.06684322655200958 -5.215405884939628e-11 0.024204686284065247
v -0.06684322655200958 0.006000000052154064 0.024204686284065247
v -0.10486350953578949 -5.215405884939628e-11 0.04153454676270485
v -0.10486350953578949 0.006000000052154064 0.04153454676270485
v -0.08917491883039474 -5.215405884939628e-11 0.03438359871506691
v -0.08917491883039474 -5.215405884939628e-11 0.03438359871506691
v -0.10486350953578949 0.006000000052154064 0.04153454676270485
v -0.08917491883039474 0.006000000052154064 0.03438359871506691
v -0.08917491883039474 -5.215405884939628e-11 0.03438359871506691
v -0.08917491883039474 0.006000000052154064 0.03438359871506691
v -0.07943182438611984 -5.215405884939628e-11 0.029942641034722328
v -0.07943182438611984 -5.215405884939628e-11 0.029942641034722328
v -0.08917491883039474 0.006000000052154064 0.03438359871506691
v -0.07943182438611984 0.006000000052154064 0.029942641034722328
v -0.07943182438611984 -5.215405884939628e-11 0.029942641034722328
v -0.07943182438611984 0.006000000052154064 0.029942641034722328
v -0.06684322655200958 -5.215405884939628e-11 0.024204686284065247
v -0.06684322655200958 -5.215405884939628e-11 0.024204686284065247
v -0.07943182438611984 0.006000000052154064 0.029942641034722328
v -0.07172754406929016 0.006000000052154064 0.026430988684296608
v -0.06684322655200958 -5.215405884939628e-11 0.024204686284065247
v -0.07172754406929016 0.006000000052154064 0.026430988684296608
v -0.06684322655200958 0.006000000052154064 0.024204686284065247
v -0.17205511033535004 -5.215405884939628e-11 0.10672665387392044
v -0.17205511033535004 0.006000000052154064 0.10672665387392044
v -0.1664269119501114 -5.215405884939628e-11 0.10119510442018509
v -0.1664269119501114 -5.215405884939628e-11 0.10119510442018509
v -0.17205511033535004 0.006000000052154064 0.10672665387392044
v -0.16428729891777039 0.006000000052154064 0.09909223765134811
v -0.1664269119501114 -5.215405884939628e-11 0.10119510442018509
v -0.16428729891777039 0.006000000052154064 0.09909223765134811
v -0.14709295332431793 -5.215405884939628e-11 0.08219318836927414
v -0.14709295332431793 -5.215405884939628e-11 0.08219318836927414
v -0.16428729891777039 0.006000000052154064 0.09909223765134811
v -0.14709295332431793 0.006000000052154064 0.08219318836927414
v -0.14709295332431793 -5.215405884939628e-11 0.08219318836927414
v -0.14709295332431793 0.006000000052154064 0.08219318836927414
v -0.12963595986366272 -5.215405884939628e-11 0.06503599137067795
v -0.12963595986366272 -5.215405884939628e-11 0.06503599137067795
v -0.14709295332431793 0.006000000052154064 0.08219318836927414
v -0.12963595986366272 0.006000000052154064 0.06503599137067795
v -0.12963595986366272 -5.215405884939628e-11 0.06503599137067795
v -0.12963595986366272 0.006000000052154064 0.06503599137067795
v -0.11968927830457687 -5.215405884939628e-11 0.055260125547647476
v -0.11968927830457687 -5.215405884939628e-11 0.055260125547647476
v -0.12963595986366272 0.006000000052154064 0.06503599137067795
v -0.11968927830457687 0.006000000052154064 0.055260125547647476
v -0.11968927830457687 -5.215405884939628e-11 0.055260125547647476
v -0.11968927830457687 0.006000000052154064 0.055260125547647476
v -0.11063379049301147 -5.215405884939628e-11 0.04636014625430107
v -0.11063379049301147 -5.215405884939628e-11 0.04636014625430107
v -0.11968927830457687 0.006000000052154064 0.055260125547647476
v -0.11063379049301147 0.006000000052154064 0.04636014625430107
v -0.11063379049301147 -5.215405884939628e-11 0.04636014625430107
v -0.11063379049301147 0.006000000052154064 0.04636014625430107
v -0.10772553831338882 -5.215405884939628e-11 0.0435018427670002
v -0.10772553831338882 -5.215405884939628e-11 0.0435018427670002
v -0.11063379049301147 0.006000000052154064 0.04636014625430107
v -0.10772553831338882 0.006000000052154064 0.0435018427670002
v -0.17146402597427368 -5.215405884939628e-11 0.12152701616287231
v -0.16780832409858704 -5.215405884939628e-11 0.12346947938203812
v -0.16780832409858704 0.006000000052154064 0.12346947938203812
v -0.16780832409858704 0.006000000052154064 0.12346947938203812
v -0.16780832409858704 -5.215405884939628e-11 0.12346947938203812
v -0.16367915272712708 -5.215405884939628e-11 0.12376490235328674
v -0.16780832409858704 0.006000000052154064 0.12346947938203812
v -0.16367915272712708 -5.215405884939628e-11 0.12376490235328674
v -0.16367915272712708 0.006000000052154064 0.12376490235328674
v -0.16367915272712708 0.006000000052154064 0.12376490235328674
v -0.16367915272712708 -5.215405884939628e-11 0.12376490235328674
v -0.15978413820266724 -5.215405884939628e-11 0.1223626658320427
v -0.16367915272712708 0.006000000052154064 0.12376490235328674
v -0.15978413820266724 -5.215405884939628e-11 0.1223626658320427
v -0.15978413820266724 0.006000000052154064 0.1223626658320427
v -0.15978413820266724 0.006000000052154064 0.1223626658320427
v -0.15978413820266724 -5.215405884939628e-11 0.1223626658320427
v -0.15679079294204712 -5.215405884939628e-11 0.11950308084487915
v -0.15978413820266724 0.006000000052154064 0.1223626658320427
v -0.15679079294204712 -5.215405884939628e-11 0.11950308084487915
v -0.15679079294204712 0.006000000052154064 0.11950308084487915
v -0.15679079294204712 0.006000000052154064 0.11950308084487915
v -0.15679079294204712 -5.215405884939628e-11 0.11950308084487915
v -0.15521210432052612 -5.215405884939628e-11 0.11567618697881699
v -0.15679079294204712 0.006000000052154064 0.11950308084487915
v -0.15521210432052612 -5.215405884939628e-11 0.11567618697881699
v -0.15521210432052612 0.006000000052154064 0.11567618697881699
v -0.16780832409858704 0.006000000052154064 0.12346947938203812
v -0.16783300042152405 0.006000000052154064 0.12346234172582626
v -0.17146402597427368 -5.215405884939628e-11 0.12152701616287231
v -0.17146402597427368 -5.215405884939628e-11 0.12152701616287231
v -0.16783300042152405 0.006000000052154064 0.12346234172582626
v -0.16963182389736176 0.006000000052154064 0.12274497747421265
v -0.17146402597427368 -5.215405884939628e-11 0.12152701616287231
v -0.16963182389736176 0.006000000052154064 0.12274497747421265
v -0.17022919654846191 0.006000000052154064 0.12241028994321823
v -0.17022919654846191 0.006000000052154064 0.12241028994321823
v -0.17146402597427368 0.006000000052154064 0.12152701616287231
v -0.17146402597427368 -5.215405884939628e-11 0.12152701616287231
v -0.17146402597427368 -5.215405884939628e-11 0.12152701616287231
v -0.17146402597427368 0.006000000052154064 0.12152701616287231
v -0.17401978373527527 0.006000000052154064 0.1182704046368599
v -0.17146402597427368 -5.215405884939628e-11 0.12152701616287231
v -0.17401978373527527 0.006000000052154064 0.1182704046368599
v -0.17401978373527527 -5.215405884939628e-11 0.1182704046368599
v -0.17401978373527527 -5.215405884939628e-11 0.1182704046368599
v -0.17401978373527527 0.006000000052154064 0.1182704046368599
v -0.17503757774829865 0.006000000052154064 0.11425774544477463
v -0.17401978373527527 -5.215405884939628e-11 0.1182704046368599
v -0.17503757774829865 0.006000000052154064 0.11425774544477463
v -0.17503757774829865 -5.215405884939628e-11 0.11425774544477463
v -0.17503757774829865 -5.215405884939628e-11 0.11425774544477463
v -0.17503757774829865 0.006000000052154064 0.11425774544477463
v -0.1743430197238922 0.006000000052154064 0.1101766973733902
v -0.17503757774829865 -5.215405884939628e-11 0.11425774544477463
v -0.1743430197238922 0.006000000052154064 0.1101766973733902
v -0.1743430197238922 -5.215405884939628e-11 0.1101766973733902
v -0.1743430197238922 -5.215405884939628e-11 0.1101766973733902
v -0.1743430197238922 0.006000000052154064 0.1101766973733902
v -0.17205511033535004 0.006000000052154064 0.10672665387392044
v -0.1743430197238922 -5.215405884939628e-11 0.1101766973733902
v -0.17205511033535004 0.006000000052154064 0.10672665387392044
v -0.17205511033535004 -5.215405884939628e-11 0.10672665387392044
v -0.11515798419713974 -5.215405884939628e-11 0.06903424859046936
v -0.11515798419713974 0.006000000052154064 0.06903424859046936
v -0.11436991393566132 -5.215405884939628e-11 0.06769615411758423
v -0.11436991393566132 -5.215405884939628e-11 0.06769615411758423
v -0.11515798419713974 0.006000000052154064 0.06903424859046936
v -0.11436991393566132 0.006000000052154064 0.06769615411758423
v -0.11436991393566132 -5.215405884939628e-11 0.06769615411758423
v -0.11436991393566132 0.006000000052154064 0.06769615411758423
v -0.11435645818710327 -5.215405884939628e-11 0.06614330410957336
v -0.11435645818710327 -5.215405884939628e-11 0.06614330410957336
v -0.11436991393566132 0.006000000052154064 0.06769615411758423
v -0.11435645818710327 0.006000000052154064 0.06614330410957336
v -0.11435645818710327 -5.215405884939628e-11 0.06614330410957336
v -0.11435645818710327 0.006000000052154064 0.06614330410957336
v -0.11512124538421631 -5.215405884939628e-11 0.06479176133871078
v -0.11512124538421631 -5.215405884939628e-11 0.06479176133871078
v -0.11435645818710327 0.006000000052154064 0.06614330410957336
v -0.11512124538421631 0.006000000052154064 0.06479176133871078
v -0.11512124538421631 -5.215405884939628e-11 0.06479176133871078
v -0.11512124538421631 0.006000000052154064 0.06479176133871078
v -0.11645933240652084 -5.215405884939628e-11 0.06400369107723236
v -0.11645933240652084 -5.215405884939628e-11 0.06400369107723236
v -0.11512124538421631 0.006000000052154064 0.06479176133871078
v -0.11645933240652084 0.006000000052154064 0.06400369107723236
v -0.11645933240652084 -5.215405884939628e-11 0.06400369107723236
v -0.11645933240652084 0.006000000052154064 0.06400369107723236
v -0.1180121898651123 -5.215405884939628e-11 0.06399023532867432
v -0.1180121898651123 -5.215405884939628e-11 0.06399023532867432
v -0.11645933240652084 0.006000000052154064 0.06400369107723236
v -0.1180121898651123 0.006000000052154064 0.06399023532867432
v -0.1180121898651123 -5.215405884939628e-11 0.06399023532867432
v -0.1180121898651123 0.006000000052154064 0.06399023532867432
v -0.11936372518539429 -5.215405884939628e-11 0.06475502252578735
v -0.11936372518539429 -5.215405884939628e-11 0.06475502252578735
v -0.1180121898651123 0.006000000052154064 0.06399023532867432
v -0.11936372518539429 0.006000000052154064 0.06475502252578735
v -0.11936372518539429 -5.215405884939628e-11 0.06475502252578735
v -0.11936372518539429 0.006000000052154064 0.06475502252578735
v -0.12015180289745331 -5.215405884939628e-11 0.06609310954809189
v -0.12015180289745331 -5.215405884939628e-11 0.06609310954809189
v -0.11936372518539429 0.006000000052154064 0.06475502252578735
v -0.12015180289745331 0.006000000052154064 0.06609310954809189
v -0.12015180289745331 -5.215405884939628e-11 0.06609310954809189
v -0.12015180289745331 0.006000000052154064 0.06609310954809189
v -0.12016525119543076 -5.215405884939628e-11 0.06764595955610275
v -0.12016525119543076 -5.215405884939628e-11 0.06764595955610275
v -0.12015180289745331 0.006000000052154064 0.06609310954809189
v -0.12016525119543076 0.006000000052154064 0.06764595955610275
v -0.12016525119543076 -5.215405884939628e-11 0.06764595955610275
v -0.12016525119543076 0.006000000052154064 0.06764595955610275
v -0.11940047144889832 -5.215405884939628e-11 0.06899750232696533
v -0.11940047144889832 -5.215405884939628e-11 0.06899750232696533
v -0.12016525119543076 0.006000000052154064 0.06764595955610275
v -0.11940047144889832 0.006000000052154064 0.06899750232696533
v -0.11940047144889832 -5.215405884939628e-11 0.06899750232696533
v -0.11940047144889832 0.006000000052154064 0.06899750232696533
v -0.11806237697601318 -5.215405884939628e-11 0.06978557258844376
v -0.11806237697601318 -5.215405884939628e-11 0.06978557258844376
v -0.11940047144889832 0.006000000052154064 0.06899750232696533
v -0.11806237697601318 0.006000000052154064 0.06978557258844376
v -0.11806237697601318 -5.215405884939628e-11 0.06978557258844376
v -0.11806237697601318 0.006000000052154064 0.06978557258844376
v -0.11650952696800232 -5.215405884939628e-11 0.0697990283370018
v -0.11650952696800232 -5.215405884939628e-11 0.0697990283370018
v -0.11806237697601318 0.006000000052154064 0.06978557258844376
v -0.11650952696800232 0.006000000052154064 0.0697990283370018
v -0.11650952696800232 -5.215405884939628e-11 0.0697990283370018
v -0.11650952696800232 0.006000000052154064 0.0697990283370018
v -0.11515798419713974 -5.215405884939628e-11 0.06903424859046936
v -0.11515798419713974 -5.215405884939628e-11 0.06903424859046936
v -0.11650952696800232 0.006000000052154064 0.0697990283370018
v -0.11515798419713974 0.006000000052154064 0.06903424859046936
v -0.09706341475248337 -5.215405884939628e-11 0.07046445459127426
v -0.09706341475248337 0.006000000052154064 0.07046445459127426
v -0.10156624019145966 -5.215405884939628e-11 0.07369983941316605
v -0.10156624019145966 -5.215405884939628e-11 0.07369983941316605
v -0.09706341475248337 0.006000000052154064 0.07046445459127426
v -0.10156624019145966 0.006000000052154064 0.07369983941316605
v -0.10156624019145966 -5.215405884939628e-11 0.07369983941316605
v -0.10156624019145966 0.006000000052154064 0.07369983941316605
v -0.11302731186151505 -5.215405884939628e-11 0.0819348618388176
v -0.11302731186151505 -5.215405884939628e-11 0.0819348618388176
v -0.10156624019145966 0.006000000052154064 0.07369983941316605
v -0.11302731186151505 0.006000000052154064 0.0819348618388176
v -0.11302731186151505 -5.215405884939628e-11 0.0819348618388176
v -0.11302731186151505 0.006000000052154064 0.0819348618388176
v -0.12665718793869019 -5.215405884939628e-11 0.09172821044921875
v -0.12665718793869019 -5.215405884939628e-11 0.09172821044921875
v -0.11302731186151505 0.006000000052154064 0.0819348618388176
v -0.12048164755105972 0.006000000052154064 0.08729095757007599
v -0.12665718793869019 -5.215405884939628e-11 0.09172821044921875
v -0.12048164755105972 0.006000000052154064 0.08729095757007599
v -0.1331421285867691 -5.215405884939628e-11 0.09638778120279312
v -0.1331421285867691 -5.215405884939628e-11 0.09638778120279312
v -0.12048164755105972 0.006000000052154064 0.08729095757007599
v -0.1331421285867691 0.006000000052154064 0.09638778120279312
v -0.1331421285867691 -5.215405884939628e-11 0.09638778120279312
v -0.1331421285867691 0.006000000052154064 0.09638778120279312
v -0.15121378004550934 -5.215405884939628e-11 0.10937265306711197
v -0.15121378004550934 -5.215405884939628e-11 0.10937265306711197
v -0.1331421285867691 0.006000000052154064 0.09638778120279312
v -0.1441057175397873 0.006000000052154064 0.10426535457372665
v -0.15121378004550934 -5.215405884939628e-11 0.10937265306711197
v -0.1441057175397873 0.006000000052154064 0.10426535457372665
v -0.15121378004550934 0.006000000052154064 0.10937265306711197
v -0.09706341475248337 0.006000000052154064 0.07046445459127426
v -0.09706341475248337 -5.215405884939628e-11 0.07046445459127426
v -0.09633341431617737 0.006000000052154064 0.06998679041862488
v -0.09633341431617737 0.006000000052154064 0.06998679041862488
v -0.09706341475248337 -5.215405884939628e-11 0.07046445459127426
v -0.09633341431617737 -5.215405884939628e-11 0.06998679041862488
v -0.15121378004550934 -5.215405884939628e-11 0.10937265306711197
v -0.15121378004550934 0.006000000052154064 0.10937265306711197
v -0.15382316708564758 -5.215405884939628e-11 0.11213736236095428
v -0.15382316708564758 -5.215405884939628e-11 0.11213736236095428
v -0.15121378004550934 0.006000000052154064 0.10937265306711197
v -0.15382316708564758 0.006000000052154064 0.11213736236095428
v -0.15382316708564758 -5.215405884939628e-11 0.11213736236095428
v -0.15382316708564758 0.006000000052154064 0.11213736236095428
v -0.15521210432052612 -5.215405884939628e-11 0.11567618697881699
v -0.15521210432052612 -5.215405884939628e-11 0.11567618697881699
v -0.15382316708564758 0.006000000052154064 0.11213736236095428
v -0.15521210432052612 0.006000000052154064 0.11567618697881699
v -0.10772553831338882 0.006000000052154064 0.0435018427670002
v -0.10486350953578949 0.006000000052154064 0.04153454676270485
v -0.10772553831338882 -5.215405884939628e-11 0.0435018427670002
v -0.10772553831338882 -5.215405884939628e-11 0.0435018427670002
v -0.10486350953578949 0.006000000052154064 0.04153454676270485
v -0.10486350953578949 -5.215405884939628e-11 0.04153454676270485
v -0.015055404976010323 -5.215405884939628e-11 0.0005995015380904078
v -0.015055404976010323 0.006000000052154064 0.0005995015380904078
v -0.012093222700059414 -5.215405884939628e-11 -0.0014676281716674566
v -0.012093222700059414 -5.215405884939628e-11 -0.0014676281716674566
v -0.015055404976010323 0.006000000052154064 0.0005995015380904078
v -0.012093222700059414 0.006000000052154064 -0.0014676281716674566
v -0.012093222700059414 -5.215405884939628e-11 -0.0014676281716674566
v -0.012093222700059414 0.006000000052154064 -0.0014676281716674566
v -0.010058684274554253 -5.215405884939628e-11 -0.004452292341738939
v -0.010058684274554253 -5.215405884939628e-11 -0.004452292341738939
v -0.012093222700059414 0.006000000052154064 -0.0014676281716674566
v -0.010058684274554253 0.006000000052154064 -0.004452292341738939
v -0.1279647797346115 0.006000000052154064 0.0742720365524292
v -0.1279647797346115 -5.215405884939628e-11 0.0742720365524292
v -0.12561923265457153 -5.215405884939628e-11 0.07685142010450363
v -0.1279647797346115 0.006000000052154064 0.0742720365524292
v -0.12561923265457153 -5.215405884939628e-11 0.07685142010450363
v -0.12561923265457153 0.006000000052154064 0.07685142010450363
v -0.12561923265457153 0.006000000052154064 0.07685142010450363
v -0.12561923265457153 -5.215405884939628e-11 0.07685142010450363
v -0.12267253547906876 -5.215405884939628e-11 0.07871469110250473
v -0.12561923265457153 0.006000000052154064 0.07685142010450363
v -0.12267253547906876 -5.215405884939628e-11 0.07871469110250473
v -0.12267253547906876 0.006000000052154064 0.07871469110250473
v -0.13388867676258087 0.006000000052154064 0.08953597396612167
v -0.12242168933153152 0.006000000052154064 0.08129669725894928
v -0.13388867676258087 -5.215405884939628e-11 0.08953597396612167
v -0.13388867676258087 -5.215405884939628e-11 0.08953597396612167
v -0.12242168933153152 0.006000000052154064 0.08129669725894928
v -0.12242168933153152 -5.215405884939628e-11 0.08129669725894928
v -0.1396961659193039 0.006000000052154064 0.08543934673070908
v -0.1358337551355362 0.006000000052154064 0.08936925232410431
v -0.1396961659193039 -5.215405884939628e-11 0.08543934673070908
v -0.1396961659193039 -5.215405884939628e-11 0.08543934673070908
v -0.1358337551355362 0.006000000052154064 0.08936925232410431
v -0.1358337551355362 -5.215405884939628e-11 0.08936925232410431
v -0.13025127351284027 0.006000000052154064 0.07405347377061844
v -0.13967779278755188 0.006000000052154064 0.08331810683012009
v -0.13025127351284027 -5.215405884939628e-11 0.07405347377061844
v -0.13025127351284027 -5.215405884939628e-11 0.07405347377061844
v -0.13967779278755188 0.006000000052154064 0.08331810683012009
v -0.13967779278755188 -5.215405884939628e-11 0.08331810683012009
v -0.09529358148574829 -5.215405884939628e-11 0.04803895577788353
v -0.09529358148574829 0.006000000052154064 0.04803895577788353
v -0.09364891052246094 0.006000000052154064 0.04797588288784027
v -0.09364891052246094 0.006000000052154064 0.04797588288784027
v -0.09092343598604202 0.006000000052154064 0.04787135869264603
v -0.09529358148574829 -5.215405884939628e-11 0.04803895577788353
v -0.09529358148574829 -5.215405884939628e-11 0.04803895577788353
v -0.09092343598604202 0.006000000052154064 0.04787135869264603
v -0.08655590564012527 0.006000000052154064 0.04770386591553688
v -0.09529358148574829 -5.215405884939628e-11 0.04803895577788353
v -0.08655590564012527 0.006000000052154064 0.04770386591553688
v -0.07637044042348862 -5.215405884939628e-11 0.047313254326581955
v -0.07637044042348862 -5.215405884939628e-11 0.047313254326581955
v -0.08655590564012527 0.006000000052154064 0.04770386591553688
v -0.07994487136602402 0.006000000052154064 0.04745033383369446
v -0.07637044042348862 -5.215405884939628e-11 0.047313254326581955
v -0.07994487136602402 0.006000000052154064 0.04745033383369446
v -0.07637044042348862 0.006000000052154064 0.047313254326581955
v -0.0648624449968338 -5.215405884939628e-11 0.030994698405265808
v -0.055982816964387894 -5.215405884939628e-11 0.02694731578230858
v -0.055982816964387894 0.006000000052154064 0.02694731578230858
v -0.0959731936454773 0.006000000052154064 0.045175157487392426
v -0.0959731936454773 -5.215405884939628e-11 0.045175157487392426
v -0.08632443845272064 0.006000000052154064 0.04077719897031784
v -0.08632443845272064 0.006000000052154064 0.04077719897031784
v -0.0959731936454773 -5.215405884939628e-11 0.045175157487392426
v -0.08144011348485947 -5.215405884939628e-11 0.03855089470744133
v -0.055982816964387894 0.006000000052154064 0.02694731578230858
v -0.061765361577272415 0.006000000052154064 0.029583031311631203
v -0.0648624449968338 -5.215405884939628e-11 0.030994698405265808
v -0.0648624449968338 -5.215405884939628e-11 0.030994698405265808
v -0.061765361577272415 0.006000000052154064 0.029583031311631203
v -0.07361303269863129 0.006000000052154064 0.03498326614499092
v -0.0648624449968338 -5.215405884939628e-11 0.030994698405265808
v -0.07361303269863129 0.006000000052154064 0.03498326614499092
v -0.07421023398637772 -5.215405884939628e-11 0.03525547310709953
v -0.07421023398637772 -5.215405884939628e-11 0.03525547310709953
v -0.07361303269863129 0.006000000052154064 0.03498326614499092
v -0.07421023398637772 0.006000000052154064 0.03525547310709953
v -0.07421023398637772 -5.215405884939628e-11 0.03525547310709953
v -0.07421023398637772 0.006000000052154064 0.03525547310709953
v -0.08144011348485947 -5.215405884939628e-11 0.03855089470744133
v -0.08144011348485947 -5.215405884939628e-11 0.03855089470744133
v -0.07421023398637772 0.006000000052154064 0.03525547310709953
v -0.08144011348485947 0.006000000052154064 0.03855089470744133
v -0.08144011348485947 -5.215405884939628e-11 0.03855089470744133
v -0.08144011348485947 0.006000000052154064 0.03855089470744133
v -0.08632443845272064 0.006000000052154064 0.04077719897031784
v -0.07546938955783844 0.006000000052154064 0.046968135982751846
v -0.05440215393900871 0.006000000052154064 0.029465999454259872
v -0.07546938955783844 -5.215405884939628e-11 0.046968135982751846
v -0.07546938955783844 -5.215405884939628e-11 0.046968135982751846
v -0.05440215393900871 0.006000000052154064 0.029465999454259872
v -0.05440215393900871 -5.215405884939628e-11 0.029465999454259872
v -0.10433198511600494 0.006000000052154064 0.06553661078214645
v -0.10433198511600494 -5.215405884939628e-11 0.06553661078214645
v -0.10522639751434326 -5.215405884939628e-11 0.061978138983249664
v -0.10433198511600494 0.006000000052154064 0.06553661078214645
v -0.10522639751434326 -5.215405884939628e-11 0.061978138983249664
v -0.10522639751434326 0.006000000052154064 0.061978138983249664
v -0.10522639751434326 0.006000000052154064 0.061978138983249664
v -0.10522639751434326 -5.215405884939628e-11 0.061978138983249664
v -0.10707949846982956 -5.215405884939628e-11 0.05881131812930107
v -0.10522639751434326 0.006000000052154064 0.061978138983249664
v -0.10707949846982956 -5.215405884939628e-11 0.05881131812930107
v -0.10707949846982956 0.006000000052154064 0.05881131812930107
v -0.10707949846982956 0.006000000052154064 0.05881131812930107
v -0.10707949846982956 -5.215405884939628e-11 0.05881131812930107
v -0.10974365472793579 -5.215405884939628e-11 0.056288424879312515
v -0.10707949846982956 0.006000000052154064 0.05881131812930107
v -0.10974365472793579 -5.215405884939628e-11 0.056288424879312515
v -0.10974365472793579 0.006000000052154064 0.056288424879312515
v -0.08423350006341934 -5.215405884939628e-11 0.05261847749352455
v -0.08423350006341934 0.006000000052154064 0.05261847749352455
v -0.08697088062763214 -5.215405884939628e-11 0.05272345617413521
v -0.08697088062763214 -5.215405884939628e-11 0.05272345617413521
v -0.08423350006341934 0.006000000052154064 0.05261847749352455
v -0.08524269610643387 0.006000000052154064 0.05265717953443527
v -0.08697088062763214 -5.215405884939628e-11 0.05272345617413521
v -0.08524269610643387 0.006000000052154064 0.05265717953443527
v -0.09622126817703247 -5.215405884939628e-11 0.05307820811867714
v -0.09622126817703247 -5.215405884939628e-11 0.05307820811867714
v -0.08524269610643387 0.006000000052154064 0.05265717953443527
v -0.09185373038053513 0.006000000052154064 0.052910711616277695
v -0.10893376916646957 0.006000000052154064 0.05356573313474655
v -0.10893376916646957 -5.215405884939628e-11 0.05356573313474655
v -0.10868242383003235 0.006000000052154064 0.05355609208345413
v -0.10868242383003235 0.006000000052154064 0.05355609208345413
v -0.10893376916646957 -5.215405884939628e-11 0.05356573313474655
v -0.10868242383003235 -5.215405884939628e-11 0.05355609208345413
v -0.10868242383003235 0.006000000052154064 0.05355609208345413
v -0.10868242383003235 -5.215405884939628e-11 0.05355609208345413
v -0.1037474274635315 0.006000000052154064 0.05336683616042137
v -0.1037474274635315 0.006000000052154064 0.05336683616042137
v -0.10868242383003235 -5.215405884939628e-11 0.05355609208345413
v -0.1037474274635315 -5.215405884939628e-11 0.05336683616042137
v -0.1037474274635315 0.006000000052154064 0.05336683616042137
v -0.1037474274635315 -5.215405884939628e-11 0.05336683616042137
v -0.09894673526287079 0.006000000052154064 0.053182728588581085
v -0.09894673526287079 0.006000000052154064 0.053182728588581085
v -0.1037474274635315 -5.215405884939628e-11 0.05336683616042137
v -0.09622126817703247 -5.215405884939628e-11 0.05307820811867714
v -0.09894673526287079 0.006000000052154064 0.053182728588581085
v -0.09622126817703247 -5.215405884939628e-11 0.05307820811867714
v -0.09622126817703247 0.006000000052154064 0.05307820811867714
v -0.09622126817703247 0.006000000052154064 0.05307820811867714
v -0.09622126817703247 -5.215405884939628e-11 0.05307820811867714
v -0.09185373038053513 0.006000000052154064 0.052910711616277695
v -0.1005081757903099 0.006000000052154064 0.06555840373039246
v -0.08341024816036224 0.006000000052154064 0.05540717765688896
v -0.1005081757903099 -5.215405884939628e-11 0.06555840373039246
v -0.1005081757903099 -5.215405884939628e-11 0.06555840373039246
v -0.08341024816036224 0.006000000052154064 0.05540717765688896
v -0.08341024816036224 -5.215405884939628e-11 0.05540717765688896
v -0.10196492075920105 0.006000000052154064 0.0665980726480484
v -0.1006176769733429 0.006000000052154064 0.06563004851341248
v -0.10196492075920105 -5.215405884939628e-11 0.0665980726480484
v -0.10196492075920105 -5.215405884939628e-11 0.0665980726480484
v -0.1006176769733429 0.006000000052154064 0.06563004851341248
v -0.1006176769733429 -5.215405884939628e-11 0.06563004851341248
v -0.010564669035375118 -5.215405884939628e-11 0.0075754690915346146
v -0.009206169284880161 -5.215405884939628e-11 0.009178590960800648
v -0.010564669035375118 0.006000000052154064 0.0075754690915346146
v -0.010564669035375118 0.006000000052154064 0.0075754690915346146
v -0.009206169284880161 -5.215405884939628e-11 0.009178590960800648
v -0.009206169284880161 0.006000000052154064 0.009178590960800648
v -0.009502648375928402 -5.215405884939628e-11 0.011527463793754578
v -0.04740961641073227 -5.215405884939628e-11 0.03403322771191597
v -0.009502648375928402 0.006000000052154064 0.011527463793754578
v -0.009502648375928402 0.006000000052154064 0.011527463793754578
v -0.04740961641073227 -5.215405884939628e-11 0.03403322771191597
v -0.04740961641073227 0.006000000052154064 0.03403322771191597
v -0.028582097962498665 0.006000000052154064 0.014515695162117481
v -0.049133919179439545 0.006000000052154064 0.03158964216709137
v -0.028582097962498665 -5.215405884939628e-11 0.014515695162117481
v -0.028582097962498665 -5.215405884939628e-11 0.014515695162117481
v -0.049133919179439545 0.006000000052154064 0.03158964216709137
v -0.049133919179439545 -5.215405884939628e-11 0.03158964216709137
v -0.012405798770487309 0.006000000052154064 0.00708466162905097
v -0.028245696797966957 0.006000000052154064 0.014304578304290771
v -0.012405798770487309 -5.215405884939628e-11 0.00708466162905097
v -0.012405798770487309 -5.215405884939628e-11 0.00708466162905097
v -0.028245696797966957 0.006000000052154064 0.014304578304290771
v -0.028245696797966957 -5.215405884939628e-11 0.014304578304290771
v -0.15633505582809448 -5.215405884939628e-11 0.10420844703912735
v -0.15748384594917297 -5.215405884939628e-11 0.10328416526317596
v -0.15633505582809448 0.006000000052154064 0.10420844703912735
v -0.15633505582809448 0.006000000052154064 0.10420844703912735
v -0.15748384594917297 -5.215405884939628e-11 0.10328416526317596
v -0.15748384594917297 0.006000000052154064 0.10328416526317596
v -0.1460966318845749 0.006000000052154064 0.08962671458721161
v -0.1576627790927887 0.006000000052154064 0.10099422186613083
v -0.1460966318845749 -5.215405884939628e-11 0.08962671458721161
v -0.1460966318845749 -5.215405884939628e-11 0.08962671458721161
v -0.1576627790927887 0.006000000052154064 0.10099422186613083
v -0.1576627790927887 -5.215405884939628e-11 0.10099422186613083
v -0.1410902589559555 0.006000000052154064 0.092580646276474
v -0.1439753919839859 0.006000000052154064 0.08964508771896362
v -0.1410902589559555 -5.215405884939628e-11 0.092580646276474
v -0.1410902589559555 -5.215405884939628e-11 0.092580646276474
v -0.1439753919839859 0.006000000052154064 0.08964508771896362
v -0.1439753919839859 -5.215405884939628e-11 0.08964508771896362
v -0.1412847936153412 -5.215405884939628e-11 0.09485023468732834
v -0.15445472300052643 -5.215405884939628e-11 0.10431311279535294
v -0.1412847936153412 0.006000000052154064 0.09485023468732834
v -0.1412847936153412 0.006000000052154064 0.09485023468732834
v -0.15445472300052643 -5.215405884939628e-11 0.10431311279535294
v -0.15445472300052643 0.006000000052154064 0.10431311279535294
v -0.04740961641073227 0.006000000052154064 0.03403322771191597
v -0.04740961641073227 -5.215405884939628e-11 0.03403322771191597
v -0.04811776429414749 0.006000000052154064 0.03424231335520744
v -0.04811776429414749 0.006000000052154064 0.03424231335520744
v -0.04740961641073227 -5.215405884939628e-11 0.03403322771191597
v -0.04811776429414749 -5.215405884939628e-11 0.03424231335520744
v -0.04811776429414749 0.006000000052154064 0.03424231335520744
v -0.04811776429414749 -5.215405884939628e-11 0.03424231335520744
v -0.04883987456560135 0.006000000052154064 0.03408821299672127
v -0.04883987456560135 0.006000000052154064 0.03408821299672127
v -0.04811776429414749 -5.215405884939628e-11 0.03424231335520744
v -0.04883987456560135 -5.215405884939628e-11 0.03408821299672127
v -0.04883987456560135 0.006000000052154064 0.03408821299672127
v -0.04883987456560135 -5.215405884939628e-11 0.03408821299672127
v -0.049400974065065384 0.006000000052154064 0.03360825031995773
v -0.049400974065065384 0.006000000052154064 0.03360825031995773
v -0.04883987456560135 -5.215405884939628e-11 0.03408821299672127
v -0.049400974065065384 -5.215405884939628e-11 0.03360825031995773
v -0.049400974065065384 0.006000000052154064 0.03360825031995773
v -0.049400974065065384 -5.215405884939628e-11 0.03360825031995773
v -0.04966510459780693 0.006000000052154064 0.032918740063905716
v -0.04966510459780693 0.006000000052154064 0.032918740063905716
v -0.049400974065065384 -5.215405884939628e-11 0.03360825031995773
v -0.04966510459780693 -5.215405884939628e-11 0.032918740063905716
v -0.04966510459780693 0.006000000052154064 0.032918740063905716
v -0.04966510459780693 -5.215405884939628e-11 0.032918740063905716
v -0.04956826567649841 0.006000000052154064 0.03218675032258034
v -0.04956826567649841 0.006000000052154064 0.03218675032258034
v -0.04966510459780693 -5.215405884939628e-11 0.032918740063905716
v -0.04956826567649841 -5.215405884939628e-11 0.03218675032258034
v -0.04956826567649841 0.006000000052154064 0.03218675032258034
v -0.04956826567649841 -5.215405884939628e-11 0.03218675032258034
v -0.049133919179439545 0.006000000052154064 0.03158964216709137
v -0.049133919179439545 0.006000000052154064 0.03158964216709137
v -0.04956826567649841 -5.215405884939628e-11 0.03218675032258034
v -0.049133919179439545 -5.215405884939628e-11 0.03158964216709137
v -0.028245696797966957 -5.215405884939628e-11 0.014304578304290771
v -0.028245696797966957 0.006000000052154064 0.014304578304290771
v -0.028582097962498665 -5.215405884939628e-11 0.014515695162117481
v -0.028582097962498665 -5.215405884939628e-11 0.014515695162117481
v -0.028245696797966957 0.006000000052154064 0.014304578304290771
v -0.028582097962498665 0.006000000052154064 0.014515695162117481
v -0.055982816964387894 0.006000000052154064 0.02694731578230858
v -0.055982816964387894 -5.215405884939628e-11 0.02694731578230858
v -0.05528321862220764 0.006000000052154064 0.026814216747879982
v -0.05528321862220764 0.006000000052154064 0.026814216747879982
v -0.055982816964387894 -5.215405884939628e-11 0.02694731578230858
v -0.05528321862220764 -5.215405884939628e-11 0.026814216747879982
v -0.05528321862220764 0.006000000052154064 0.026814216747879982
v -0.05528321862220764 -5.215405884939628e-11 0.026814216747879982
v -0.05460108071565628 0.006000000052154064 0.027018768712878227
v -0.05460108071565628 0.006000000052154064 0.027018768712878227
v -0.05528321862220764 -5.215405884939628e-11 0.026814216747879982
v -0.05460108071565628 -5.215405884939628e-11 0.027018768712878227
v -0.05460108071565628 0.006000000052154064 0.027018768712878227
v -0.05460108071565628 -5.215405884939628e-11 0.027018768712878227
v -0.054090164601802826 0.006000000052154064 0.02751486748456955
v -0.054090164601802826 0.006000000052154064 0.02751486748456955
v -0.05460108071565628 -5.215405884939628e-11 0.027018768712878227
v -0.054090164601802826 -5.215405884939628e-11 0.02751486748456955
v -0.054090164601802826 0.006000000052154064 0.02751486748456955
v -0.054090164601802826 -5.215405884939628e-11 0.02751486748456955
v -0.053865619003772736 0.006000000052154064 0.02819068729877472
v -0.053865619003772736 0.006000000052154064 0.02819068729877472
v -0.054090164601802826 -5.215405884939628e-11 0.02751486748456955
v -0.053865619003772736 -5.215405884939628e-11 0.02819068729877472
v -0.053865619003772736 0.006000000052154064 0.02819068729877472
v -0.053865619003772736 -5.215405884939628e-11 0.02819068729877472
v -0.05397806689143181 0.006000000052154064 0.02889390103518963
v -0.05397806689143181 0.006000000052154064 0.02889390103518963
v -0.053865619003772736 -5.215405884939628e-11 0.02819068729877472
v -0.05397806689143181 -5.215405884939628e-11 0.02889390103518963
v -0.05397806689143181 0.006000000052154064 0.02889390103518963
v -0.05397806689143181 -5.215405884939628e-11 0.02889390103518963
v -0.05440215393900871 0.006000000052154064 0.029465999454259872
v -0.05440215393900871 0.006000000052154064 0.029465999454259872
v -0.05397806689143181 -5.215405884939628e-11 0.02889390103518963
v -0.05440215393900871 -5.215405884939628e-11 0.029465999454259872
v -0.09529358148574829 0.006000000052154064 0.04803895577788353
v -0.09529358148574829 -5.215405884939628e-11 0.04803895577788353
v -0.09596322476863861 0.006000000052154064 0.047909460961818695
v -0.09596322476863861 0.006000000052154064 0.047909460961818695
v -0.09529358148574829 -5.215405884939628e-11 0.04803895577788353
v -0.09596322476863861 -5.215405884939628e-11 0.047909460961818695
v -0.09596322476863861 0.006000000052154064 0.047909460961818695
v -0.09596322476863861 -5.215405884939628e-11 0.047909460961818695
v -0.09650629758834839 0.006000000052154064 0.04749684035778046
v -0.09650629758834839 0.006000000052154064 0.04749684035778046
v -0.09596322476863861 -5.215405884939628e-11 0.047909460961818695
v -0.09650629758834839 -5.215405884939628e-11 0.04749684035778046
v -0.09650629758834839 0.006000000052154064 0.04749684035778046
v -0.09650629758834839 -5.215405884939628e-11 0.04749684035778046
v -0.09681053459644318 0.006000000052154064 0.04688640683889389
v -0.09681053459644318 0.006000000052154064 0.04688640683889389
v -0.09650629758834839 -5.215405884939628e-11 0.04749684035778046
v -0.09681053459644318 -5.215405884939628e-11 0.04688640683889389
v -0.09681053459644318 0.006000000052154064 0.04688640683889389
v -0.09681053459644318 -5.215405884939628e-11 0.04688640683889389
v -0.09681301563978195 0.006000000052154064 0.04620436206459999
v -0.09681301563978195 0.006000000052154064 0.04620436206459999
v -0.09681053459644318 -5.215405884939628e-11 0.04688640683889389
v -0.09681301563978195 -5.215405884939628e-11 0.04620436206459999
v -0.09681301563978195 0.006000000052154064 0.04620436206459999
v -0.09681301563978195 -5.215405884939628e-11 0.04620436206459999
v -0.09651324898004532 0.006000000052154064 0.045591726899147034
v -0.09651324898004532 0.006000000052154064 0.045591726899147034
v -0.09681301563978195 -5.215405884939628e-11 0.04620436206459999
v -0.09651324898004532 -5.215405884939628e-11 0.045591726899147034
v -0.09651324898004532 0.006000000052154064 0.045591726899147034
v -0.09651324898004532 -5.215405884939628e-11 0.045591726899147034
v -0.0959731936454773 0.006000000052154064 0.045175157487392426
v -0.0959731936454773 0.006000000052154064 0.045175157487392426
v -0.09651324898004532 -5.215405884939628e-11 0.045591726899147034
v -0.0959731936454773 -5.215405884939628e-11 0.045175157487392426
v -0.10974365472793579 0.006000000052154064 0.056288424879312515
v -0.10974365472793579 -5.215405884939628e-11 0.056288424879312515
v -0.11022242903709412 0.006000000052154064 0.05572635680437088
v -0.11022242903709412 0.006000000052154064 0.05572635680437088
v -0.10974365472793579 -5.215405884939628e-11 0.056288424879312515
v -0.11022242903709412 -5.215405884939628e-11 0.05572635680437088
v -0.11022242903709412 0.006000000052154064 0.05572635680437088
v -0.11022242903709412 -5.215405884939628e-11 0.05572635680437088
v -0.1103750541806221 0.006000000052154064 0.05500396341085434
v -0.1103750541806221 0.006000000052154064 0.05500396341085434
v -0.11022242903709412 -5.215405884939628e-11 0.05572635680437088
v -0.1103750541806221 -5.215405884939628e-11 0.05500396341085434
v -0.1103750541806221 0.006000000052154064 0.05500396341085434
v -0.1103750541806221 -5.215405884939628e-11 0.05500396341085434
v -0.11016454547643661 0.006000000052154064 0.05429627001285553
v -0.11016454547643661 0.006000000052154064 0.05429627001285553
v -0.1103750541806221 -5.215405884939628e-11 0.05500396341085434
v -0.11016454547643661 -5.215405884939628e-11 0.05429627001285553
v -0.11016454547643661 0.006000000052154064 0.05429627001285553
v -0.11016454547643661 -5.215405884939628e-11 0.05429627001285553
v -0.1096419095993042 0.006000000052154064 0.05377473682165146
v -0.1096419095993042 0.006000000052154064 0.05377473682165146
v -0.11016454547643661 -5.215405884939628e-11 0.05429627001285553
v -0.1096419095993042 -5.215405884939628e-11 0.05377473682165146
v -0.1096419095993042 0.006000000052154064 0.05377473682165146
v -0.1096419095993042 -5.215405884939628e-11 0.05377473682165146
v -0.10893376916646957 0.006000000052154064 0.05356573313474655
v -0.10893376916646957 0.006000000052154064 0.05356573313474655
v -0.1096419095993042 -5.215405884939628e-11 0.05377473682165146
v -0.10893376916646957 -5.215405884939628e-11 0.05356573313474655
v -0.08423350006341934 0.006000000052154064 0.05261847749352455
v -0.08423350006341934 -5.215405884939628e-11 0.05261847749352455
v -0.0835886299610138 0.006000000052154064 0.05273716524243355
v -0.0835886299610138 0.006000000052154064 0.05273716524243355
v -0.08423350006341934 -5.215405884939628e-11 0.05261847749352455
v -0.0835886299610138 -5.215405884939628e-11 0.05273716524243355
v -0.0835886299610138 0.006000000052154064 0.05273716524243355
v -0.0835886299610138 -5.215405884939628e-11 0.05273716524243355
v -0.0830560028553009 0.006000000052154064 0.05311959236860275
v -0.0830560028553009 0.006000000052154064 0.05311959236860275
v -0.0835886299610138 -5.215405884939628e-11 0.05273716524243355
v -0.0830560028553009 -5.215405884939628e-11 0.05311959236860275
v -0.0830560028553009 0.006000000052154064 0.05311959236860275
v -0.0830560028553009 -5.215405884939628e-11 0.05311959236860275
v -0.08273739367723465 0.006000000052154064 0.05369267985224724
v -0.08273739367723465 0.006000000052154064 0.05369267985224724
v -0.0830560028553009 -5.215405884939628e-11 0.05311959236860275
v -0.08273739367723465 -5.215405884939628e-11 0.05369267985224724
v -0.08273739367723465 0.006000000052154064 0.05369267985224724
v -0.08273739367723465 -5.215405884939628e-11 0.05369267985224724
v -0.0826936811208725 0.006000000052154064 0.05434691905975342
v -0.0826936811208725 0.006000000052154064 0.05434691905975342
v -0.08273739367723465 -5.215405884939628e-11 0.05369267985224724
v -0.0826936811208725 -5.215405884939628e-11 0.05434691905975342
v -0.0826936811208725 0.006000000052154064 0.05434691905975342
v -0.0826936811208725 -5.215405884939628e-11 0.05434691905975342
v -0.0829332247376442 0.006000000052154064 0.054957300424575806
v -0.0829332247376442 0.006000000052154064 0.054957300424575806
v -0.0826936811208725 -5.215405884939628e-11 0.05434691905975342
v -0.0829332247376442 -5.215405884939628e-11 0.054957300424575806
v -0.0829332247376442 0.006000000052154064 0.054957300424575806
v -0.0829332247376442 -5.215405884939628e-11 0.054957300424575806
v -0.08341024816036224 0.006000000052154064 0.05540717765688896
v -0.08341024816036224 0.006000000052154064 0.05540717765688896
v -0.0829332247376442 -5.215405884939628e-11 0.054957300424575806
v -0.08341024816036224 -5.215405884939628e-11 0.05540717765688896
v -0.07637044042348862 -5.215405884939628e-11 0.047313254326581955
v -0.07637044042348862 0.006000000052154064 0.047313254326581955
v -0.0758914053440094 -5.215405884939628e-11 0.04721512272953987
v -0.0758914053440094 -5.215405884939628e-11 0.04721512272953987
v -0.07637044042348862 0.006000000052154064 0.047313254326581955
v -0.0758914053440094 0.006000000052154064 0.04721512272953987
v -0.0758914053440094 -5.215405884939628e-11 0.04721512272953987
v -0.0758914053440094 0.006000000052154064 0.04721512272953987
v -0.07546938955783844 -5.215405884939628e-11 0.046968135982751846
v -0.07546938955783844 -5.215405884939628e-11 0.046968135982751846
v -0.0758914053440094 0.006000000052154064 0.04721512272953987
v -0.07546938955783844 0.006000000052154064 0.046968135982751846
v -0.15445472300052643 0.006000000052154064 0.10431311279535294
v -0.15445472300052643 -5.215405884939628e-11 0.10431311279535294
v -0.1550753116607666 0.006000000052154064 0.10457317531108856
v -0.1550753116607666 0.006000000052154064 0.10457317531108856
v -0.15445472300052643 -5.215405884939628e-11 0.10431311279535294
v -0.1550753116607666 -5.215405884939628e-11 0.10457317531108856
v -0.1550753116607666 0.006000000052154064 0.10457317531108856
v -0.1550753116607666 -5.215405884939628e-11 0.10457317531108856
v -0.1557471603155136 0.006000000052154064 0.1045357808470726
v -0.1557471603155136 0.006000000052154064 0.1045357808470726
v -0.1550753116607666 -5.215405884939628e-11 0.10457317531108856
v -0.1557471603155136 -5.215405884939628e-11 0.1045357808470726
v -0.1557471603155136 0.006000000052154064 0.1045357808470726
v -0.1557471603155136 -5.215405884939628e-11 0.1045357808470726
v -0.15633505582809448 0.006000000052154064 0.10420844703912735
v -0.15633505582809448 0.006000000052154064 0.10420844703912735
v -0.1557471603155136 -5.215405884939628e-11 0.1045357808470726
v -0.15633505582809448 -5.215405884939628e-11 0.10420844703912735
v -0.15748384594917297 0.006000000052154064 0.10328416526317596
v -0.15748384594917297 -5.215405884939628e-11 0.10328416526317596
v -0.15791751444339752 0.006000000052154064 0.10280152410268784
v -0.15791751444339752 0.006000000052154064 0.10280152410268784
v -0.15748384594917297 -5.215405884939628e-11 0.10328416526317596
v -0.15791751444339752 -5.215405884939628e-11 0.10280152410268784
v -0.15791751444339752 0.006000000052154064 0.10280152410268784
v -0.15791751444339752 -5.215405884939628e-11 0.10280152410268784
v -0.15810678899288177 0.006000000052154064 0.10218087583780289
v -0.15810678899288177 0.006000000052154064 0.10218087583780289
v -0.15791751444339752 -5.215405884939628e-11 0.10280152410268784
v -0.15810678899288177 -5.215405884939628e-11 0.10218087583780289
v -0.15810678899288177 0.006000000052154064 0.10218087583780289
v -0.15810678899288177 -5.215405884939628e-11 0.10218087583780289
v -0.15801621973514557 0.006000000052154064 0.10153836756944656
v -0.15801621973514557 0.006000000052154064 0.10153836756944656
v -0.15810678899288177 -5.215405884939628e-11 0.10218087583780289
v -0.15801621973514557 -5.215405884939628e-11 0.10153836756944656
v -0.15801621973514557 0.006000000052154064 0.10153836756944656
v -0.15801621973514557 -5.215405884939628e-11 0.10153836756944656
v -0.1576627790927887 0.006000000052154064 0.10099422186613083
v -0.1576627790927887 0.006000000052154064 0.10099422186613083
v -0.15801621973514557 -5.215405884939628e-11 0.10153836756944656
v -0.1576627790927887 -5.215405884939628e-11 0.10099422186613083
v -0.1460966318845749 0.006000000052154064 0.08962671458721161
v -0.1460966318845749 -5.215405884939628e-11 0.08962671458721161
v -0.1454208642244339 0.006000000052154064 0.08924432843923569
v -0.1454208642244339 0.006000000052154064 0.08924432843923569
v -0.1460966318845749 -5.215405884939628e-11 0.08962671458721161
v -0.1454208642244339 -5.215405884939628e-11 0.08924432843923569
v -0.1454208642244339 0.006000000052154064 0.08924432843923569
v -0.1454208642244339 -5.215405884939628e-11 0.08924432843923569
v -0.14464443922042847 0.006000000052154064 0.08925104886293411
v -0.14464443922042847 0.006000000052154064 0.08925104886293411
v -0.1454208642244339 -5.215405884939628e-11 0.08924432843923569
v -0.14464443922042847 -5.215405884939628e-11 0.08925104886293411
v -0.14464443922042847 0.006000000052154064 0.08925104886293411
v -0.14464443922042847 -5.215405884939628e-11 0.08925104886293411
v -0.1439753919839859 0.006000000052154064 0.08964508771896362
v -0.1439753919839859 0.006000000052154064 0.08964508771896362
v -0.14464443922042847 -5.215405884939628e-11 0.08925104886293411
v -0.1439753919839859 -5.215405884939628e-11 0.08964508771896362
v -0.1412847936153412 -5.215405884939628e-11 0.09485023468732834
v -0.1412847936153412 0.006000000052154064 0.09485023468732834
v -0.1408558189868927 -5.215405884939628e-11 0.09437300264835358
v -0.1408558189868927 -5.215405884939628e-11 0.09437300264835358
v -0.1412847936153412 0.006000000052154064 0.09485023468732834
v -0.1408558189868927 0.006000000052154064 0.09437300264835358
v -0.1408558189868927 -5.215405884939628e-11 0.09437300264835358
v -0.1408558189868927 0.006000000052154064 0.09437300264835358
v -0.14066554605960846 -5.215405884939628e-11 0.0937601774930954
v -0.14066554605960846 -5.215405884939628e-11 0.0937601774930954
v -0.1408558189868927 0.006000000052154064 0.09437300264835358
v -0.14066554605960846 0.006000000052154064 0.0937601774930954
v -0.14066554605960846 -5.215405884939628e-11 0.0937601774930954
v -0.14066554605960846 0.006000000052154064 0.0937601774930954
v -0.1407487541437149 -5.215405884939628e-11 0.0931239128112793
v -0.1407487541437149 -5.215405884939628e-11 0.0931239128112793
v -0.14066554605960846 0.006000000052154064 0.0937601774930954
v -0.1407487541437149 0.006000000052154064 0.0931239128112793
v -0.1407487541437149 -5.215405884939628e-11 0.0931239128112793
v -0.1407487541437149 0.006000000052154064 0.0931239128112793
v -0.1410902589559555 -5.215405884939628e-11 0.092580646276474
v -0.1410902589559555 -5.215405884939628e-11 0.092580646276474
v -0.1407487541437149 0.006000000052154064 0.0931239128112793
v -0.1410902589559555 0.006000000052154064 0.092580646276474
v -0.1005081757903099 -5.215405884939628e-11 0.06555840373039246
v -0.1006176769733429 -5.215405884939628e-11 0.06563004851341248
v -0.1005081757903099 0.006000000052154064 0.06555840373039246
v -0.1005081757903099 0.006000000052154064 0.06555840373039246
v -0.1006176769733429 -5.215405884939628e-11 0.06563004851341248
v -0.1006176769733429 0.006000000052154064 0.06563004851341248
v -0.10196492075920105 0.006000000052154064 0.0665980726480484
v -0.10196492075920105 -5.215405884939628e-11 0.0665980726480484
v -0.10268931835889816 0.006000000052154064 0.06687230616807938
v -0.10268931835889816 0.006000000052154064 0.06687230616807938
v -0.10196492075920105 -5.215405884939628e-11 0.0665980726480484
v -0.10268931835889816 -5.215405884939628e-11 0.06687230616807938
v -0.10268931835889816 0.006000000052154064 0.06687230616807938
v -0.10268931835889816 -5.215405884939628e-11 0.06687230616807938
v -0.10345394909381866 0.006000000052154064 0.06674860417842865
v -0.10345394909381866 0.006000000052154064 0.06674860417842865
v -0.10268931835889816 -5.215405884939628e-11 0.06687230616807938
v -0.10345394909381866 -5.215405884939628e-11 0.06674860417842865
v -0.10345394909381866 0.006000000052154064 0.06674860417842865
v -0.10345394909381866 -5.215405884939628e-11 0.06674860417842865
v -0.10405492037534714 0.006000000052154064 0.06625993549823761
v -0.10405492037534714 0.006000000052154064 0.06625993549823761
v -0.10345394909381866 -5.215405884939628e-11 0.06674860417842865
v -0.10405492037534714 -5.215405884939628e-11 0.06625993549823761
v -0.10405492037534714 0.006000000052154064 0.06625993549823761
v -0.10405492037534714 -5.215405884939628e-11 0.06625993549823761
v -0.10433198511600494 0.006000000052154064 0.06553661078214645
v -0.10433198511600494 0.006000000052154064 0.06553661078214645
v -0.10405492037534714 -5.215405884939628e-11 0.06625993549823761
v -0.10433198511600494 -5.215405884939628e-11 0.06553661078214645
v -0.012405798770487309 0.006000000052154064 0.00708466162905097
v -0.012405798770487309 -5.215405884939628e-11 0.00708466162905097
v -0.011736991815268993 0.006000000052154064 0.006950290873646736
v -0.011736991815268993 0.006000000052154064 0.006950290873646736
v -0.012405798770487309 -5.215405884939628e-11 0.00708466162905097
v -0.011736991815268993 -5.215405884939628e-11 0.006950290873646736
v -0.011736991815268993 0.006000000052154064 0.006950290873646736
v -0.011736991815268993 -5.215405884939628e-11 0.006950290873646736
v -0.011077837087213993 0.006000000052154064 0.007126005832105875
v -0.011077837087213993 0.006000000052154064 0.007126005832105875
v -0.011736991815268993 -5.215405884939628e-11 0.006950290873646736
v -0.011077837087213993 -5.215405884939628e-11 0.007126005832105875
v -0.011077837087213993 0.006000000052154064 0.007126005832105875
v -0.011077837087213993 -5.215405884939628e-11 0.007126005832105875
v -0.010564669035375118 0.006000000052154064 0.0075754690915346146
v -0.010564669035375118 0.006000000052154064 0.0075754690915346146
v -0.011077837087213993 -5.215405884939628e-11 0.007126005832105875
v -0.010564669035375118 -5.215405884939628e-11 0.0075754690915346146
v -0.12267253547906876 0.006000000052154064 0.07871469110250473
v -0.12267253547906876 -5.215405884939628e-11 0.07871469110250473
v -0.1220753937959671 0.006000000052154064 0.07920803129673004
v -0.1220753937959671 0.006000000052154064 0.07920803129673004
v -0.12267253547906876 -5.215405884939628e-11 0.07871469110250473
v -0.1220753937959671 -5.215405884939628e-11 0.07920803129673004
v -0.1220753937959671 0.006000000052154064 0.07920803129673004
v -0.1220753937959671 -5.215405884939628e-11 0.07920803129673004
v -0.12180399149656296 0.006000000052154064 0.07993349432945251
v -0.12180399149656296 0.006000000052154064 0.07993349432945251
v -0.1220753937959671 -5.215405884939628e-11 0.07920803129673004
v -0.12180399149656296 -5.215405884939628e-11 0.07993349432945251
v -0.12180399149656296 0.006000000052154064 0.07993349432945251
v -0.12180399149656296 -5.215405884939628e-11 0.07993349432945251
v -0.12193068116903305 0.006000000052154064 0.08069763332605362
v -0.12193068116903305 0.006000000052154064 0.08069763332605362
v -0.12180399149656296 -5.215405884939628e-11 0.07993349432945251
v -0.12193068116903305 -5.215405884939628e-11 0.08069763332605362
v -0.12193068116903305 0.006000000052154064 0.08069763332605362
v -0.12193068116903305 -5.215405884939628e-11 0.08069763332605362
v -0.12242168933153152 0.006000000052154064 0.08129669725894928
v -0.12242168933153152 0.006000000052154064 0.08129669725894928
v -0.12193068116903305 -5.215405884939628e-11 0.08069763332605362
v -0.12242168933153152 -5.215405884939628e-11 0.08129669725894928
v -0.13388867676258087 0.006000000052154064 0.08953597396612167
v -0.13388867676258087 -5.215405884939628e-11 0.08953597396612167
v -0.13453878462314606 0.006000000052154064 0.08980081975460052
v -0.13453878462314606 0.006000000052154064 0.08980081975460052
v -0.13388867676258087 -5.215405884939628e-11 0.08953597396612167
v -0.13453878462314606 -5.215405884939628e-11 0.08980081975460052
v -0.13453878462314606 0.006000000052154064 0.08980081975460052
v -0.13453878462314606 -5.215405884939628e-11 0.08980081975460052
v -0.13523821532726288 0.006000000052154064 0.08974087238311768
v -0.13523821532726288 0.006000000052154064 0.08974087238311768
v -0.13453878462314606 -5.215405884939628e-11 0.08980081975460052
v -0.13523821532726288 -5.215405884939628e-11 0.08974087238311768
v -0.13523821532726288 0.006000000052154064 0.08974087238311768
v -0.13523821532726288 -5.215405884939628e-11 0.08974087238311768
v -0.1358337551355362 0.006000000052154064 0.08936925232410431
v -0.1358337551355362 0.006000000052154064 0.08936925232410431
v -0.13523821532726288 -5.215405884939628e-11 0.08974087238311768
v -0.1358337551355362 -5.215405884939628e-11 0.08936925232410431
v -0.13967779278755188 -5.215405884939628e-11 0.08331810683012009
v -0.13967779278755188 0.006000000052154064 0.08331810683012009
v -0.140071839094162 -5.215405884939628e-11 0.08398715406656265
v -0.140071839094162 -5.215405884939628e-11 0.08398715406656265
v -0.13967779278755188 0.006000000052154064 0.08331810683012009
v -0.140071839094162 0.006000000052154064 0.08398715406656265
v -0.140071839094162 -5.215405884939628e-11 0.08398715406656265
v -0.140071839094162 0.006000000052154064 0.08398715406656265
v -0.1400785595178604 -5.215405884939628e-11 0.08476357907056808
v -0.1400785595178604 -5.215405884939628e-11 0.08476357907056808
v -0.140071839094162 0.006000000052154064 0.08398715406656265
v -0.1400785595178604 0.006000000052154064 0.08476357907056808
v -0.1400785595178604 -5.215405884939628e-11 0.08476357907056808
v -0.1400785595178604 0.006000000052154064 0.08476357907056808
v -0.1396961659193039 -5.215405884939628e-11 0.08543934673070908
v -0.1396961659193039 -5.215405884939628e-11 0.08543934673070908
v -0.1400785595178604 0.006000000052154064 0.08476357907056808
v -0.1396961659193039 0.006000000052154064 0.08543934673070908
v -0.13025127351284027 0.006000000052154064 0.07405347377061844
v -0.13025127351284027 -5.215405884939628e-11 0.07405347377061844
v -0.12970109283924103 0.006000000052154064 0.07370950281620026
v -0.12970109283924103 0.006000000052154064 0.07370950281620026
v -0.13025127351284027 -5.215405884939628e-11 0.07405347377061844
v -0.12970109283924103 -5.215405884939628e-11 0.07370950281620026
v -0.12970109283924103 0.006000000052154064 0.07370950281620026
v -0.12970109283924103 -5.215405884939628e-11 0.07370950281620026
v -0.1290571093559265 0.006000000052154064 0.07363008707761765
v -0.1290571093559265 0.006000000052154064 0.07363008707761765
v -0.12970109283924103 -5.215405884939628e-11 0.07370950281620026
v -0.1290571093559265 -5.215405884939628e-11 0.07363008707761765
v -0.1290571093559265 0.006000000052154064 0.07363008707761765
v -0.1290571093559265 -5.215405884939628e-11 0.07363008707761765
v -0.12843982875347137 0.006000000052154064 0.07383006811141968
v -0.12843982875347137 0.006000000052154064 0.07383006811141968
v -0.1290571093559265 -5.215405884939628e-11 0.07363008707761765
v -0.12843982875347137 -5.215405884939628e-11 0.07383006811141968
v -0.12843982875347137 0.006000000052154064 0.07383006811141968
v -0.12843982875347137 -5.215405884939628e-11 0.07383006811141968
v -0.1279647797346115 0.006000000052154064 0.0742720365524292
v -0.1279647797346115 0.006000000052154064 0.0742720365524292
v -0.12843982875347137 -5.215405884939628e-11 0.07383006811141968
v -0.1279647797346115 -5.215405884939628e-11 0.0742720365524292
v -0.009206169284880161 0.006000000052154064 0.009178590960800648
v -0.009206169284880161 -5.215405884939628e-11 0.009178590960800648
v -0.00884894747287035 0.006000000052154064 0.009752767160534859
v -0.00884894747287035 0.006000000052154064 0.009752767160534859
v -0.009206169284880161 -5.215405884939628e-11 0.009178590960800648
v -0.00884894747287035 -5.215405884939628e-11 0.009752767160534859
v -0.00884894747287035 0.006000000052154064 0.009752767160534859
v -0.00884894747287035 -5.215405884939628e-11 0.009752767160534859
v -0.008780227042734623 0.006000000052154064 0.010425501503050327
v -0.008780227042734623 0.006000000052154064 0.010425501503050327
v -0.00884894747287035 -5.215405884939628e-11 0.009752767160534859
v -0.008780227042734623 -5.215405884939628e-11 0.010425501503050327
v -0.008780227042734623 0.006000000052154064 0.010425501503050327
v -0.008780227042734623 -5.215405884939628e-11 0.010425501503050327
v -0.00901395920664072 0.006000000052154064 0.011060052551329136
v -0.00901395920664072 0.006000000052154064 0.011060052551329136
v -0.008780227042734623 -5.215405884939628e-11 0.010425501503050327
v -0.00901395920664072 -5.215405884939628e-11 0.011060052551329136
v -0.00901395920664072 0.006000000052154064 0.011060052551329136
v -0.00901395920664072 -5.215405884939628e-11 0.011060052551329136
v -0.009502648375928402 0.006000000052154064 0.011527463793754578
v -0.009502648375928402 0.006000000052154064 0.011527463793754578
v -0.00901395920664072 -5.215405884939628e-11 0.011060052551329136
v -0.009502648375928402 -5.215405884939628e-11 0.011527463793754578
v 0.006308608688414097 0.004999999888241291 0.00641883397474885
v 0.006308608688414097 0.006000000052154064 0.00641883397474885
v 0.008568975143134594 0.004999999888241291 0.00275184353813529
v 0.008568975143134594 0.004999999888241291 0.00275184353813529
v 0.006308608688414097 0.006000000052154064 0.00641883397474885
v 0.008568975143134594 0.006000000052154064 0.00275184353813529
v 0.008568975143134594 0.004999999888241291 0.00275184353813529
v 0.008568975143134594 0.006000000052154064 0.00275184353813529
v 0.008866296149790287 0.004999999888241291 -0.0015455614775419235
v 0.008866296149790287 0.004999999888241291 -0.0015455614775419235
v 0.008568975143134594 0.006000000052154064 0.00275184353813529
v 0.008866296149790287 0.006000000052154064 -0.0015455614775419235
v 0.008866296149790287 0.004999999888241291 -0.0015455614775419235
v 0.008866296149790287 0.006000000052154064 -0.0015455614775419235
v 0.00713245989754796 0.004999999888241291 -0.005488906987011433
v 0.00713245989754796 0.004999999888241291 -0.005488906987011433
v 0.008866296149790287 0.006000000052154064 -0.0015455614775419235
v 0.00713245989754796 0.006000000052154064 -0.005488906987011433
v 0.00713245989754796 0.004999999888241291 -0.005488906987011433
v 0.00713245989754796 0.006000000052154064 -0.005488906987011433
v 0.003764662891626358 0.004999999888241291 -0.008174804039299488
v 0.003764662891626358 0.004999999888241291 -0.008174804039299488
v 0.00713245989754796 0.006000000052154064 -0.005488906987011433
v 0.003764662891626358 0.006000000052154064 -0.008174804039299488
v 0.003764662891626358 0.004999999888241291 -0.008174804039299488
v 0.003764662891626358 0.006000000052154064 -0.008174804039299488
v -0.00046558401663787663 0.004999999888241291 -0.008987946435809135
v -0.00046558401663787663 0.004999999888241291 -0.008987946435809135
v 0.003764662891626358 0.006000000052154064 -0.008174804039299488
v -0.00046558401663787663 0.006000000052154064 -0.008987946435809135
v -0.00046558401663787663 0.004999999888241291 -0.008987946435809135
v -0.00046558401663787663 0.006000000052154064 -0.008987946435809135
v -0.00458916462957859 0.004999999888241291 -0.0077420626766979694
v -0.00458916462957859 0.004999999888241291 -0.0077420626766979694
v -0.00046558401663787663 0.006000000052154064 -0.008987946435809135
v -0.00458916462957859 0.006000000052154064 -0.0077420626766979694
v -0.00458916462957859 0.004999999888241291 -0.0077420626766979694
v -0.00458916462957859 0.006000000052154064 -0.0077420626766979694
v -0.007661415264010429 0.004999999888241291 -0.0047225733287632465
v -0.007661415264010429 0.004999999888241291 -0.0047225733287632465
v -0.00458916462957859 0.006000000052154064 -0.0077420626766979694
v -0.007661415264010429 0.006000000052154064 -0.0047225733287632465
v -0.007661415264010429 0.004999999888241291 -0.0047225733287632465
v -0.007661415264010429 0.006000000052154064 -0.0047225733287632465
v -0.008978535421192646 0.004999999888241291 -0.0006211912259459496
v -0.008978535421192646 0.004999999888241291 -0.0006211912259459496
v -0.007661415264010429 0.006000000052154064 -0.0047225733287632465
v -0.008978535421192646 0.006000000052154064 -0.0006211912259459496
v -0.008978535421192646 0.004999999888241291 -0.0006211912259459496
v -0.008978535421192646 0.006000000052154064 -0.0006211912259459496
v -0.008238782174885273 0.004999999888241291 0.0036225002259016037
v -0.008238782174885273 0.004999999888241291 0.0036225002259016037
v -0.008978535421192646 0.006000000052154064 -0.0006211912259459496
v -0.008238782174885273 0.006000000052154064 0.0036225002259016037
v -0.008238782174885273 0.004999999888241291 0.0036225002259016037
v -0.008238782174885273 0.006000000052154064 0.0036225002259016037
v -0.005611620843410492 0.004999999888241291 0.007036313880234957
v -0.005611620843410492 0.004999999888241291 0.007036313880234957
v -0.008238782174885273 0.006000000052154064 0.0036225002259016037
v -0.005611620843410492 0.006000000052154064 0.007036313880234957
v -0.005611620843410492 0.004999999888241291 0.007036313880234957
v -0.005611620843410492 0.006000000052154064 0.007036313880234957
v -0.0016989039722830057 0.004999999888241291 0.008838197216391563
v -0.0016989039722830057 0.004999999888241291 0.008838197216391563
v -0.005611620843410492 0.006000000052154064 0.007036313880234957
v -0.0016989039722830057 0.006000000052154064 0.008838197216391563
v -0.0016989039722830057 0.004999999888241291 0.008838197216391563
v -0.0016989039722830057 0.006000000052154064 0.008838197216391563
v 0.0026030060835182667 0.004999999888241291 0.00861535593867302
v 0.0026030060835182667 0.004999999888241291 0.00861535593867302
v -0.0016989039722830057 0.006000000052154064 0.008838197216391563
v 0.0026030060835182667 0.006000000052154064 0.00861535593867302
v 0.0026030060835182667 0.004999999888241291 0.00861535593867302
v 0.0026030060835182667 0.006000000052154064 0.00861535593867302
v 0.006308608688414097 0.004999999888241291 0.00641883397474885
v 0.006308608688414097 0.004999999888241291 0.00641883397474885
v 0.0026030060835182667 0.006000000052154064 0.00861535593867302
v 0.006308608688414097 0.006000000052154064 0.00641883397474885
v -0.00046558401663787663 0.004999999888241291 -0.008987946435809135
v -0.00458916462957859 0.004999999888241291 -0.0077420626766979694
v -0.002102864207699895 0.004999999888241291 -0.0021396169904619455
v -0.002102864207699895 0.004999999888241291 -0.0021396169904619455
v -0.00458916462957859 0.004999999888241291 -0.0077420626766979694
v -0.007661415264010429 0.004999999888241291 -0.0047225733287632465
v -0.002102864207699895 0.004999999888241291 -0.0021396169904619455
v -0.007661415264010429 0.004999999888241291 -0.0047225733287632465
v -0.0028909461107105017 0.004999999888241291 -0.0008015205385163426
v -0.0028909461107105017 0.004999999888241291 -0.0008015205385163426
v -0.007661415264010429 0.004999999888241291 -0.0047225733287632465
v -0.008978535421192646 0.004999999888241291 -0.0006211912259459496
v -0.0028909461107105017 0.004999999888241291 -0.0008015205385163426
v -0.008978535421192646 0.004999999888241291 -0.0006211912259459496
v -0.0029043902177363634 0.004999999888241291 0.000751327199395746
v -0.0029043902177363634 0.004999999888241291 0.000751327199395746
v -0.008978535421192646 0.004999999888241291 -0.0006211912259459496
v -0.008238782174885273 0.004999999888241291 0.0036225002259016037
v -0.0029043902177363634 0.004999999888241291 0.000751327199395746
v -0.008238782174885273 0.004999999888241291 0.0036225002259016037
v -0.002139613963663578 0.004999999888241291 0.0021028679329901934
v -0.002139613963663578 0.004999999888241291 0.0021028679329901934
v -0.008238782174885273 0.004999999888241291 0.0036225002259016037
v -0.005611620843410492 0.004999999888241291 0.007036313880234957
v -0.002139613963663578 0.004999999888241291 0.0021028679329901934
v -0.005611620843410492 0.004999999888241291 0.007036313880234957
v -0.0008015226921997964 0.004999999888241291 0.0028909393586218357
v -0.0008015226921997964 0.004999999888241291 0.0028909393586218357
v -0.005611620843410492 0.004999999888241291 0.007036313880234957
v -0.0016989039722830057 0.004999999888241291 0.008838197216391563
v -0.0008015226921997964 0.004999999888241291 0.0028909393586218357
v -0.0016989039722830057 0.004999999888241291 0.008838197216391563
v 0.0007513275486417115 0.004999999888241291 0.002904396504163742
v 0.0007513275486417115 0.004999999888241291 0.002904396504163742
v -0.0016989039722830057 0.004999999888241291 0.008838197216391563
v 0.0026030060835182667 0.004999999888241291 0.00861535593867302
v 0.0007513275486417115 0.004999999888241291 0.002904396504163742
v 0.0026030060835182667 0.004999999888241291 0.00861535593867302
v 0.002102873520925641 0.004999999888241291 0.0021396097727119923
v 0.002102873520925641 0.004999999888241291 0.0021396097727119923
v 0.0026030060835182667 0.004999999888241291 0.00861535593867302
v 0.006308608688414097 0.004999999888241291 0.00641883397474885
v 0.002102873520925641 0.004999999888241291 0.0021396097727119923
v 0.006308608688414097 0.004999999888241291 0.00641883397474885
v 0.0028909449465572834 0.004999999888241291 0.0008015237981453538
v 0.0028909449465572834 0.004999999888241291 0.0008015237981453538
v 0.006308608688414097 0.004999999888241291 0.00641883397474885
v 0.008568975143134594 0.004999999888241291 0.00275184353813529
v 0.0028909449465572834 0.004999999888241291 0.0008015237981453538
v 0.008568975143134594 0.004999999888241291 0.00275184353813529
v 0.0029043969698250294 0.004999999888241291 -0.0007513370364904404
v 0.0029043969698250294 0.004999999888241291 -0.0007513370364904404
v 0.008568975143134594 0.004999999888241291 0.00275184353813529
v 0.008866296149790287 0.004999999888241291 -0.0015455614775419235
v 0.0029043969698250294 0.004999999888241291 -0.0007513370364904404
v 0.008866296149790287 0.004999999888241291 -0.0015455614775419235
v 0.0021396102383732796 0.004999999888241291 -0.0021028672344982624
v 0.0021396102383732796 0.004999999888241291 -0.0021028672344982624
v 0.008866296149790287 0.004999999888241291 -0.0015455614775419235
v 0.00713245989754796 0.004999999888241291 -0.005488906987011433
v 0.0021396102383732796 0.004999999888241291 -0.0021028672344982624
v 0.00713245989754796 0.004999999888241291 -0.005488906987011433
v 0.0008015295024961233 0.004999999888241291 -0.002890949137508869
v 0.0008015295024961233 0.004999999888241291 -0.002890949137508869
v 0.00713245989754796 0.004999999888241291 -0.005488906987011433
v 0.003764662891626358 0.004999999888241291 -0.008174804039299488
v 0.0008015295024961233 0.004999999888241291 -0.002890949137508869
v 0.003764662891626358 0.004999999888241291 -0.008174804039299488
v -0.0007513287127949297 0.004999999888241291 -0.002904393244534731
v -0.0007513287127949297 0.004999999888241291 -0.002904393244534731
v 0.003764662891626358 0.004999999888241291 -0.008174804039299488
v -0.00046558401663787663 0.004999999888241291 -0.008987946435809135
v -0.0007513287127949297 0.004999999888241291 -0.002904393244534731
v -0.00046558401663787663 0.004999999888241291 -0.008987946435809135
v -0.002102864207699895 0.004999999888241291 -0.0021396169904619455
v -0.17328433692455292 0.006000000052154064 0.11748119443655014
v -0.1706571727991104 0.006000000052154064 0.12089501321315765
v -0.1706571727991104 0.004999999888241291 0.12089501321315765
v -0.1706571727991104 0.004999999888241291 0.12089501321315765
v -0.1706571727991104 0.006000000052154064 0.12089501321315765
v -0.1669796258211136 0.006000000052154064 0.12264842540025711
v -0.1706571727991104 0.004999999888241291 0.12089501321315765
v -0.1669796258211136 0.006000000052154064 0.12264842540025711
v -0.16674445569515228 0.004999999888241291 0.1226968914270401
v -0.16674445569515228 0.004999999888241291 0.1226968914270401
v -0.1669796258211136 0.006000000052154064 0.12264842540025711
v -0.16674445569515228 0.006000000052154064 0.1226968914270401
v -0.16674445569515228 0.004999999888241291 0.1226968914270401
v -0.16674445569515228 0.006000000052154064 0.1226968914270401
v -0.16244253516197205 0.004999999888241291 0.1224740520119667
v -0.16244253516197205 0.004999999888241291 0.1224740520119667
v -0.16674445569515228 0.006000000052154064 0.1226968914270401
v -0.16244253516197205 0.006000000052154064 0.1224740520119667
v -0.16244253516197205 0.004999999888241291 0.1224740520119667
v -0.16244253516197205 0.006000000052154064 0.1224740520119667
v -0.1587369441986084 0.004999999888241291 0.120277538895607
v -0.1587369441986084 0.004999999888241291 0.120277538895607
v -0.16244253516197205 0.006000000052154064 0.1224740520119667
v -0.1587369441986084 0.006000000052154064 0.120277538895607
v -0.1587369441986084 0.004999999888241291 0.120277538895607
v -0.1587369441986084 0.006000000052154064 0.120277538895607
v -0.15647657215595245 0.004999999888241291 0.11661054193973541
v -0.15647657215595245 0.004999999888241291 0.11661054193973541
v -0.1587369441986084 0.006000000052154064 0.120277538895607
v -0.15647657215595245 0.006000000052154064 0.11661054193973541
v -0.15647657215595245 0.004999999888241291 0.11661054193973541
v -0.15647657215595245 0.006000000052154064 0.11661054193973541
v -0.1561792492866516 0.004999999888241291 0.11231312900781631
v -0.1561792492866516 0.004999999888241291 0.11231312900781631
v -0.15647657215595245 0.006000000052154064 0.11661054193973541
v -0.1561792492866516 0.006000000052154064 0.11231312900781631
v -0.1561792492866516 0.004999999888241291 0.11231312900781631
v -0.1561792492866516 0.006000000052154064 0.11231312900781631
v -0.15791308879852295 0.004999999888241291 0.10836979001760483
v -0.15791308879852295 0.004999999888241291 0.10836979001760483
v -0.1561792492866516 0.006000000052154064 0.11231312900781631
v -0.15791308879852295 0.006000000052154064 0.10836979001760483
v -0.15791308879852295 0.004999999888241291 0.10836979001760483
v -0.15791308879852295 0.006000000052154064 0.10836979001760483
v -0.16128088533878326 0.004999999888241291 0.10568389296531677
v -0.16128088533878326 0.004999999888241291 0.10568389296531677
v -0.15791308879852295 0.006000000052154064 0.10836979001760483
v -0.16128088533878326 0.006000000052154064 0.10568389296531677
v -0.16128088533878326 0.004999999888241291 0.10568389296531677
v -0.16128088533878326 0.006000000052154064 0.10568389296531677
v -0.1655111312866211 0.004999999888241291 0.1048707440495491
v -0.1655111312866211 0.004999999888241291 0.1048707440495491
v -0.16128088533878326 0.006000000052154064 0.10568389296531677
v -0.1655111312866211 0.006000000052154064 0.1048707440495491
v -0.1655111312866211 0.004999999888241291 0.1048707440495491
v -0.1655111312866211 0.006000000052154064 0.1048707440495491
v -0.16963469982147217 0.004999999888241291 0.1061166301369667
v -0.16963469982147217 0.004999999888241291 0.1061166301369667
v -0.1655111312866211 0.006000000052154064 0.1048707440495491
v -0.16963469982147217 0.006000000052154064 0.1061166301369667
v -0.16963469982147217 0.004999999888241291 0.1061166301369667
v -0.16963469982147217 0.006000000052154064 0.1061166301369667
v -0.1727069616317749 0.004999999888241291 0.10913611948490143
v -0.1727069616317749 0.004999999888241291 0.10913611948490143
v -0.16963469982147217 0.006000000052154064 0.1061166301369667
v -0.1727069616317749 0.006000000052154064 0.10913611948490143
v -0.1727069616317749 0.004999999888241291 0.10913611948490143
v -0.1727069616317749 0.006000000052154064 0.10913611948490143
v -0.1740240901708603 0.004999999888241291 0.11323750764131546
v -0.1740240901708603 0.004999999888241291 0.11323750764131546
v -0.1727069616317749 0.006000000052154064 0.10913611948490143
v -0.1740240901708603 0.006000000052154064 0.11323750764131546
v -0.1740240901708603 0.004999999888241291 0.11323750764131546
v -0.1740240901708603 0.006000000052154064 0.11323750764131546
v -0.17328433692455292 0.004999999888241291 0.11748119443655014
v -0.17328433692455292 0.004999999888241291 0.11748119443655014
v -0.1740240901708603 0.006000000052154064 0.11323750764131546
v -0.17328433692455292 0.006000000052154064 0.11748119443655014
v -0.17328433692455292 0.004999999888241291 0.11748119443655014
v -0.17328433692455292 0.006000000052154064 0.11748119443655014
v -0.1706571727991104 0.004999999888241291 0.12089501321315765
v -0.1655111312866211 0.004999999888241291 0.1048707440495491
v -0.16963469982147217 0.004999999888241291 0.1061166301369667
v -0.1671484112739563 0.004999999888241291 0.11171908676624298
v -0.1671484112739563 0.004999999888241291 0.11171908676624298
v -0.16963469982147217 0.004999999888241291 0.1061166301369667
v -0.1727069616317749 0.004999999888241291 0.10913611948490143
v -0.1671484112739563 0.004999999888241291 0.11171908676624298
v -0.1727069616317749 0.004999999888241291 0.10913611948490143
v -0.16793648898601532 0.004999999888241291 0.11305716633796692
v -0.16793648898601532 0.004999999888241291 0.11305716633796692
v -0.1727069616317749 0.004999999888241291 0.10913611948490143
v -0.1740240901708603 0.004999999888241291 0.11323750764131546
v -0.16793648898601532 0.004999999888241291 0.11305716633796692
v -0.1740240901708603 0.004999999888241291 0.11323750764131546
v -0.16794994473457336 0.004999999888241291 0.11461003124713898
v -0.16794994473457336 0.004999999888241291 0.11461003124713898
v -0.1740240901708603 0.004999999888241291 0.11323750764131546
v -0.17328433692455292 0.004999999888241291 0.11748119443655014
v -0.16794994473457336 0.004999999888241291 0.11461003124713898
v -0.17328433692455292 0.004999999888241291 0.11748119443655014
v -0.16718515753746033 0.004999999888241291 0.11596156656742096
v -0.16718515753746033 0.004999999888241291 0.11596156656742096
v -0.17328433692455292 0.004999999888241291 0.11748119443655014
v -0.1706571727991104 0.004999999888241291 0.12089501321315765
v -0.16718515753746033 0.004999999888241291 0.11596156656742096
v -0.1706571727991104 0.004999999888241291 0.12089501321315765
v -0.1658470779657364 0.004999999888241291 0.11674964427947998
v -0.1658470779657364 0.004999999888241291 0.11674964427947998
v -0.1706571727991104 0.004999999888241291 0.12089501321315765
v -0.16674445569515228 0.004999999888241291 0.1226968914270401
v -0.1658470779657364 0.004999999888241291 0.11674964427947998
v -0.16674445569515228 0.004999999888241291 0.1226968914270401
v -0.16429421305656433 0.004999999888241291 0.11676308512687683
v -0.16429421305656433 0.004999999888241291 0.11676308512687683
v -0.16674445569515228 0.004999999888241291 0.1226968914270401
v -0.16244253516197205 0.004999999888241291 0.1224740520119667
v -0.16429421305656433 0.004999999888241291 0.11676308512687683
v -0.16244253516197205 0.004999999888241291 0.1224740520119667
v -0.16294267773628235 0.004999999888241291 0.11599831283092499
v -0.16294267773628235 0.004999999888241291 0.11599831283092499
v -0.16244253516197205 0.004999999888241291 0.1224740520119667
v -0.1587369441986084 0.004999999888241291 0.120277538895607
v -0.16294267773628235 0.004999999888241291 0.11599831283092499
v -0.1587369441986084 0.004999999888241291 0.120277538895607
v -0.16215460002422333 0.004999999888241291 0.11466021835803986
v -0.16215460002422333 0.004999999888241291 0.11466021835803986
v -0.1587369441986084 0.004999999888241291 0.120277538895607
v -0.15647657215595245 0.004999999888241291 0.11661054193973541
v -0.16215460002422333 0.004999999888241291 0.11466021835803986
v -0.15647657215595245 0.004999999888241291 0.11661054193973541
v -0.16214115917682648 0.004999999888241291 0.11310736835002899
v -0.16214115917682648 0.004999999888241291 0.11310736835002899
v -0.15647657215595245 0.004999999888241291 0.11661054193973541
v -0.1561792492866516 0.004999999888241291 0.11231312900781631
v -0.16214115917682648 0.004999999888241291 0.11310736835002899
v -0.1561792492866516 0.004999999888241291 0.11231312900781631
v -0.16290593147277832 0.004999999888241291 0.11175582557916641
v -0.16290593147277832 0.004999999888241291 0.11175582557916641
v -0.1561792492866516 0.004999999888241291 0.11231312900781631
v -0.15791308879852295 0.004999999888241291 0.10836979001760483
v -0.16290593147277832 0.004999999888241291 0.11175582557916641
v -0.15791308879852295 0.004999999888241291 0.10836979001760483
v -0.16424402594566345 0.004999999888241291 0.11096775531768799
v -0.16424402594566345 0.004999999888241291 0.11096775531768799
v -0.15791308879852295 0.004999999888241291 0.10836979001760483
v -0.16128088533878326 0.004999999888241291 0.10568389296531677
v -0.16424402594566345 0.004999999888241291 0.11096775531768799
v -0.16128088533878326 0.004999999888241291 0.10568389296531677
v -0.16579687595367432 0.004999999888241291 0.11095429956912994
v -0.16579687595367432 0.004999999888241291 0.11095429956912994
v -0.16128088533878326 0.004999999888241291 0.10568389296531677
v -0.1655111312866211 0.004999999888241291 0.1048707440495491
v -0.16579687595367432 0.004999999888241291 0.11095429956912994
v -0.1655111312866211 0.004999999888241291 0.1048707440495491
v -0.1671484112739563 0.004999999888241291 0.11171908676624298
usemtl material_EDEDED
f 1 2 3
f 4 5 6
f 7 8 9
f 10 11 12
f 13 14 15
f 16 17 18
f 19 20 21
f 22 23 24
f 25 26 27
f 28 29 30
f 31 32 33
f 34 35 36
f 37 38 39
f 40 41 42
f 43 44 45
f 46 47 48
f 49 50 51
f 52 53 54
f 55 56 57
f 58 59 60
f 61 62 63
f 64 65 66
f 67 68 69
f 70 71 72
f 73 74 75
f 76 77 78
f 79 80 81
f 82 83 84
f 85 86 87
f 88 89 90
f 91 92 93
f 94 95 96
f 97 98 99
f 100 101 102
f 103 104 105
f 106 107 108
f 109 110 111
f 112 113 114
f 115 116 117
f 118 119 120
f 121 122 123
f 124 125 126
f 127 128 129
f 130 131 132
f 133 134 135
f 136 137 138
f 139 140 141
f 142 143 144
f 145 146 147
f 148 149 150
f 151 152 153
f 154 155 156
f 157 158 159
f 160 161 162
f 163 164 165
f 166 167 168
f 169 170 171
f 172 173 174
f 175 176 177
f 178 179 180
f 181 182 183
f 184 185 186
f 187 188 189
f 190 191 192
f 193 194 195
f 196 197 198
f 199 200 201
f 202 203 204
f 205 206 207
f 208 209 210
f 211 212 213
f 214 215 216
f 217 218 219
f 220 221 222
f 223 224 225
f 226 227 228
f 229 230 231
f 232 233 234
f 235 236 237
f 238 239 240
f 241 242 243
f 244 245 246
f 247 248 249
f 250 251 252
f 253 254 255
f 256 257 258
f 259 260 261
f 262 263 264
f 265 266 267
f 268 269 270
f 271 272 273
f 274 275 276
f 277 278 279
f 280 281 282
f 283 284 285
f 286 287 288
f 289 290 291
f 292 293 294
f 295 296 297
f 298 299 300
f 301 302 303
f 304 305 306
f 307 308 309
f 310 311 312
f 313 314 315
f 316 317 318
f 319 320 321
f 322 323 324
f 325 326 327
f 328 329 330
f 331 332 333
f 334 335 336
f 337 338 339
f 340 341 342
f 343 344 345
f 346 347 348
f 349 350 351
f 352 353 354
f 355 356 357
f 358 359 360
f 361 362 363
f 364 365 366
f 367 368 369
f 370 371 372
f 373 374 375
f 376 377 378
f 379 380 381
f 382 383 384
f 385 386 387
f 388 389 390
f 391 392 393
f 394 395 396
f 397 398 399
f 400 401 402
f 403 404 405
f 406 407 408
f 409 410 411
f 412 413 414
f 415 416 417
f 418 419 420
f 421 422 423
f 424 425 426
f 427 428 429
f 430 431 432
f 433 434 435
f 436 437 438
f 439 440 441
f 442 443 444
f 445 446 447
f 448 449 450
f 451 452 453
f 454 455 456
f 457 458 459
f 460 461 462
f 463 464 465
f 466 467 468
f 469 470 471
f 472 473 474
f 475 476 477
f 478 479 480
f 481 482 483
f 484 485 486
f 487 488 489
f 490 491 492
f 493 494 495
f 496 497 498
f 499 500 501
f 502 503 504
f 505 506 507
f 508 509 510
f 511 512 513
f 514 515 516
f 517 518 519
f 520 521 522
f 523 524 525
f 526 527 528
f 529 530 531
f 532 533 534
f 535 536 537
f 538 539 540
f 541 542 543
f 544 545 546
f 547 548 549
f 550 551 552
f 553 554 555
f 556 557 558
f 559 560 561
f 562 563 564
f 565 566 567
f 568 569 570
f 571 572 573
f 574 575 576
f 577 578 579
f 580 581 582
f 583 584 585
f 586 587 588
f 589 590 591
f 592 593 594
f 595 596 597
f 598 599 600
f 601 602 603
f 604 605 606
f 607 608 609
f 610 611 612
f 613 614 615
f 616 617 618
f 619 620 621
f 622 623 624
f 625 626 627
f 628 629 630
f 631 632 633
f 634 635 636
f 637 638 639
f 640 641 642
f 643 644 645
f 646 647 648
f 649 650 651
f 652 653 654
f 655 656 657
f 658 659 660
f 661 662 663
f 664 665 666
f 667 668 669
f 670 671 672
f 673 674 675
f 676 677 678
f 679 680 681
f 682 683 684
f 685 686 687
f 688 689 690
f 691 692 693
f 694 695 696
f 697 698 699
f 700 701 702
f 703 704 705
f 706 707 708
f 709 710 711
f 712 713 714
f 715 716 717
f 718 719 720
f 721 722 723
f 724 725 726
f 727 728 729
f 730 731 732
f 733 734 735
f 736 737 738
f 739 740 741
f 742 743 744
f 745 746 747
f 748 749 750
f 751 752 753
f 754 755 756
f 757 758 759
f 760 761 762
f 763 764 765
f 766 767 768
f 769 770 771
f 772 773 774
f 775 776 777
f 778 779 780
f 781 782 783
f 784 785 786
f 787 788 789
f 790 791 792
f 793 794 795
f 796 797 798
f 799 800 801
f 802 803 804
f 805 806 807
f 808 809 810
f 811 812 813
f 814 815 816
f 817 818 819
f 820 821 822
f 823 824 825
f 826 827 828
f 829 830 831
f 832 833 834
f 835 836 837
f 838 839 840
f 841 842 843
f 844 845 846
f 847 848 849
f 850 851 852
f 853 854 855
f 856 857 858
f 859 860 861
f 862 863 864
f 865 866 867
f 868 869 870
f 871 872 873
f 874 875 876
f 877 878 879
f 880 881 882
f 883 884 885
f 886 887 888
f 889 890 891
f 892 893 894
f 895 896 897
f 898 899 900
f 901 902 903
f 904 905 906
f 907 908 909
f 910 911 912
f 913 914 915
f 916 917 918
f 919 920 921
f 922 923 924
f 925 926 927
f 928 929 930
f 931 932 933
f 934 935 936
f 937 938 939
f 940 941 942
f 943 944 945
f 946 947 948
f 949 950 951
f 952 953 954
f 955 956 957
f 958 959 960
f 961 962 963
f 964 965 966
f 967 968 969
f 970 971 972
f 973 974 975
f 976 977 978
f 979 980 981
f 982 983 984
f 985 986 987
f 988 989 990
f 991 992 993
f 994 995 996
f 997 998 999
f 1000 1001 1002
f 1003 1004 1005
f 1006 1007 1008
f 1009 1010 1011
f 1012 1013 1014
f 1015 1016 1017
f 1018 1019 1020
f 1021 1022 1023
f 1024 1025 1026
f 1027 1028 1029
f 1030 1031 1032
f 1033 1034 1035
f 1036 1037 1038
f 1039 1040 1041
f 1042 1043 1044
f 1045 1046 1047
f 1048 1049 1050
f 1051 1052 1053
f 1054 1055 1056
f 1057 1058 1059
f 1060 1061 1062
f 1063 1064 1065
f 1066 1067 1068
f 1069 1070 1071
f 1072 1073 1074
f 1075 1076 1077
f 1078 1079 1080
f 1081 1082 1083
f 1084 1085 1086
f 1087 1088 1089
f 1090 1091 1092
f 1093 1094 1095
f 1096 1097 1098
f 1099 1100 1101
f 1102 1103 1104
f 1105 1106 1107
f 1108 1109 1110
f 1111 1112 1113
f 1114 1115 1116
f 1117 1118 1119
f 1120 1121 1122
f 1123 1124 1125
f 1126 1127 1128
f 1129 1130 1131
f 1132 1133 1134
f 1135 1136 1137
f 1138 1139 1140
f 1141 1142 1143
f 1144 1145 1146
f 1147 1148 1149
f 1150 1151 1152
f 1153 1154 1155
f 1156 1157 1158
f 1159 1160 1161
f 1162 1163 1164
f 1165 1166 1167
f 1168 1169 1170
f 1171 1172 1173
f 1174 1175 1176
f 1177 1178 1179
f 1180 1181 1182
f 1183 1184 1185
f 1186 1187 1188
f 1189 1190 1191
f 1192 1193 1194
f 1195 1196 1197
f 1198 1199 1200
f 1201 1202 1203
f 1204 1205 1206
f 1207 1208 1209
f 1210 1211 1212
f 1213 1214 1215
f 1216 1217 1218
f 1219 1220 1221
f 1222 1223 1224
f 1225 1226 1227
f 1228 1229 1230
f 1231 1232 1233
f 1234 1235 1236
f 1237 1238 1239
f 1240 1241 1242
f 1243 1244 1245
f 1246 1247 1248
f 1249 1250 1251
f 1252 1253 1254
f 1255 1256 1257
f 1258 1259 1260
f 1261 1262 1263
f 1264 1265 1266
f 1267 1268 1269
f 1270 1271 1272
f 1273 1274 1275
f 1276 1277 1278
f 1279 1280 1281
f 1282 1283 1284
f 1285 1286 1287
f 1288 1289 1290
f 1291 1292 1293
f 1294 1295 1296
f 1297 1298 1299
f 1300 1301 1302
f 1303 1304 1305
f 1306 1307 1308
f 1309 1310 1311
f 1312 1313 1314
f 1315 1316 1317
f 1318 1319 1320
f 1321 1322 1323
f 1324 1325 1326
f 1327 1328 1329
f 1330 1331 1332
f 1333 1334 1335
f 1336 1337 1338
f 1339 1340 1341
f 1342 1343 1344
f 1345 1346 1347
f 1348 1349 1350
f 1351 1352 1353
f 1354 1355 1356
f 1357 1358 1359
f 1360 1361 1362
f 1363 1364 1365
f 1366 1367 1368
f 1369 1370 1371
f 1372 1373 1374
f 1375 1376 1377
f 1378 1379 1380
f 1381 1382 1383
f 1384 1385 1386
f 1387 1388 1389
f 1390 1391 1392
f 1393 1394 1395
f 1396 1397 1398
f 1399 1400 1401
f 1402 1403 1404
f 1405 1406 1407
f 1408 1409 1410
f 1411 1412 1413
f 1414 1415 1416
f 1417 1418 1419
f 1420 1421 1422
f 1423 1424 1425
f 1426 1427 1428
f 1429 1430 1431
f 1432 1433 1434
f 1435 1436 1437
f 1438 1439 1440
f 1441 1442 1443
f 1444 1445 1446
f 1447 1448 1449
f 1450 1451 1452
f 1453 1454 1455
f 1456 1457 1458
f 1459 1460 1461
f 1462 1463 1464
f 1465 1466 1467
f 1468 1469 1470
f 1471 1472 1473
f 1474 1475 1476
f 1477 1478 1479
f 1480 1481 1482
f 1483 1484 1485
f 1486 1487 1488
f 1489 1490 1491
f 1492 1493 1494
f 1495 1496 1497
f 1498 1499 1500
f 1501 1502 1503
f 1504 1505 1506
f 1507 1508 1509
f 1510 1511 1512
f 1513 1514 1515
f 1516 1517 1518
f 1519 1520 1521
f 1522 1523 1524
f 1525 1526 1527
f 1528 1529 1530
f 1531 1532 1533
f 1534 1535 1536
f 1537 1538 1539
f 1540 1541 1542
f 1543 1544 1545
f 1546 1547 1548
f 1549 1550 1551
f 1552 1553 1554
f 1555 1556 1557
f 1558 1559 1560
f 1561 1562 1563
f 1564 1565 1566
f 1567 1568 1569
f 1570 1571 1572
f 1573 1574 1575
f 1576 1577 1578
f 1579 1580 1581
f 1582 1583 1584
f 1585 1586 1587
f 1588 1589 1590
f 1591 1592 1593
f 1594 1595 1596
f 1597 1598 1599
f 1600 1601 1602
f 1603 1604 1605
f 1606 1607 1608
f 1609 1610 1611
f 1612 1613 1614
f 1615 1616 1617
f 1618 1619 1620
f 1621 1622 1623
f 1624 1625 1626
f 1627 1628 1629
f 1630 1631 1632
f 1633 1634 1635
f 1636 1637 1638
f 1639 1640 1641
f 1642 1643 1644
f 1645 1646 1647
f 1648 1649 1650
f 1651 1652 1653
f 1654 1655 1656
f 1657 1658 1659
f 1660 1661 1662
f 1663 1664 1665
f 1666 1667 1668
f 1669 1670 1671
f 1672 1673 1674
f 1675 1676 1677
f 1678 1679 1680
f 1681 1682 1683
f 1684 1685 1686
f 1687 1688 1689
f 1690 1691 1692
f 1693 1694 1695
f 1696 1697 1698
f 1699 1700 1701
f 1702 1703 1704
f 1705 1706 1707
f 1708 1709 1710
f 1711 1712 1713
f 1714 1715 1716
f 1717 1718 1719
f 1720 1721 1722
f 1723 1724 1725
f 1726 1727 1728
f 1729 1730 1731
f 1732 1733 1734
f 1735 1736 1737
f 1738 1739 1740
f 1741 1742 1743
f 1744 1745 1746
f 1747 1748 1749
f 1750 1751 1752
f 1753 1754 1755
f 1756 1757 1758
f 1759 1760 1761
f 1762 1763 1764
f 1765 1766 1767
f 1768 1769 1770
f 1771 1772 1773
f 1774 1775 1776
f 1777 1778 1779
f 1780 1781 1782
f 1783 1784 1785
f 1786 1787 1788
f 1789 1790 1791
f 1792 1793 1794
f 1795 1796 1797
f 1798 1799 1800
f 1801 1802 1803
f 1804 1805 1806
f 1807 1808 1809
f 1810 1811 1812
f 1813 1814 1815
f 1816 1817 1818
f 1819 1820 1821
f 1822 1823 1824
f 1825 1826 1827
f 1828 1829 1830
f 1831 1832 1833
f 1834 1835 1836
f 1837 1838 1839
f 1840 1841 1842
f 1843 1844 1845
f 1846 1847 1848
f 1849 1850 1851
f 1852 1853 1854
f 1855 1856 1857
f 1858 1859 1860
f 1861 1862 1863
f 1864 1865 1866
f 1867 1868 1869
f 1870 1871 1872
f 1873 1874 1875
f 1876 1877 1878
f 1879 1880 1881
f 1882 1883 1884
f 1885 1886 1887
f 1888 1889 1890
f 1891 1892 1893
f 1894 1895 1896
f 1897 1898 1899
f 1900 1901 1902
f 1903 1904 1905
f 1906 1907 1908
f 1909 1910 1911
f 1912 1913 1914
f 1915 1916 1917
f 1918 1919 1920
f 1921 1922 1923
f 1924 1925 1926
f 1927 1928 1929
f 1930 1931 1932
f 1933 1934 1935
f 1936 1937 1938
f 1939 1940 1941
f 1942 1943 1944
f 1945 1946 1947
f 1948 1949 1950
f 1951 1952 1953
f 1954 1955 1956
f 1957 1958 1959
f 1960 1961 1962
f 1963 1964 1965
f 1966 1967 1968
f 1969 1970 1971
f 1972 1973 1974
f 1975 1976 1977
f 1978 1979 1980
f 1981 1982 1983
f 1984 1985 1986
f 1987 1988 1989
f 1990 1991 1992
f 1993 1994 1995
f 1996 1997 1998
f 1999 2000 2001
f 2002 2003 2004
f 2005 2006 2007
f 2008 2009 2010
f 2011 2012 2013
f 2014 2015 2016
f 2017 2018 2019
f 2020 2021 2022
f 2023 2024 2025
f 2026 2027 2028
f 2029 2030 2031
f 2032 2033 2034
f 2035 2036 2037
f 2038 2039 2040
f 2041 2042 2043
f 2044 2045 2046
f 2047 2048 2049
f 2050 2051 2052
f 2053 2054 2055
f 2056 2057 2058
f 2059 2060 2061
f 2062 2063 2064
f 2065 2066 2067
f 2068 2069 2070
f 2071 2072 2073
f 2074 2075 2076
f 2077 2078 2079
f 2080 2081 2082
f 2083 2084 2085
f 2086 2087 2088
f 2089 2090 2091
f 2092 2093 2094
f 2095 2096 2097
f 2098 2099 2100
f 2101 2102 2103
f 2104 2105 2106
f 2107 2108 2109
f 2110 2111 2112
f 2113 2114 2115
f 2116 2117 2118
f 2119 2120 2121
f 2122 2123 2124
f 2125 2126 2127
f 2128 2129 2130
f 2131 2132 2133
f 2134 2135 2136
f 2137 2138 2139
f 2140 2141 2142
f 2143 2144 2145
f 2146 2147 2148
f 2149 2150 2151
f 2152 2153 2154
f 2155 2156 2157
f 2158 2159 2160
f 2161 2162 2163
f 2164 2165 2166
f 2167 2168 2169
f 2170 2171 2172
f 2173 2174 2175
f 2176 2177 2178
f 2179 2180 2181
f 2182 2183 2184
f 2185 2186 2187
f 2188 2189 2190
f 2191 2192 2193
f 2194 2195 2196
f 2197 2198 2199
f 2200 2201 2202
f 2203 2204 2205
f 2206 2207 2208
f 2209 2210 2211
f 2212 2213 2214
f 2215 2216 2217
f 2218 2219 2220
f 2221 2222 2223
f 2224 2225 2226
f 2227 2228 2229
f 2230 2231 2232
f 2233 2234 2235
f 2236 2237 2238
f 2239 2240 2241
f 2242 2243 2244
f 2245 2246 2247
f 2248 2249 2250
f 2251 2252 2253
f 2254 2255 2256
f 2257 2258 2259
f 2260 2261 2262
f 2263 2264 2265
f 2266 2267 2268
f 2269 2270 2271
f 2272 2273 2274
f 2275 2276 2277
f 2278 2279 2280
f 2281 2282 2283
f 2284 2285 2286
f 2287 2288 2289
f 2290 2291 2292
f 2293 2294 2295
f 2296 2297 2298
f 2299 2300 2301
f 2302 2303 2304
f 2305 2306 2307
f 2308 2309 2310
f 2311 2312 2313
f 2314 2315 2316
f 2317 2318 2319
f 2320 2321 2322
f 2323 2324 2325
f 2326 2327 2328
f 2329 2330 2331
f 2332 2333 2334
f 2335 2336 2337
f 2338 2339 2340
f 2341 2342 2343
f 2344 2345 2346
f 2347 2348 2349
f 2350 2351 2352
f 2353 2354 2355
f 2356 2357 2358
f 2359 2360 2361
f 2362 2363 2364
f 2365 2366 2367
f 2368 2369 2370
f 2371 2372 2373
f 2374 2375 2376
f 2377 2378 2379
f 2380 2381 2382
f 2383 2384 2385
f 2386 2387 2388
f 2389 2390 2391
f 2392 2393 2394
f 2395 2396 2397
f 2398 2399 2400
f 2401 2402 2403
f 2404 2405 2406
f 2407 2408 2409
f 2410 2411 2412
f 2413 2414 2415
f 2416 2417 2418
f 2419 2420 2421
f 2422 2423 2424
f 2425 2426 2427
f 2428 2429 2430
f 2431 2432 2433
f 2434 2435 2436
f 2437 2438 2439
f 2440 2441 2442
f 2443 2444 2445
f 2446 2447 2448
f 2449 2450 2451
f 2452 2453 2454
f 2455 2456 2457
f 2458 2459 2460
f 2461 2462 2463
f 2464 2465 2466
f 2467 2468 2469
f 2470 2471 2472
f 2473 2474 2475
f 2476 2477 2478
f 2479 2480 2481
f 2482 2483 2484
f 2485 2486 2487
f 2488 2489 2490
f 2491 2492 2493
f 2494 2495 2496
f 2497 2498 2499
f 2500 2501 2502
f 2503 2504 2505
f 2506 2507 2508
f 2509 2510 2511
f 2512 2513 2514
f 2515 2516 2517
f 2518 2519 2520
f 2521 2522 2523
f 2524 2525 2526
f 2527 2528 2529
f 2530 2531 2532
f 2533 2534 2535
f 2536 2537 2538
f 2539 2540 2541
f 2542 2543 2544
f 2545 2546 2547
f 2548 2549 2550
f 2551 2552 2553
f 2554 2555 2556
f 2557 2558 2559
f 2560 2561 2562
f 2563 2564 2565
f 2566 2567 2568
f 2569 2570 2571
f 2572 2573 2574
f 2575 2576 2577
f 2578 2579 2580
f 2581 2582 2583
f 2584 2585 2586
f 2587 2588 2589
f 2590 2591 2592
f 2593 2594 2595
f 2596 2597 2598
f 2599 2600 2601
f 2602 2603 2604
f 2605 2606 2607
f 2608 2609 2610
f 2611 2612 2613
f 2614 2615 2616
f 2617 2618 2619
f 2620 2621 2622
f 2623 2624 2625
f 2626 2627 2628
f 2629 2630 2631
f 2632 2633 2634
f 2635 2636 2637
f 2638 2639 2640
f 2641 2642 2643
f 2644 2645 2646
f 2647 2648 2649
f 2650 2651 2652
f 2653 2654 2655
f 2656 2657 2658
f 2659 2660 2661
f 2662 2663 2664
f 2665 2666 2667
f 2668 2669 2670
f 2671 2672 2673
f 2674 2675 2676
f 2677 2678 2679
f 2680 2681 2682
f 2683 2684 2685
f 2686 2687 2688
f 2689 2690 2691
f 2692 2693 2694
f 2695 2696 2697
f 2698 2699 2700
f 2701 2702 2703
f 2704 2705 2706
f 2707 2708 2709
f 2710 2711 2712
f 2713 2714 2715
f 2716 2717 2718
f 2719 2720 2721
f 2722 2723 2724
f 2725 2726 2727
f 2728 2729 2730
f 2731 2732 2733
f 2734 2735 2736
f 2737 2738 2739
f 2740 2741 2742
f 2743 2744 2745
f 2746 2747 2748
f 2749 2750 2751
f 2752 2753 2754
f 2755 2756 2757
f 2758 2759 2760
f 2761 2762 2763
f 2764 2765 2766
f 2767 2768 2769
f 2770 2771 2772
f 2773 2774 2775
f 2776 2777 2778
f 2779 2780 2781
f 2782 2783 2784
f 2785 2786 2787
f 2788 2789 2790
f 2791 2792 2793
f 2794 2795 2796
f 2797 2798 2799
f 2800 2801 2802
f 2803 2804 2805
f 2806 2807 2808
f 2809 2810 2811
f 2812 2813 2814
f 2815 2816 2817
f 2818 2819 2820
f 2821 2822 2823
f 2824 2825 2826
f 2827 2828 2829
f 2830 2831 2832
f 2833 2834 2835
f 2836 2837 2838
f 2839 2840 2841
f 2842 2843 2844
f 2845 2846 2847
f 2848 2849 2850
f 2851 2852 2853
f 2854 2855 2856
f 2857 2858 2859
f 2860 2861 2862
f 2863 2864 2865
f 2866 2867 2868
f 2869 2870 2871
f 2872 2873 2874
f 2875 2876 2877
f 2878 2879 2880
f 2881 2882 2883
f 2884 2885 2886
f 2887 2888 2889
f 2890 2891 2892
f 2893 2894 2895
f 2896 2897 2898
f 2899 2900 2901
f 2902 2903 2904
f 2905 2906 2907
f 2908 2909 2910
f 2911 2912 2913
f 2914 2915 2916
f 2917 2918 2919
f 2920 2921 2922
f 2923 2924 2925
f 2926 2927 2928
f 2929 2930 2931
f 2932 2933 2934
f 2935 2936 2937
f 2938 2939 2940
f 2941 2942 2943
f 2944 2945 2946
f 2947 2948 2949
f 2950 2951 2952
f 2953 2954 2955
f 2956 2957 2958
f 2959 2960 2961
f 2962 2963 2964
