mtllib wheelbipeV14_2_right_rear2_link_visuals_right_rear2_link_node_STL_BINARY__mesh.mtl
v 0.2132398933172226 0.001199999707750976 -0.10308448225259781
v 0.2132398933172226 0.012000000104308128 -0.10308448225259781
v 0.22211112082004547 0.001199999707750976 -0.10352488607168198
v 0.22211112082004547 0.001199999707750976 -0.10352488607168198
v 0.2132398933172226 0.012000000104308128 -0.10308448225259781
v 0.22211112082004547 0.012000000104308128 -0.10352488607168198
v 0.22211112082004547 0.001199999707750976 -0.10352488607168198
v 0.22211112082004547 0.012000000104308128 -0.10352488607168198
v 0.23008519411087036 0.001199999707750976 -0.10743727535009384
v 0.23008519411087036 0.001199999707750976 -0.10743727535009384
v 0.22211112082004547 0.012000000104308128 -0.10352488607168198
v 0.23008519411087036 0.012000000104308128 -0.10743727535009384
v 0.23008519411087036 0.001199999707750976 -0.10743727535009384
v 0.23008519411087036 0.012000000104308128 -0.10743727535009384
v 0.23586232960224152 0.001199999707750976 -0.1141839399933815
v 0.23586232960224152 0.001199999707750976 -0.1141839399933815
v 0.23008519411087036 0.012000000104308128 -0.10743727535009384
v 0.23586232960224152 0.012000000104308128 -0.1141839399933815
v 0.23586232960224152 0.001199999707750976 -0.1141839399933815
v 0.23586232960224152 0.012000000104308128 -0.1141839399933815
v 0.23850084841251373 0.001199999707750976 -0.1226651668548584
v 0.23850084841251373 0.001199999707750976 -0.1226651668548584
v 0.23586232960224152 0.012000000104308128 -0.1141839399933815
v 0.23850084841251373 0.012000000104308128 -0.1226651668548584
v 0.23850084841251373 0.001199999707750976 -0.1226651668548584
v 0.23850084841251373 0.012000000104308128 -0.1226651668548584
v 0.2375706285238266 0.001199999707750976 -0.13149847090244293
v 0.2375706285238266 0.001199999707750976 -0.13149847090244293
v 0.23850084841251373 0.012000000104308128 -0.1226651668548584
v 0.2375706285238266 0.012000000104308128 -0.13149847090244293
v 0.2375706285238266 0.001199999707750976 -0.13149847090244293
v 0.2375706285238266 0.012000000104308128 -0.13149847090244293
v 0.23322336375713348 0.001199999707750976 -0.13924404978752136
v 0.2375706285238266 0.012000000104308128 -0.13149847090244293
v 0.23322336375713348 0.012000000104308128 -0.13924404978752136
v 0.23322336375713348 0.001199999707750976 -0.13924404978752136
v 0.23322336375713348 0.001199999707750976 -0.13924404978752136
v 0.23322336375713348 0.012000000104308128 -0.13924404978752136
v 0.2297741323709488 0.012000000104308128 -0.1424499750137329
v 0.23322336375713348 0.001199999707750976 -0.13924404978752136
v 0.2297741323709488 0.012000000104308128 -0.1424499750137329
v 0.22616760432720184 0.001199999707750976 -0.14463934302330017
v 0.22616760432720184 0.001199999707750976 -0.14463934302330017
v 0.2297741323709488 0.012000000104308128 -0.1424499750137329
v 0.22616760432720184 0.012000000104308128 -0.14463934302330017
v 0.22616760432720184 0.001199999707750976 -0.14463934302330017
v 0.22616760432720184 0.012000000104308128 -0.14463934302330017
v 0.21755348145961761 0.001199999707750976 -0.14680488407611847
v 0.21755348145961761 0.001199999707750976 -0.14680488407611847
v 0.22616760432720184 0.012000000104308128 -0.14463934302330017
v 0.21755348145961761 0.012000000104308128 -0.14680488407611847
v 0.21755348145961761 0.001199999707750976 -0.14680488407611847
v 0.21755348145961761 0.012000000104308128 -0.14680488407611847
v 0.20878510177135468 0.001199999707750976 -0.14538773894309998
v 0.20878510177135468 0.001199999707750976 -0.14538773894309998
v 0.21755348145961761 0.012000000104308128 -0.14680488407611847
v 0.20878510177135468 0.012000000104308128 -0.14538773894309998
v 0.20878510177135468 0.001199999707750976 -0.14538773894309998
v 0.20878510177135468 0.012000000104308128 -0.14538773894309998
v 0.20129172503948212 0.001199999707750976 -0.14061887562274933
v 0.20129172503948212 0.001199999707750976 -0.14061887562274933
v 0.20878510177135468 0.012000000104308128 -0.14538773894309998
v 0.20129172503948212 0.012000000104308128 -0.14061887562274933
v 0.20129172503948212 0.001199999707750976 -0.14061887562274933
v 0.20129172503948212 0.012000000104308128 -0.14061887562274933
v 0.19629479944705963 0.001199999707750976 -0.13327562808990479
v 0.19629479944705963 0.001199999707750976 -0.13327562808990479
v 0.20129172503948212 0.012000000104308128 -0.14061887562274933
v 0.19629479944705963 0.012000000104308128 -0.13327562808990479
v 0.15510861575603485 -1.0430822872109502e-10 -0.09875994175672531
v 0.13524992763996124 -1.0430822872109502e-10 -0.08769366890192032
v 0.18795308470726013 -1.043082009655194e-10 -0.1394917368888855
v 0.07630825787782669 -1.0430825647667064e-10 -0.03870914876461029
v 0.07781419157981873 -1.0430825647667064e-10 -0.03908821567893028
v 0.0752498209476471 -1.0430825647667064e-10 -0.03644203022122383
v 0.19285722076892853 -1.0430822872109502e-10 -0.10262363404035568
v 0.1448420137166977 -1.0430825647667064e-10 -0.07199643552303314
v 0.13571041822433472 -1.0430825647667064e-10 -0.07077853381633759
v 0.018389977514743805 -1.0430822872109502e-10 -0.0451236292719841
v 0.018893631175160408 -1.0430822872109502e-10 -0.04461117461323738
v 0.005532511509954929 -1.0430822872109502e-10 -0.03147950768470764
v 0.018893631175160408 -1.0430822872109502e-10 -0.04461117461323738
v 0.018389977514743805 -1.0430822872109502e-10 -0.0451236292719841
v 0.020513996481895447 -1.0430822872109502e-10 -0.04620371013879776
v 0.046582967042922974 -1.043082009655194e-10 -0.059460029006004333
v 0.0325702503323555 -1.0430822872109502e-10 -0.0456879585981369
v 0.0282147154211998 -1.0430822872109502e-10 -0.05011959746479988
v 0.21385158598423004 -1.0430817320994379e-10 -0.16071964800357819
v 0.21593494713306427 -1.0430817320994379e-10 -0.15854167938232422
v 0.21317735314369202 -1.0430817320994379e-10 -0.15583142638206482
v 0.21593494713306427 -1.0430817320994379e-10 -0.15854167938232422
v 0.21385158598423004 -1.0430817320994379e-10 -0.16071964800357819
v 0.21435949206352234 -1.0430817320994379e-10 -0.16075502336025238
v 0.22812697291374207 -1.0430825647667064e-10 -0.09071817249059677
v 0.23224230110645294 -1.0430825647667064e-10 -0.094428651034832
v 0.23826582729816437 -1.0430825647667064e-10 -0.09606936573982239
v 0.00019504058582242578 -1.0430822872109502e-10 -0.022519154474139214
v -0.008437513373792171 -1.0430822872109502e-10 -0.020879624411463737
v 0.005532511509954929 -1.0430822872109502e-10 -0.03147950768470764
v 0.04691486805677414 -1.0430822872109502e-10 -0.03465600311756134
v 0.047953393310308456 -1.0430822872109502e-10 -0.03443391993641853
v 0.04602035507559776 -1.0430822872109502e-10 -0.03200283274054527
v 0.030557164922356606 -1.0430825647667064e-10 -0.00899392832070589
v 0.030580243095755577 -1.0430825647667064e-10 -0.007639311719685793
v 0.02516416646540165 -1.0430825647667064e-10 -0.011504819616675377
v 0.036076609045267105 -1.0430825647667064e-10 -0.0235468577593565
v 0.03666512668132782 -1.0430825647667064e-10 -0.026608185842633247
v 0.0385252870619297 -1.0430825647667064e-10 -0.024636482819914818
v 0.03151610121130943 -1.0430822872109502e-10 -0.042372558265924454
v 0.029996858909726143 -1.0430822872109502e-10 -0.042050912976264954
v 0.0325702503323555 -1.0430822872109502e-10 -0.0456879585981369
v -0.05722349137067795 -1.0430825647667064e-10 0.030198758468031883
v -0.05735445395112038 -1.0430825647667064e-10 0.03006551042199135
v -0.04808435216546059 -1.0430822872109502e-10 0.0059741949662566185
v 0.24248705804347992 -1.0430822872109502e-10 -0.12668125331401825
v 0.2433791309595108 -1.0430822872109502e-10 -0.12615586817264557
v 0.24388322234153748 -1.0430822872109502e-10 -0.12458901852369308
v 0.23627157509326935 -1.0430822872109502e-10 -0.13586212694644928
v 0.2425115704536438 -1.0430822872109502e-10 -0.1295095682144165
v 0.23895864188671112 -1.0430822872109502e-10 -0.12781085073947906
v 0.23895864188671112 -1.0430822872109502e-10 -0.12781085073947906
v 0.2425115704536438 -1.0430822872109502e-10 -0.1295095682144165
v 0.24198618531227112 -1.0430822872109502e-10 -0.128617525100708
v 0.23895864188671112 -1.0430822872109502e-10 -0.12781085073947906
v 0.24198618531227112 -1.0430822872109502e-10 -0.128617525100708
v 0.24197721481323242 -1.0430822872109502e-10 -0.12758226692676544
v 0.2433791309595108 -1.0430822872109502e-10 -0.12615586817264557
v 0.24441437423229218 -1.0430822872109502e-10 -0.12614691257476807
v 0.24388322234153748 -1.0430822872109502e-10 -0.12458901852369308
v 0.24388322234153748 -1.0430822872109502e-10 -0.12458901852369308
v 0.24441437423229218 -1.0430822872109502e-10 -0.12614691257476807
v 0.24531538784503937 -1.0430822872109502e-10 -0.12665675580501556
v 0.24388322234153748 -1.0430822872109502e-10 -0.12458901852369308
v 0.24531538784503937 -1.0430822872109502e-10 -0.12665675580501556
v 0.24664081633090973 -1.0430822872109502e-10 -0.1272992640733719
v 0.24664081633090973 -1.0430822872109502e-10 -0.1272992640733719
v 0.24531538784503937 -1.0430822872109502e-10 -0.12665675580501556
v 0.24584078788757324 -1.0430822872109502e-10 -0.12754882872104645
v 0.24664081633090973 -1.0430822872109502e-10 -0.1272992640733719
v 0.24584078788757324 -1.0430822872109502e-10 -0.12754882872104645
v 0.24584974348545074 -1.0430822872109502e-10 -0.12858405709266663
v 0.24341259896755219 -1.0430822872109502e-10 -0.1300194412469864
v 0.23779022693634033 -1.0430822872109502e-10 -0.13630451261997223
v 0.24444782733917236 -1.0430822872109502e-10 -0.1300104558467865
v 0.24444782733917236 -1.0430822872109502e-10 -0.1300104558467865
v 0.23779022693634033 -1.0430822872109502e-10 -0.13630451261997223
v 0.25037482380867004 -1.0430822872109502e-10 -0.13730502128601074
v 0.24444782733917236 -1.0430822872109502e-10 -0.1300104558467865
v 0.25037482380867004 -1.0430822872109502e-10 -0.13730502128601074
v 0.24533988535404205 -1.0430822872109502e-10 -0.129485085606575
v 0.24533988535404205 -1.0430822872109502e-10 -0.129485085606575
v 0.25037482380867004 -1.0430822872109502e-10 -0.13730502128601074
v 0.24584974348545074 -1.0430822872109502e-10 -0.12858405709266663
v 0.24584974348545074 -1.0430822872109502e-10 -0.12858405709266663
v 0.25037482380867004 -1.0430822872109502e-10 -0.13730502128601074
v 0.2518678903579712 -1.0430822872109502e-10 -0.13208332657814026
v 0.24584974348545074 -1.0430822872109502e-10 -0.12858405709266663
v 0.2518678903579712 -1.0430822872109502e-10 -0.13208332657814026
v 0.24664081633090973 -1.0430822872109502e-10 -0.1272992640733719
v 0.2203993946313858 -1.0430825647667064e-10 -0.09944622218608856
v 0.21936416625976562 -1.0430825647667064e-10 -0.09945519268512726
v 0.2208426296710968 -1.0430825647667064e-10 -0.10267659276723862
v 0.2208426296710968 -1.0430825647667064e-10 -0.10267659276723862
v 0.21936416625976562 -1.0430825647667064e-10 -0.09945519268512726
v 0.21846313774585724 -1.0430825647667064e-10 -0.09894533455371857
v 0.2208426296710968 -1.0430825647667064e-10 -0.10267659276723862
v 0.21846313774585724 -1.0430825647667064e-10 -0.09894533455371857
v 0.20645754039287567 -1.0430825647667064e-10 -0.08809015154838562
v 0.21843864023685455 -1.0430825647667064e-10 -0.09611701220273972
v 0.21257175505161285 -1.0430825647667064e-10 -0.08868788182735443
v 0.21792878210544586 -1.0430825647667064e-10 -0.0970180407166481
v 0.21792878210544586 -1.0430825647667064e-10 -0.0970180407166481
v 0.21257175505161285 -1.0430825647667064e-10 -0.08868788182735443
v 0.20645754039287567 -1.0430825647667064e-10 -0.08809015154838562
v 0.21792878210544586 -1.0430825647667064e-10 -0.0970180407166481
v 0.20645754039287567 -1.0430825647667064e-10 -0.08809015154838562
v 0.21793775260448456 -1.0430825647667064e-10 -0.09805327653884888
v 0.21793775260448456 -1.0430825647667064e-10 -0.09805327653884888
v 0.20645754039287567 -1.0430825647667064e-10 -0.08809015154838562
v 0.21846313774585724 -1.0430825647667064e-10 -0.09894533455371857
v 0.21843864023685455 -1.0430825647667064e-10 -0.09611701220273972
v 0.21933069825172424 -1.0430825647667064e-10 -0.09559162706136703
v 0.21257175505161285 -1.0430825647667064e-10 -0.08868788182735443
v 0.21257175505161285 -1.0430825647667064e-10 -0.08868788182735443
v 0.21933069825172424 -1.0430825647667064e-10 -0.09559162706136703
v 0.22036594152450562 -1.0430825647667064e-10 -0.09558266401290894
v 0.21257175505161285 -1.0430825647667064e-10 -0.08868788182735443
v 0.22036594152450562 -1.0430825647667064e-10 -0.09558266401290894
v 0.21473877131938934 -1.0430825647667064e-10 -0.08878651261329651
v 0.21473877131938934 -1.0430825647667064e-10 -0.08878651261329651
v 0.22036594152450562 -1.0430825647667064e-10 -0.09558266401290894
v 0.2212669551372528 -1.0430825647667064e-10 -0.09609252214431763
v 0.21473877131938934 -1.0430825647667064e-10 -0.08878651261329651
v 0.2212669551372528 -1.0430825647667064e-10 -0.09609252214431763
v 0.22655005753040314 -1.0430825647667064e-10 -0.10022035241127014
v 0.22655005753040314 -1.0430825647667064e-10 -0.10022035241127014
v 0.2212669551372528 -1.0430825647667064e-10 -0.09609252214431763
v 0.22179235517978668 -1.0430825647667064e-10 -0.09698457270860672
v 0.22655005753040314 -1.0430825647667064e-10 -0.10022035241127014
v 0.22179235517978668 -1.0430825647667064e-10 -0.09698457270860672
v 0.22559426724910736 -1.0430825647667064e-10 -0.10119284689426422
v 0.22559426724910736 -1.0430825647667064e-10 -0.10119284689426422
v 0.22179235517978668 -1.0430825647667064e-10 -0.09698457270860672
v 0.22180131077766418 -1.0430825647667064e-10 -0.0980198085308075
v 0.22559426724910736 -1.0430825647667064e-10 -0.10119284689426422
v 0.22180131077766418 -1.0430825647667064e-10 -0.0980198085308075
v 0.2212914675474167 -1.0430825647667064e-10 -0.09892083704471588
v -0.023226328194141388 -1.0430825647667064e-10 0.009150399826467037
v -0.03142328932881355 -1.0430825647667064e-10 0.0024672229774296284
v -0.02940787933766842 -1.0430825647667064e-10 0.0028608350548893213
v -0.02940787933766842 -1.0430825647667064e-10 0.0028608350548893213
v -0.03142328932881355 -1.0430825647667064e-10 0.0024672229774296284
v -0.03189316764473915 -1.0430822872109502e-10 0.0010757126146927476
v -0.02940787933766842 -1.0430825647667064e-10 0.0028608350548893213
v -0.03189316764473915 -1.0430822872109502e-10 0.0010757126146927476
v -0.03702792525291443 -1.0430822872109502e-10 -0.004892358090728521
v -0.03189316764473915 -1.0430822872109502e-10 0.0010757126146927476
v -0.03296725079417229 -1.0430822872109502e-10 7.399485912173986e-05
v -0.03702792525291443 -1.0430822872109502e-10 -0.004892358090728521
v -0.03702792525291443 -1.0430822872109502e-10 -0.004892358090728521
v -0.03296725079417229 -1.0430822872109502e-10 7.399485912173986e-05
v -0.03438810631632805 -1.0430822872109502e-10 -0.0002978387346956879
v -0.03702792525291443 -1.0430822872109502e-10 -0.004892358090728521
v -0.03438810631632805 -1.0430822872109502e-10 -0.0002978387346956879
v -0.03501095622777939 -1.0430822872109502e-10 -0.0003032333042938262
v -0.03501095622777939 -1.0430822872109502e-10 -0.0003032333042938262
v -0.03619242459535599 -1.0430822872109502e-10 -7.18923838576302e-05
v -0.03702792525291443 -1.0430822872109502e-10 -0.004892358090728521
v -0.03702792525291443 -1.0430822872109502e-10 -0.004892358090728521
v -0.03619242459535599 -1.0430822872109502e-10 -7.18923838576302e-05
v -0.03718780726194382 -1.0430822872109502e-10 0.0006053007091395557
v -0.03702792525291443 -1.0430822872109502e-10 -0.004892358090728521
v -0.03718780726194382 -1.0430822872109502e-10 0.0006053007091395557
v -0.04808435216546059 -1.0430822872109502e-10 0.0059741949662566185
v -0.018476085737347603 -1.0430828423224625e-10 0.025537123903632164
v -0.024982141330838203 -1.0430825647667064e-10 0.019219860434532166
v -0.023226328194141388 -1.0430825647667064e-10 0.009150399826467037
v -0.023226328194141388 -1.0430825647667064e-10 0.009150399826467037
v -0.024982141330838203 -1.0430825647667064e-10 0.019219860434532166
v -0.029420331120491028 -1.0430825647667064e-10 0.011311698704957962
v -0.023226328194141388 -1.0430825647667064e-10 0.009150399826467037
v -0.029420331120491028 -1.0430825647667064e-10 0.011311698704957962
v -0.03142328932881355 -1.0430825647667064e-10 0.0024672229774296284
v -0.008850118145346642 -1.0430828423224625e-10 0.03409483656287193
v -0.008446895517408848 -1.0430828423224625e-10 0.03284456208348274
v -0.0017284945352002978 -1.0430828423224625e-10 0.03102387674152851
v -0.008850118145346642 -1.0430828423224625e-10 0.03409483656287193
v -0.0017284945352002978 -1.0430828423224625e-10 0.03102387674152851
v -0.00974888727068901 -1.0430828423224625e-10 0.03505295515060425
v -0.03627324104309082 -1.0430828423224625e-10 0.04731350392103195
v -0.036026936024427414 -1.0430828423224625e-10 0.04859817028045654
v -0.0375918373465538 -1.0430828423224625e-10 0.05017344653606415
v -0.0375918373465538 -1.0430828423224625e-10 0.05017344653606415
v -0.036026936024427414 -1.0430828423224625e-10 0.04859817028045654
v -0.03525737300515175 -1.0430828423224625e-10 0.04965590685606003
v -0.008616538718342781 -1.0430828423224625e-10 0.03154187276959419
v -0.009326519444584846 -1.0430828423224625e-10 0.0304365623742342
v -0.009776224382221699 -1.0430828423224625e-10 0.02283552475273609
v -0.009776224382221699 -1.0430828423224625e-10 0.02283552475273609
v -0.009326519444584846 -1.0430828423224625e-10 0.0304365623742342
v -0.010440695099532604 -1.0430828423224625e-10 0.029740583151578903
v -0.03525737300515175 -1.0430828423224625e-10 0.04965590685606003
v -0.034110862761735916 -1.0430828423224625e-10 0.05028562247753143
v -0.02965831756591797 -1.0430831198782187e-10 0.058245595544576645
v -0.02965831756591797 -1.0430831198782187e-10 0.058245595544576645
v -0.034110862761735916 -1.0430828423224625e-10 0.05028562247753143
v -0.03280537202954292 -1.0430828423224625e-10 0.050367604941129684
v -0.02965831756591797 -1.0430831198782187e-10 0.058245595544576645
v -0.03280537202954292 -1.0430828423224625e-10 0.050367604941129684
v -0.028905969113111496 -1.0430831198782187e-10 0.057734619826078415
v -0.028905969113111496 -1.0430831198782187e-10 0.057734619826078415
v -0.03280537202954292 -1.0430828423224625e-10 0.050367604941129684
v -0.0315890908241272 -1.0430828423224625e-10 0.04988626018166542
v -0.0375918373465538 -1.0430828423224625e-10 0.05017344653606415
v -0.051041942089796066 -1.0430828423224625e-10 0.03648832067847252
v -0.048076141625642776 -1.0430828423224625e-10 0.03506023809313774
v -0.03753754496574402 -1.0430828423224625e-10 0.04170748591423035
v -0.03627324104309082 -1.0430828423224625e-10 0.04731350392103195
v -0.041353363543748856 -1.0430828423224625e-10 0.03741033747792244
v -0.041353363543748856 -1.0430828423224625e-10 0.03741033747792244
v -0.03627324104309082 -1.0430828423224625e-10 0.04731350392103195
v -0.0375918373465538 -1.0430828423224625e-10 0.05017344653606415
v -0.041353363543748856 -1.0430828423224625e-10 0.03741033747792244
v -0.0375918373465538 -1.0430828423224625e-10 0.05017344653606415
v -0.04677056521177292 -1.0430828423224625e-10 0.03549204766750336
v -0.04677056521177292 -1.0430828423224625e-10 0.03549204766750336
v -0.0375918373465538 -1.0430828423224625e-10 0.05017344653606415
v -0.048076141625642776 -1.0430828423224625e-10 0.03506023809313774
v -0.03718780726194382 -1.0430822872109502e-10 0.0006053007091395557
v -0.03783681243658066 -1.0430822872109502e-10 0.0016192910261452198
v -0.04808435216546059 -1.0430822872109502e-10 0.0059741949662566185
v -0.04808435216546059 -1.0430822872109502e-10 0.0059741949662566185
v -0.03783681243658066 -1.0430822872109502e-10 0.0016192910261452198
v -0.049306269735097885 -1.0430825647667064e-10 0.031426336616277695
v -0.04808435216546059 -1.0430822872109502e-10 0.0059741949662566185
v -0.049306269735097885 -1.0430825647667064e-10 0.031426336616277695
v -0.05722349137067795 -1.0430825647667064e-10 0.030198758468031883
v -0.05722349137067795 -1.0430825647667064e-10 0.030198758468031883
v -0.049306269735097885 -1.0430825647667064e-10 0.031426336616277695
v -0.04949282109737396 -1.0430825647667064e-10 0.032788753509521484
v -0.05722349137067795 -1.0430825647667064e-10 0.030198758468031883
v -0.04949282109737396 -1.0430825647667064e-10 0.032788753509521484
v -0.051041942089796066 -1.0430828423224625e-10 0.03648832067847252
v -0.051041942089796066 -1.0430828423224625e-10 0.03648832067847252
v -0.04949282109737396 -1.0430825647667064e-10 0.032788753509521484
v -0.04905189946293831 -1.0430828423224625e-10 0.0340912826359272
v -0.051041942089796066 -1.0430828423224625e-10 0.03648832067847252
v -0.04905189946293831 -1.0430828423224625e-10 0.0340912826359272
v -0.048076141625642776 -1.0430828423224625e-10 0.03506023809313774
v 0.03848543018102646 -1.0430822872109502e-10 -0.030369555577635765
v 0.038552697747945786 -1.0430822872109502e-10 -0.03142942488193512
v 0.04602035507559776 -1.0430822872109502e-10 -0.03200283274054527
v 0.038552697747945786 -1.0430822872109502e-10 -0.03142942488193512
v 0.038246478885412216 -1.0430822872109502e-10 -0.032446324825286865
v 0.04602035507559776 -1.0430822872109502e-10 -0.03200283274054527
v 0.04602035507559776 -1.0430822872109502e-10 -0.03200283274054527
v 0.038246478885412216 -1.0430822872109502e-10 -0.032446324825286865
v 0.034030791372060776 -1.0430822872109502e-10 -0.0407366119325161
v 0.04602035507559776 -1.0430822872109502e-10 -0.03200283274054527
v 0.034030791372060776 -1.0430822872109502e-10 -0.0407366119325161
v 0.0325702503323555 -1.0430822872109502e-10 -0.0456879585981369
v 0.0325702503323555 -1.0430822872109502e-10 -0.0456879585981369
v 0.034030791372060776 -1.0430822872109502e-10 -0.0407366119325161
v 0.03299262002110481 -1.0430822872109502e-10 -0.041891489177942276
v 0.0325702503323555 -1.0430822872109502e-10 -0.0456879585981369
v 0.03299262002110481 -1.0430822872109502e-10 -0.041891489177942276
v 0.03151610121130943 -1.0430822872109502e-10 -0.042372558265924454
v 0.0385252870619297 -1.0430825647667064e-10 -0.024636482819914818
v 0.03666512668132782 -1.0430825647667064e-10 -0.026608185842633247
v 0.04602035507559776 -1.0430822872109502e-10 -0.03200283274054527
v 0.04602035507559776 -1.0430822872109502e-10 -0.03200283274054527
v 0.03666512668132782 -1.0430825647667064e-10 -0.026608185842633247
v 0.038053106516599655 -1.0430822872109502e-10 -0.029399529099464417
v 0.04602035507559776 -1.0430822872109502e-10 -0.03200283274054527
v 0.038053106516599655 -1.0430822872109502e-10 -0.029399529099464417
v 0.03848543018102646 -1.0430822872109502e-10 -0.030369555577635765
v 0.026076508685946465 -1.0430825647667064e-10 -0.0182933546602726
v 0.027394304051995277 -1.0430825647667064e-10 -0.017978815361857414
v 0.02516416646540165 -1.0430825647667064e-10 -0.011504819616675377
v 0.02516416646540165 -1.0430825647667064e-10 -0.011504819616675377
v 0.027394304051995277 -1.0430825647667064e-10 -0.017978815361857414
v 0.02871609851717949 -1.0430825647667064e-10 -0.01827610470354557
v 0.012691683135926723 -1.0430822872109502e-10 -0.02919803000986576
v 0.01372532919049263 -1.0430822872109502e-10 -0.02837473712861538
v 0.01171406265348196 -1.0430822872109502e-10 -0.025189945474267006
v 0.01171406265348196 -1.0430822872109502e-10 -0.025189945474267006
v 0.01372532919049263 -1.0430822872109502e-10 -0.02837473712861538
v 0.019919101148843765 -1.0430822872109502e-10 -0.02442825585603714
v 0.01171406265348196 -1.0430822872109502e-10 -0.025189945474267006
v 0.019919101148843765 -1.0430822872109502e-10 -0.02442825585603714
v 0.02516416646540165 -1.0430825647667064e-10 -0.011504819616675377
v 0.02516416646540165 -1.0430825647667064e-10 -0.011504819616675377
v 0.019919101148843765 -1.0430822872109502e-10 -0.02442825585603714
v 0.025031469762325287 -1.0430825647667064e-10 -0.01915556937456131
v 0.02516416646540165 -1.0430825647667064e-10 -0.011504819616675377
v 0.025031469762325287 -1.0430825647667064e-10 -0.01915556937456131
v 0.026076508685946465 -1.0430825647667064e-10 -0.0182933546602726
v 0.02871609851717949 -1.0430825647667064e-10 -0.01827610470354557
v 0.03438320383429527 -1.0430825647667064e-10 -0.021006634458899498
v 0.02516416646540165 -1.0430825647667064e-10 -0.011504819616675377
v 0.02516416646540165 -1.0430825647667064e-10 -0.011504819616675377
v 0.03438320383429527 -1.0430825647667064e-10 -0.021006634458899498
v 0.03524324297904968 -1.0430825647667064e-10 -0.021629678085446358
v 0.02516416646540165 -1.0430825647667064e-10 -0.011504819616675377
v 0.03524324297904968 -1.0430825647667064e-10 -0.021629678085446358
v 0.0385252870619297 -1.0430825647667064e-10 -0.024636482819914818
v 0.0385252870619297 -1.0430825647667064e-10 -0.024636482819914818
v 0.03524324297904968 -1.0430825647667064e-10 -0.021629678085446358
v 0.03583231940865517 -1.0430825647667064e-10 -0.022513331845402718
v 0.0385252870619297 -1.0430825647667064e-10 -0.024636482819914818
v 0.03583231940865517 -1.0430825647667064e-10 -0.022513331845402718
v 0.036076609045267105 -1.0430825647667064e-10 -0.0235468577593565
v 0.012691683135926723 -1.0430822872109502e-10 -0.02919803000986576
v 0.01171406265348196 -1.0430822872109502e-10 -0.025189945474267006
v 0.012112054973840714 -1.0430822872109502e-10 -0.03038557432591915
v 0.012112054973840714 -1.0430822872109502e-10 -0.03038557432591915
v 0.01171406265348196 -1.0430822872109502e-10 -0.025189945474267006
v 0.005532511509954929 -1.0430822872109502e-10 -0.03147950768470764
v 0.012112054973840714 -1.0430822872109502e-10 -0.03038557432591915
v 0.005532511509954929 -1.0430822872109502e-10 -0.03147950768470764
v 0.01209891028702259 -1.0430822872109502e-10 -0.03170696273446083
v 0.0282147154211998 -1.0430822872109502e-10 -0.05011959746479988
v 0.0325702503323555 -1.0430822872109502e-10 -0.0456879585981369
v 0.020513996481895447 -1.0430822872109502e-10 -0.04620371013879776
v 0.020513996481895447 -1.0430822872109502e-10 -0.04620371013879776
v 0.0325702503323555 -1.0430822872109502e-10 -0.0456879585981369
v 0.029996858909726143 -1.0430822872109502e-10 -0.042050912976264954
v 0.020513996481895447 -1.0430822872109502e-10 -0.04620371013879776
v 0.029996858909726143 -1.0430822872109502e-10 -0.042050912976264954
v 0.018893631175160408 -1.0430822872109502e-10 -0.04461117461323738
v 0.018893631175160408 -1.0430822872109502e-10 -0.04461117461323738
v 0.029996858909726143 -1.0430822872109502e-10 -0.042050912976264954
v 0.013671860098838806 -1.0430822872109502e-10 -0.033749498426914215
v 0.018893631175160408 -1.0430822872109502e-10 -0.04461117461323738
v 0.013671860098838806 -1.0430822872109502e-10 -0.033749498426914215
v 0.005532511509954929 -1.0430822872109502e-10 -0.03147950768470764
v 0.005532511509954929 -1.0430822872109502e-10 -0.03147950768470764
v 0.013671860098838806 -1.0430822872109502e-10 -0.033749498426914215
v 0.012654798105359077 -1.0430822872109502e-10 -0.032905805855989456
v 0.005532511509954929 -1.0430822872109502e-10 -0.03147950768470764
v 0.012654798105359077 -1.0430822872109502e-10 -0.032905805855989456
v 0.01209891028702259 -1.0430822872109502e-10 -0.03170696273446083
v 0.008437513373792171 -1.0430828423224625e-10 0.020879624411463737
v 0.01578553393483162 -1.0430828423224625e-10 0.016061361879110336
v 0.02115447446703911 -1.0430828423224625e-10 0.01672431081533432
v 0.02115447446703911 -1.0430828423224625e-10 0.01672431081533432
v 0.01578553393483162 -1.0430828423224625e-10 0.016061361879110336
v 0.02073034830391407 -1.0430828423224625e-10 0.008797901682555676
v 0.03617797791957855 -1.0430828423224625e-10 0.003860601456835866
v 0.04116494208574295 -1.0430828423224625e-10 0.0047755460254848
v 0.03495600447058678 -1.0430828423224625e-10 0.00434283958747983
v 0.03495600447058678 -1.0430828423224625e-10 0.00434283958747983
v 0.04116494208574295 -1.0430828423224625e-10 0.0047755460254848
v 0.025012923404574394 -1.0430828423224625e-10 0.02065018005669117
v 0.03495600447058678 -1.0430828423224625e-10 0.00434283958747983
v 0.025012923404574394 -1.0430828423224625e-10 0.02065018005669117
v 0.0336451381444931 -1.0430828423224625e-10 0.004256726708263159
v 0.0336451381444931 -1.0430828423224625e-10 0.004256726708263159
v 0.025012923404574394 -1.0430828423224625e-10 0.02065018005669117
v 0.02115447446703911 -1.0430828423224625e-10 0.01672431081533432
v 0.0336451381444931 -1.0430828423224625e-10 0.004256726708263159
v 0.02115447446703911 -1.0430828423224625e-10 0.01672431081533432
v 0.032496750354766846 -1.0430828423224625e-10 0.003618776798248291
v 0.032496750354766846 -1.0430828423224625e-10 0.003618776798248291
v 0.02115447446703911 -1.0430828423224625e-10 0.01672431081533432
v 0.02073034830391407 -1.0430828423224625e-10 0.008797901682555676
v 0.030557164922356606 -1.0430825647667064e-10 -0.00899392832070589
v 0.02516416646540165 -1.0430825647667064e-10 -0.011504819616675377
v 0.031132392585277557 -1.0430825647667064e-10 -0.010220563970506191
v 0.03993712738156319 -1.0430825647667064e-10 -0.013993965461850166
v 0.0385252870619297 -1.0430825647667064e-10 -0.024636482819914818
v 0.0408976674079895 -1.0430825647667064e-10 -0.013540948741137981
v 0.0408976674079895 -1.0430825647667064e-10 -0.013540948741137981
v 0.0385252870619297 -1.0430825647667064e-10 -0.024636482819914818
v 0.04657301679253578 -1.0430825647667064e-10 -0.0164481308311224
v 0.03993712738156319 -1.0430825647667064e-10 -0.013993965461850166
v 0.03887894004583359 -1.0430825647667064e-10 -0.014083932153880596
v 0.0385252870619297 -1.0430825647667064e-10 -0.024636482819914818
v 0.0385252870619297 -1.0430825647667064e-10 -0.024636482819914818
v 0.03887894004583359 -1.0430825647667064e-10 -0.014083932153880596
v 0.037855710834264755 -1.0430825647667064e-10 -0.013799577951431274
v 0.0385252870619297 -1.0430825647667064e-10 -0.024636482819914818
v 0.037855710834264755 -1.0430825647667064e-10 -0.013799577951431274
v 0.02516416646540165 -1.0430825647667064e-10 -0.011504819616675377
v 0.02516416646540165 -1.0430825647667064e-10 -0.011504819616675377
v 0.037855710834264755 -1.0430825647667064e-10 -0.013799577951431274
v 0.03218860924243927 -1.0430825647667064e-10 -0.011069049127399921
v 0.02516416646540165 -1.0430825647667064e-10 -0.011504819616675377
v 0.03218860924243927 -1.0430825647667064e-10 -0.011069049127399921
v 0.031132392585277557 -1.0430825647667064e-10 -0.010220563970506191
v 0.04913415387272835 -1.0430825647667064e-10 -0.0106206638738513
v 0.04823807626962662 -1.0430825647667064e-10 -0.011190666817128658
v 0.04657301679253578 -1.0430825647667064e-10 -0.0164481308311224
v 0.04823807626962662 -1.0430825647667064e-10 -0.011190666817128658
v 0.0471995510160923 -1.0430825647667064e-10 -0.01141275092959404
v 0.04657301679253578 -1.0430825647667064e-10 -0.0164481308311224
v 0.04657301679253578 -1.0430825647667064e-10 -0.0164481308311224
v 0.0471995510160923 -1.0430825647667064e-10 -0.01141275092959404
v 0.04389161989092827 -1.0430825647667064e-10 -0.012011988088488579
v 0.04657301679253578 -1.0430825647667064e-10 -0.0164481308311224
v 0.04389161989092827 -1.0430825647667064e-10 -0.012011988088488579
v 0.0408976674079895 -1.0430825647667064e-10 -0.013540948741137981
v 0.04925163835287094 -1.0430828423224625e-10 -0.0050186957232654095
v 0.05020936578512192 -1.0430828423224625e-10 -0.006081550382077694
v 0.05452606454491615 -1.0430828423224625e-10 -0.008356117643415928
v 0.05452606454491615 -1.0430828423224625e-10 -0.008356117643415928
v 0.05020936578512192 -1.0430828423224625e-10 -0.006081550382077694
v 0.0505659244954586 -1.0430828423224625e-10 -0.007467107847332954
v 0.05452606454491615 -1.0430828423224625e-10 -0.008356117643415928
v 0.0505659244954586 -1.0430828423224625e-10 -0.007467107847332954
v 0.050240226089954376 -1.0430828423224625e-10 -0.008860239759087563
v 0.06588690727949142 -1.0430822872109502e-10 -0.04613955691456795
v 0.07115522027015686 -1.0430825647667064e-10 -0.04060817137360573
v 0.06595718860626221 -1.0430822872109502e-10 -0.045038916170597076
v 0.06595718860626221 -1.0430822872109502e-10 -0.045038916170597076
v 0.07115522027015686 -1.0430825647667064e-10 -0.04060817137360573
v 0.06562499701976776 -1.0430822872109502e-10 -0.04398725926876068
v 0.04602035507559776 -1.0430822872109502e-10 -0.03200283274054527
v 0.047953393310308456 -1.0430822872109502e-10 -0.03443391993641853
v 0.05406808480620384 -1.0430825647667064e-10 -0.023814480751752853
v 0.05406808480620384 -1.0430825647667064e-10 -0.023814480751752853
v 0.047953393310308456 -1.0430822872109502e-10 -0.03443391993641853
v 0.051605336368083954 -1.0430825647667064e-10 -0.03371239826083183
v 0.05406808480620384 -1.0430825647667064e-10 -0.023814480751752853
v 0.051605336368083954 -1.0430825647667064e-10 -0.03371239826083183
v 0.05265028774738312 -1.0430825647667064e-10 -0.033522844314575195
v 0.05265028774738312 -1.0430825647667064e-10 -0.033522844314575195
v 0.05369580537080765 -1.0430825647667064e-10 -0.033709242939949036
v 0.05406808480620384 -1.0430825647667064e-10 -0.023814480751752853
v 0.05406808480620384 -1.0430825647667064e-10 -0.023814480751752853
v 0.05369580537080765 -1.0430825647667064e-10 -0.033709242939949036
v 0.05461087077856064 -1.0430825647667064e-10 -0.034248236566782
v 0.05406808480620384 -1.0430825647667064e-10 -0.023814480751752853
v 0.05461087077856064 -1.0430825647667064e-10 -0.034248236566782
v 0.07115522027015686 -1.0430825647667064e-10 -0.04060817137360573
v 0.07115522027015686 -1.0430825647667064e-10 -0.04060817137360573
v 0.05461087077856064 -1.0430825647667064e-10 -0.034248236566782
v 0.06493521481752396 -1.0430822872109502e-10 -0.043126702308654785
v 0.07115522027015686 -1.0430825647667064e-10 -0.04060817137360573
v 0.06493521481752396 -1.0430822872109502e-10 -0.043126702308654785
v 0.06562499701976776 -1.0430822872109502e-10 -0.04398725926876068
v 0.04084013029932976 -1.0430822872109502e-10 -0.04588202014565468
v 0.04116177186369896 -1.0430822872109502e-10 -0.044362783432006836
v 0.0325702503323555 -1.0430822872109502e-10 -0.0456879585981369
v 0.0325702503323555 -1.0430822872109502e-10 -0.0456879585981369
v 0.04116177186369896 -1.0430822872109502e-10 -0.044362783432006836
v 0.0453774593770504 -1.0430822872109502e-10 -0.0360724963247776
v 0.0325702503323555 -1.0430822872109502e-10 -0.0456879585981369
v 0.0453774593770504 -1.0430822872109502e-10 -0.0360724963247776
v 0.04602035507559776 -1.0430822872109502e-10 -0.03200283274054527
v 0.04602035507559776 -1.0430822872109502e-10 -0.03200283274054527
v 0.0453774593770504 -1.0430822872109502e-10 -0.0360724963247776
v 0.04601879045367241 -1.0430822872109502e-10 -0.0352260060608387
v 0.04602035507559776 -1.0430822872109502e-10 -0.03200283274054527
v 0.04601879045367241 -1.0430822872109502e-10 -0.0352260060608387
v 0.04691486805677414 -1.0430822872109502e-10 -0.03465600311756134
v 0.10330503433942795 -1.043082009655194e-10 -0.08830373734235764
v 0.063625767827034 -1.0430822872109502e-10 -0.055045563727617264
v 0.06301874667406082 -1.0430822872109502e-10 -0.05623258277773857
v 0.06301874667406082 -1.0430822872109502e-10 -0.05623258277773857
v 0.06195734441280365 -1.0430822872109502e-10 -0.05703936517238617
v 0.10330503433942795 -1.043082009655194e-10 -0.08830373734235764
v 0.10330503433942795 -1.043082009655194e-10 -0.08830373734235764
v 0.06195734441280365 -1.0430822872109502e-10 -0.05703936517238617
v 0.06065117567777634 -1.0430822872109502e-10 -0.057306576520204544
v 0.10330503433942795 -1.043082009655194e-10 -0.08830373734235764
v 0.06065117567777634 -1.0430822872109502e-10 -0.057306576520204544
v 0.050613000988960266 -1.043082009655194e-10 -0.06150934100151062
v 0.050613000988960266 -1.043082009655194e-10 -0.06150934100151062
v 0.06065117567777634 -1.0430822872109502e-10 -0.057306576520204544
v 0.059358201920986176 -1.0430822872109502e-10 -0.05698143318295479
v 0.050613000988960266 -1.043082009655194e-10 -0.06150934100151062
v 0.059358201920986176 -1.0430822872109502e-10 -0.05698143318295479
v 0.046582967042922974 -1.043082009655194e-10 -0.059460029006004333
v 0.046582967042922974 -1.043082009655194e-10 -0.059460029006004333
v 0.059358201920986176 -1.0430822872109502e-10 -0.05698143318295479
v 0.04247607663273811 -1.0430822872109502e-10 -0.04839671403169632
v 0.046582967042922974 -1.043082009655194e-10 -0.059460029006004333
v 0.04247607663273811 -1.0430822872109502e-10 -0.04839671403169632
v 0.0325702503323555 -1.0430822872109502e-10 -0.0456879585981369
v 0.0325702503323555 -1.0430822872109502e-10 -0.0456879585981369
v 0.04247607663273811 -1.0430822872109502e-10 -0.04839671403169632
v 0.041321199387311935 -1.0430822872109502e-10 -0.047358542680740356
v 0.0325702503323555 -1.0430822872109502e-10 -0.0456879585981369
v 0.041321199387311935 -1.0430822872109502e-10 -0.047358542680740356
v 0.04084013029932976 -1.0430822872109502e-10 -0.04588202014565468
v 0.07010766118764877 -1.0430822872109502e-10 -0.050559286028146744
v 0.06957404315471649 -1.0430822872109502e-10 -0.04951745271682739
v 0.063625767827034 -1.0430822872109502e-10 -0.055045563727617264
v 0.063625767827034 -1.0430822872109502e-10 -0.055045563727617264
v 0.06957404315471649 -1.0430822872109502e-10 -0.04951745271682739
v 0.06588690727949142 -1.0430822872109502e-10 -0.04613955691456795
v 0.07954227924346924 -1.0430822872109502e-10 -0.06351925432682037
v 0.07992134988307953 -1.0430822872109502e-10 -0.06201330944895744
v 0.063625767827034 -1.0430822872109502e-10 -0.055045563727617264
v 0.063625767827034 -1.0430822872109502e-10 -0.055045563727617264
v 0.07992134988307953 -1.0430822872109502e-10 -0.06201330944895744
v 0.08089489489793777 -1.0430822872109502e-10 -0.06026625260710716
v 0.08127396553754807 -1.0430822872109502e-10 -0.05876031890511513
v 0.08084928244352341 -1.0430822872109502e-10 -0.05726660043001175
v 0.08089489489793777 -1.0430822872109502e-10 -0.06026625260710716
v 0.08089489489793777 -1.0430822872109502e-10 -0.06026625260710716
v 0.08084928244352341 -1.0430822872109502e-10 -0.05726660043001175
v 0.07973463833332062 -1.0430822872109502e-10 -0.05618534982204437
v 0.08089489489793777 -1.0430822872109502e-10 -0.06026625260710716
v 0.07973463833332062 -1.0430822872109502e-10 -0.05618534982204437
v 0.063625767827034 -1.0430822872109502e-10 -0.055045563727617264
v 0.063625767827034 -1.0430822872109502e-10 -0.055045563727617264
v 0.07973463833332062 -1.0430822872109502e-10 -0.05618534982204437
v 0.07099936157464981 -1.0430822872109502e-10 -0.05131760984659195
v 0.063625767827034 -1.0430822872109502e-10 -0.055045563727617264
v 0.07099936157464981 -1.0430822872109502e-10 -0.05131760984659195
v 0.07010766118764877 -1.0430822872109502e-10 -0.050559286028146744
v 0.056757353246212006 -1.0430825647667064e-10 -0.013745578937232494
v 0.05452606454491615 -1.0430828423224625e-10 -0.008356117643415928
v 0.05066761374473572 -1.0430825647667064e-10 -0.012281986884772778
v 0.05066761374473572 -1.0430825647667064e-10 -0.012281986884772778
v 0.05452606454491615 -1.0430828423224625e-10 -0.008356117643415928
v 0.050240226089954376 -1.0430828423224625e-10 -0.008860239759087563
v 0.05066761374473572 -1.0430825647667064e-10 -0.012281986884772778
v 0.050240226089954376 -1.0430828423224625e-10 -0.008860239759087563
v 0.04977548494935036 -1.0430828423224625e-10 -0.009774169884622097
v 0.058847177773714066 -1.0430825647667064e-10 -0.02529120445251465
v 0.05887482315301895 -1.0430825647667064e-10 -0.020691098645329475
v 0.05816268175840378 -1.0430825647667064e-10 -0.019648337736725807
v 0.05816268175840378 -1.0430825647667064e-10 -0.019648337736725807
v 0.05887482315301895 -1.0430825647667064e-10 -0.020691098645329475
v 0.0570998415350914 -1.0430825647667064e-10 -0.016447139903903008
v 0.05816268175840378 -1.0430825647667064e-10 -0.019648337736725807
v 0.0570998415350914 -1.0430825647667064e-10 -0.016447139903903008
v 0.05066761374473572 -1.0430825647667064e-10 -0.012281986884772778
v 0.05066761374473572 -1.0430825647667064e-10 -0.012281986884772778
v 0.0570998415350914 -1.0430825647667064e-10 -0.016447139903903008
v 0.056604404002428055 -1.0430825647667064e-10 -0.015137458220124245
v 0.05066761374473572 -1.0430825647667064e-10 -0.012281986884772778
v 0.056604404002428055 -1.0430825647667064e-10 -0.015137458220124245
v 0.056757353246212006 -1.0430825647667064e-10 -0.013745578937232494
v 0.06987833231687546 -1.0430825647667064e-10 -0.03640180081129074
v 0.06864351779222488 -1.0430825647667064e-10 -0.03576439619064331
v 0.07115522027015686 -1.0430825647667064e-10 -0.04060817137360573
v 0.07115522027015686 -1.0430825647667064e-10 -0.04060817137360573
v 0.06864351779222488 -1.0430825647667064e-10 -0.03576439619064331
v 0.05982702597975731 -1.0430825647667064e-10 -0.02818261831998825
v 0.07115522027015686 -1.0430825647667064e-10 -0.04060817137360573
v 0.05982702597975731 -1.0430825647667064e-10 -0.02818261831998825
v 0.05406808480620384 -1.0430825647667064e-10 -0.023814480751752853
v 0.05406808480620384 -1.0430825647667064e-10 -0.023814480751752853
v 0.05982702597975731 -1.0430825647667064e-10 -0.02818261831998825
v 0.05915708839893341 -1.0430825647667064e-10 -0.02735857665538788
v 0.05406808480620384 -1.0430825647667064e-10 -0.023814480751752853
v 0.05915708839893341 -1.0430825647667064e-10 -0.02735857665538788
v 0.05881623551249504 -1.0430825647667064e-10 -0.026352759450674057
v 0.07910826802253723 -1.0430825647667064e-10 -0.03251615911722183
v 0.07937422394752502 -1.0430825647667064e-10 -0.030113089829683304
v 0.07251407951116562 -1.0430825647667064e-10 -0.035799480974674225
v 0.07937422394752502 -1.0430825647667064e-10 -0.030113089829683304
v 0.07910826802253723 -1.0430825647667064e-10 -0.03251615911722183
v 0.08020450174808502 -1.0430825647667064e-10 -0.029014240950345993
v 0.08020450174808502 -1.0430825647667064e-10 -0.029014240950345993
v 0.07910826802253723 -1.0430825647667064e-10 -0.03251615911722183
v 0.083333320915699 -1.0430825647667064e-10 -0.02821727655827999
v 0.08020450174808502 -1.0430825647667064e-10 -0.029014240950345993
v 0.083333320915699 -1.0430825647667064e-10 -0.02821727655827999
v 0.08045629411935806 -1.0430825647667064e-10 -0.027660194784402847
v 0.06624618172645569 -1.0430828423224625e-10 -0.011423585936427116
v 0.07914524525403976 -1.0430825647667064e-10 -0.02532166801393032
v 0.083333320915699 -1.0430825647667064e-10 -0.02821727655827999
v 0.083333320915699 -1.0430825647667064e-10 -0.02821727655827999
v 0.07914524525403976 -1.0430825647667064e-10 -0.02532166801393032
v 0.08007653057575226 -1.0430825647667064e-10 -0.02633633278310299
v 0.083333320915699 -1.0430825647667064e-10 -0.02821727655827999
v 0.08007653057575226 -1.0430825647667064e-10 -0.02633633278310299
v 0.08045629411935806 -1.0430825647667064e-10 -0.027660194784402847
v 0.056757353246212006 -1.0430825647667064e-10 -0.013745578937232494
v 0.05759114399552345 -1.0430828423224625e-10 -0.01292323973029852
v 0.05452606454491615 -1.0430828423224625e-10 -0.008356117643415928
v 0.05452606454491615 -1.0430828423224625e-10 -0.008356117643415928
v 0.05759114399552345 -1.0430828423224625e-10 -0.01292323973029852
v 0.05867624282836914 -1.0430828423224625e-10 -0.012482775375247002
v 0.05452606454491615 -1.0430828423224625e-10 -0.008356117643415928
v 0.05867624282836914 -1.0430828423224625e-10 -0.012482775375247002
v 0.05875111743807793 -1.0430828423224625e-10 -0.004057235084474087
v 0.05875111743807793 -1.0430828423224625e-10 -0.004057235084474087
v 0.05867624282836914 -1.0430828423224625e-10 -0.012482775375247002
v 0.05984729900956154 -1.0430828423224625e-10 -0.01249130442738533
v 0.05875111743807793 -1.0430828423224625e-10 -0.004057235084474087
v 0.05984729900956154 -1.0430828423224625e-10 -0.01249130442738533
v 0.06624618172645569 -1.0430828423224625e-10 -0.011423585936427116
v 0.06624618172645569 -1.0430828423224625e-10 -0.011423585936427116
v 0.05984729900956154 -1.0430828423224625e-10 -0.01249130442738533
v 0.060925863683223724 -1.0430828423224625e-10 -0.012947531417012215
v 0.06624618172645569 -1.0430828423224625e-10 -0.011423585936427116
v 0.060925863683223724 -1.0430828423224625e-10 -0.012947531417012215
v 0.07914524525403976 -1.0430825647667064e-10 -0.02532166801393032
v 0.00019504058582242578 -1.0430822872109502e-10 -0.022519154474139214
v 0.005532511509954929 -1.0430822872109502e-10 -0.03147950768470764
v 0.008797901682555676 -1.0430822872109502e-10 -0.02073034830391407
v 0.008797901682555676 -1.0430822872109502e-10 -0.02073034830391407
v 0.005532511509954929 -1.0430822872109502e-10 -0.03147950768470764
v 0.01171406265348196 -1.0430822872109502e-10 -0.025189945474267006
v 0.008797901682555676 -1.0430822872109502e-10 -0.02073034830391407
v 0.01171406265348196 -1.0430822872109502e-10 -0.025189945474267006
v 0.016061361879110336 -1.0430825647667064e-10 -0.01578553393483162
v 0.016061361879110336 -1.0430825647667064e-10 -0.01578553393483162
v 0.01171406265348196 -1.0430822872109502e-10 -0.025189945474267006
v 0.02516416646540165 -1.0430825647667064e-10 -0.011504819616675377
v 0.016061361879110336 -1.0430825647667064e-10 -0.01578553393483162
v 0.02516416646540165 -1.0430825647667064e-10 -0.011504819616675377
v 0.020879624411463737 -1.0430825647667064e-10 -0.008437513373792171
v 0.020879624411463737 -1.0430825647667064e-10 -0.008437513373792171
v 0.02516416646540165 -1.0430825647667064e-10 -0.011504819616675377
v 0.030580243095755577 -1.0430825647667064e-10 -0.007639311719685793
v 0.020879624411463737 -1.0430825647667064e-10 -0.008437513373792171
v 0.030580243095755577 -1.0430825647667064e-10 -0.007639311719685793
v 0.022519154474139214 -1.0430825647667064e-10 0.00019504058582242578
v 0.022519154474139214 -1.0430825647667064e-10 0.00019504058582242578
v 0.030580243095755577 -1.0430825647667064e-10 -0.007639311719685793
v 0.03149484470486641 -1.0430828423224625e-10 0.0012590360129252076
v 0.022519154474139214 -1.0430825647667064e-10 0.00019504058582242578
v 0.03149484470486641 -1.0430828423224625e-10 0.0012590360129252076
v 0.02073034830391407 -1.0430828423224625e-10 0.008797901682555676
v 0.02073034830391407 -1.0430828423224625e-10 0.008797901682555676
v 0.03149484470486641 -1.0430828423224625e-10 0.0012590360129252076
v 0.03173104301095009 -1.0430828423224625e-10 0.0025513176806271076
v 0.02073034830391407 -1.0430828423224625e-10 0.008797901682555676
v 0.03173104301095009 -1.0430828423224625e-10 0.0025513176806271076
v 0.032496750354766846 -1.0430828423224625e-10 0.003618776798248291
v -0.016061361879110336 -1.0430825647667064e-10 0.01578553393483162
v -0.008797901682555676 -1.0430828423224625e-10 0.02073034830391407
v -0.009776224382221699 -1.0430828423224625e-10 0.02283552475273609
v -0.009776224382221699 -1.0430828423224625e-10 0.02283552475273609
v -0.008797901682555676 -1.0430828423224625e-10 0.02073034830391407
v -0.0017284945352002978 -1.0430828423224625e-10 0.03102387674152851
v -0.009776224382221699 -1.0430828423224625e-10 0.02283552475273609
v -0.0017284945352002978 -1.0430828423224625e-10 0.03102387674152851
v -0.008616538718342781 -1.0430828423224625e-10 0.03154187276959419
v -0.008616538718342781 -1.0430828423224625e-10 0.03154187276959419
v -0.0017284945352002978 -1.0430828423224625e-10 0.03102387674152851
v -0.008446895517408848 -1.0430828423224625e-10 0.03284456208348274
v -0.010440695099532604 -1.0430828423224625e-10 0.029740583151578903
v -0.018476085737347603 -1.0430828423224625e-10 0.025537123903632164
v -0.009776224382221699 -1.0430828423224625e-10 0.02283552475273609
v -0.009776224382221699 -1.0430828423224625e-10 0.02283552475273609
v -0.018476085737347603 -1.0430828423224625e-10 0.025537123903632164
v -0.023226328194141388 -1.0430825647667064e-10 0.009150399826467037
v -0.009776224382221699 -1.0430828423224625e-10 0.02283552475273609
v -0.023226328194141388 -1.0430825647667064e-10 0.009150399826467037
v -0.016061361879110336 -1.0430825647667064e-10 0.01578553393483162
v -0.016061361879110336 -1.0430825647667064e-10 0.01578553393483162
v -0.023226328194141388 -1.0430825647667064e-10 0.009150399826467037
v -0.020879624411463737 -1.0430825647667064e-10 0.008437513373792171
v -0.038997139781713486 -1.0430831198782187e-10 0.06314179301261902
v -0.0458960235118866 -1.0430831198782187e-10 0.06366094946861267
v -0.04759092628955841 -1.0430831198782187e-10 0.060000814497470856
v -0.04759092628955841 -1.0430831198782187e-10 0.060000814497470856
v -0.0458960235118866 -1.0430831198782187e-10 0.06366094946861267
v -0.0525590218603611 -1.0430831198782187e-10 0.061798546463251114
v -0.04759092628955841 -1.0430831198782187e-10 0.060000814497470856
v -0.0525590218603611 -1.0430831198782187e-10 0.061798546463251114
v -0.061041031032800674 -1.0430828423224625e-10 0.046315692365169525
v -0.061041031032800674 -1.0430828423224625e-10 0.046315692365169525
v -0.0525590218603611 -1.0430831198782187e-10 0.061798546463251114
v -0.058188844472169876 -1.0430828423224625e-10 0.05777745693922043
v -0.061041031032800674 -1.0430828423224625e-10 0.046315692365169525
v -0.058188844472169876 -1.0430828423224625e-10 0.05777745693922043
v -0.058482758700847626 -1.0430828423224625e-10 0.0574784092605114
v -0.03525737300515175 -1.0430828423224625e-10 0.04965590685606003
v -0.02965831756591797 -1.0430831198782187e-10 0.058245595544576645
v -0.0375918373465538 -1.0430828423224625e-10 0.05017344653606415
v -0.0375918373465538 -1.0430828423224625e-10 0.05017344653606415
v -0.02965831756591797 -1.0430831198782187e-10 0.058245595544576645
v -0.032687898725271225 -1.0430831198782187e-10 0.060303207486867905
v -0.0375918373465538 -1.0430828423224625e-10 0.05017344653606415
v -0.032687898725271225 -1.0430831198782187e-10 0.060303207486867905
v -0.038997139781713486 -1.0430831198782187e-10 0.06314179301261902
v -0.0315890908241272 -1.0430828423224625e-10 0.04988626018166542
v -0.00974888727068901 -1.0430828423224625e-10 0.03505295515060425
v -0.028905969113111496 -1.0430831198782187e-10 0.057734619826078415
v -0.028905969113111496 -1.0430831198782187e-10 0.057734619826078415
v -0.00974888727068901 -1.0430828423224625e-10 0.03505295515060425
v -0.0017284945352002978 -1.0430828423224625e-10 0.03102387674152851
v -0.028905969113111496 -1.0430831198782187e-10 0.057734619826078415
v -0.0017284945352002978 -1.0430828423224625e-10 0.03102387674152851
v -0.0019329194910824299 -1.0430831198782187e-10 0.03941521421074867
v -0.0019329194910824299 -1.0430831198782187e-10 0.03941521421074867
v -0.0017284945352002978 -1.0430828423224625e-10 0.03102387674152851
v 0.00236610253341496 -1.0430828423224625e-10 0.03519001975655556
v -0.0019329194910824299 -1.0430831198782187e-10 0.03941521421074867
v 0.00236610253341496 -1.0430828423224625e-10 0.03519001975655556
v 0.0031355065293610096 -1.0430828423224625e-10 0.035972870886325836
v 0.0031355065293610096 -1.0430828423224625e-10 0.035972870886325836
v 0.00236610253341496 -1.0430828423224625e-10 0.03519001975655556
v 0.023484498262405396 -1.0430828423224625e-10 0.022152356803417206
v 0.05131694674491882 -1.0430828423224625e-10 0.003249267814680934
v 0.044329240918159485 -1.0430828423224625e-10 0.007995137944817543
v 0.04116494208574295 -1.0430828423224625e-10 0.0047755460254848
v 0.04116494208574295 -1.0430828423224625e-10 0.0047755460254848
v 0.044329240918159485 -1.0430828423224625e-10 0.007995137944817543
v 0.025286465883255005 -1.0430828423224625e-10 0.020928502082824707
v 0.04116494208574295 -1.0430828423224625e-10 0.0047755460254848
v 0.025286465883255005 -1.0430828423224625e-10 0.020928502082824707
v 0.025012923404574394 -1.0430828423224625e-10 0.02065018005669117
v 0.025012923404574394 -1.0430828423224625e-10 0.02065018005669117
v 0.025286465883255005 -1.0430828423224625e-10 0.020928502082824707
v 0.023484498262405396 -1.0430828423224625e-10 0.022152356803417206
v 0.025012923404574394 -1.0430828423224625e-10 0.02065018005669117
v 0.023484498262405396 -1.0430828423224625e-10 0.022152356803417206
v 0.02115447446703911 -1.0430828423224625e-10 0.01672431081533432
v 0.02115447446703911 -1.0430828423224625e-10 0.01672431081533432
v 0.023484498262405396 -1.0430828423224625e-10 0.022152356803417206
v 0.00236610253341496 -1.0430828423224625e-10 0.03519001975655556
v 0.02115447446703911 -1.0430828423224625e-10 0.01672431081533432
v 0.00236610253341496 -1.0430828423224625e-10 0.03519001975655556
v 0.008437513373792171 -1.0430828423224625e-10 0.020879624411463737
v 0.008437513373792171 -1.0430828423224625e-10 0.020879624411463737
v 0.00236610253341496 -1.0430828423224625e-10 0.03519001975655556
v -0.0017284945352002978 -1.0430828423224625e-10 0.03102387674152851
v 0.008437513373792171 -1.0430828423224625e-10 0.020879624411463737
v -0.0017284945352002978 -1.0430828423224625e-10 0.03102387674152851
v -0.00019504058582242578 -1.0430828423224625e-10 0.022519154474139214
v -0.00019504058582242578 -1.0430828423224625e-10 0.022519154474139214
v -0.0017284945352002978 -1.0430828423224625e-10 0.03102387674152851
v -0.008797901682555676 -1.0430828423224625e-10 0.02073034830391407
v 0.10622588545084 -1.0430828423224625e-10 -0.034043483436107635
v 0.08906335383653641 -1.0430828423224625e-10 -0.022387122735381126
v 0.083333320915699 -1.0430825647667064e-10 -0.02821727655827999
v 0.083333320915699 -1.0430825647667064e-10 -0.02821727655827999
v 0.08906335383653641 -1.0430828423224625e-10 -0.022387122735381126
v 0.06891810148954391 -1.0430828423224625e-10 -0.00870498362928629
v 0.083333320915699 -1.0430825647667064e-10 -0.02821727655827999
v 0.06891810148954391 -1.0430828423224625e-10 -0.00870498362928629
v 0.06624618172645569 -1.0430828423224625e-10 -0.011423585936427116
v 0.06624618172645569 -1.0430828423224625e-10 -0.011423585936427116
v 0.06891810148954391 -1.0430828423224625e-10 -0.00870498362928629
v 0.06008162721991539 -1.0430828423224625e-10 -0.00270347879268229
v 0.06624618172645569 -1.0430828423224625e-10 -0.011423585936427116
v 0.06008162721991539 -1.0430828423224625e-10 -0.00270347879268229
v 0.05875111743807793 -1.0430828423224625e-10 -0.004057235084474087
v 0.05875111743807793 -1.0430828423224625e-10 -0.004057235084474087
v 0.06008162721991539 -1.0430828423224625e-10 -0.00270347879268229
v 0.05131694674491882 -1.0430828423224625e-10 0.003249267814680934
v 0.05875111743807793 -1.0430828423224625e-10 -0.004057235084474087
v 0.05131694674491882 -1.0430828423224625e-10 0.003249267814680934
v 0.05452606454491615 -1.0430828423224625e-10 -0.008356117643415928
v 0.05452606454491615 -1.0430828423224625e-10 -0.008356117643415928
v 0.05131694674491882 -1.0430828423224625e-10 0.003249267814680934
v 0.04116494208574295 -1.0430828423224625e-10 0.0047755460254848
v 0.05452606454491615 -1.0430828423224625e-10 -0.008356117643415928
v 0.04116494208574295 -1.0430828423224625e-10 0.0047755460254848
v 0.04925163835287094 -1.0430828423224625e-10 -0.0050186957232654095
v 0.04925163835287094 -1.0430828423224625e-10 -0.0050186957232654095
v 0.04116494208574295 -1.0430828423224625e-10 0.0047755460254848
v 0.03617797791957855 -1.0430828423224625e-10 0.003860601456835866
v 0.13523471355438232 -1.0430825647667064e-10 -0.06238768994808197
v 0.1757264882326126 -1.0430825647667064e-10 -0.07718125730752945
v 0.13412006199359894 -1.0430825647667064e-10 -0.061306439340114594
v 0.13412006199359894 -1.0430825647667064e-10 -0.061306439340114594
v 0.1757264882326126 -1.0430825647667064e-10 -0.07718125730752945
v 0.11960337311029434 -1.0430825647667064e-10 -0.043052807450294495
v 0.19365999102592468 -1.0430822872109502e-10 -0.10286927223205566
v 0.1944928616285324 -1.0430822872109502e-10 -0.10276380926370621
v 0.19285722076892853 -1.0430822872109502e-10 -0.10262363404035568
v 0.19285722076892853 -1.0430822872109502e-10 -0.10262363404035568
v 0.1944928616285324 -1.0430822872109502e-10 -0.10276380926370621
v 0.1952090710401535 -1.0430822872109502e-10 -0.10232581198215485
v 0.19285722076892853 -1.0430822872109502e-10 -0.10262363404035568
v 0.1952090710401535 -1.0430822872109502e-10 -0.10232581198215485
v 0.1448420137166977 -1.0430825647667064e-10 -0.07199643552303314
v 0.20645754039287567 -1.0430825647667064e-10 -0.08809015154838562
v 0.20689253509044647 -1.0430825647667064e-10 -0.09698982536792755
v 0.2086528092622757 -1.0430825647667064e-10 -0.09828781336545944
v 0.20645754039287567 -1.0430825647667064e-10 -0.08809015154838562
v 0.2086528092622757 -1.0430825647667064e-10 -0.09828781336545944
v 0.2208426296710968 -1.0430825647667064e-10 -0.10267659276723862
v 0.2208426296710968 -1.0430825647667064e-10 -0.10267659276723862
v 0.2086528092622757 -1.0430825647667064e-10 -0.09828781336545944
v 0.20969069004058838 -1.0430825647667064e-10 -0.10021296888589859
v 0.2208426296710968 -1.0430825647667064e-10 -0.10267659276723862
v 0.20969069004058838 -1.0430825647667064e-10 -0.10021296888589859
v 0.21235480904579163 -1.0430825647667064e-10 -0.10267983376979828
v 0.21091800928115845 -1.0430825647667064e-10 -0.10241194069385529
v 0.2116110622882843 -1.0430825647667064e-10 -0.10268183052539825
v 0.21037150919437408 -1.0430825647667064e-10 -0.10190749168395996
v 0.21037150919437408 -1.0430825647667064e-10 -0.10190749168395996
v 0.2116110622882843 -1.0430825647667064e-10 -0.10268183052539825
v 0.21235480904579163 -1.0430825647667064e-10 -0.10267983376979828
v 0.21037150919437408 -1.0430825647667064e-10 -0.10190749168395996
v 0.21235480904579163 -1.0430825647667064e-10 -0.10267983376979828
v 0.20989260077476501 -1.0430825647667064e-10 -0.10093144327402115
v 0.20989260077476501 -1.0430825647667064e-10 -0.10093144327402115
v 0.21235480904579163 -1.0430825647667064e-10 -0.10267983376979828
v 0.20969069004058838 -1.0430825647667064e-10 -0.10021296888589859
v 0.23224230110645294 -1.0430825647667064e-10 -0.094428651034832
v 0.22812697291374207 -1.0430825647667064e-10 -0.09071817249059677
v 0.22655005753040314 -1.0430825647667064e-10 -0.10022035241127014
v 0.22655005753040314 -1.0430825647667064e-10 -0.10022035241127014
v 0.22812697291374207 -1.0430825647667064e-10 -0.09071817249059677
v 0.2168198525905609 -1.0430825647667064e-10 -0.08882588893175125
v 0.22655005753040314 -1.0430825647667064e-10 -0.10022035241127014
v 0.2168198525905609 -1.0430825647667064e-10 -0.08882588893175125
v 0.21473877131938934 -1.0430825647667064e-10 -0.08878651261329651
v 0.25114864110946655 -1.0430825647667064e-10 -0.11468204110860825
v 0.24620820581912994 -1.0430825647667064e-10 -0.10433679819107056
v 0.24672839045524597 -1.0430825647667064e-10 -0.10866596549749374
v 0.24672839045524597 -1.0430825647667064e-10 -0.10866596549749374
v 0.24620820581912994 -1.0430825647667064e-10 -0.10433679819107056
v 0.23826582729816437 -1.0430825647667064e-10 -0.09606936573982239
v 0.24672839045524597 -1.0430825647667064e-10 -0.10866596549749374
v 0.23826582729816437 -1.0430825647667064e-10 -0.09606936573982239
v 0.23948533833026886 -1.0430825647667064e-10 -0.10154730081558228
v 0.224270299077034 -1.043082009655194e-10 -0.15006066858768463
v 0.23167569935321808 -1.043082009655194e-10 -0.14593656361103058
v 0.23218555748462677 -1.043082009655194e-10 -0.1450355350971222
v 0.224270299077034 -1.043082009655194e-10 -0.15006066858768463
v 0.23218555748462677 -1.043082009655194e-10 -0.1450355350971222
v 0.23779022693634033 -1.0430822872109502e-10 -0.13630451261997223
v 0.25037482380867004 -1.0430822872109502e-10 -0.13730502128601074
v 0.2355392426252365 -1.043082009655194e-10 -0.1459030956029892
v 0.24473902583122253 -1.043082009655194e-10 -0.1472884863615036
v 0.24473902583122253 -1.043082009655194e-10 -0.1472884863615036
v 0.2355392426252365 -1.043082009655194e-10 -0.1459030956029892
v 0.2355482280254364 -1.043082009655194e-10 -0.14693833887577057
v 0.24473902583122253 -1.043082009655194e-10 -0.1472884863615036
v 0.2355482280254364 -1.043082009655194e-10 -0.14693833887577057
v 0.23625031113624573 -1.043082009655194e-10 -0.1549939066171646
v 0.2355482280254364 -1.043082009655194e-10 -0.14693833887577057
v 0.23503835499286652 -1.043082009655194e-10 -0.14783935248851776
v 0.23625031113624573 -1.043082009655194e-10 -0.1549939066171646
v 0.23625031113624573 -1.043082009655194e-10 -0.1549939066171646
v 0.23503835499286652 -1.043082009655194e-10 -0.14783935248851776
v 0.23414631187915802 -1.043082009655194e-10 -0.14836475253105164
v 0.23625031113624573 -1.043082009655194e-10 -0.1549939066171646
v 0.23414631187915802 -1.043082009655194e-10 -0.14836475253105164
v 0.22576949000358582 -1.043082009655194e-10 -0.15963979065418243
v 0.23218555748462677 -1.043082009655194e-10 -0.1450355350971222
v 0.23307761549949646 -1.043082009655194e-10 -0.1445101499557495
v 0.23779022693634033 -1.0430822872109502e-10 -0.13630451261997223
v 0.23779022693634033 -1.0430822872109502e-10 -0.13630451261997223
v 0.23307761549949646 -1.043082009655194e-10 -0.1445101499557495
v 0.23411282896995544 -1.043082009655194e-10 -0.14450117945671082
v 0.23779022693634033 -1.0430822872109502e-10 -0.13630451261997223
v 0.23411282896995544 -1.043082009655194e-10 -0.14450117945671082
v 0.25037482380867004 -1.0430822872109502e-10 -0.13730502128601074
v 0.25037482380867004 -1.0430822872109502e-10 -0.13730502128601074
v 0.23411282896995544 -1.043082009655194e-10 -0.14450117945671082
v 0.23501387238502502 -1.043082009655194e-10 -0.1450110375881195
v 0.25037482380867004 -1.0430822872109502e-10 -0.13730502128601074
v 0.23501387238502502 -1.043082009655194e-10 -0.1450110375881195
v 0.2355392426252365 -1.043082009655194e-10 -0.1459030956029892
v 0.23414631187915802 -1.043082009655194e-10 -0.14836475253105164
v 0.23311106860637665 -1.043082009655194e-10 -0.14837370812892914
v 0.22576949000358582 -1.043082009655194e-10 -0.15963979065418243
v 0.22576949000358582 -1.043082009655194e-10 -0.15963979065418243
v 0.23311106860637665 -1.043082009655194e-10 -0.14837370812892914
v 0.23221005499362946 -1.043082009655194e-10 -0.14786386489868164
v 0.22576949000358582 -1.043082009655194e-10 -0.15963979065418243
v 0.23221005499362946 -1.043082009655194e-10 -0.14786386489868164
v 0.224270299077034 -1.043082009655194e-10 -0.15006066858768463
v 0.224270299077034 -1.043082009655194e-10 -0.15006066858768463
v 0.23221005499362946 -1.043082009655194e-10 -0.14786386489868164
v 0.23168465495109558 -1.043082009655194e-10 -0.14697179198265076
v 0.224270299077034 -1.043082009655194e-10 -0.15006066858768463
v 0.23168465495109558 -1.043082009655194e-10 -0.14697179198265076
v 0.23167569935321808 -1.043082009655194e-10 -0.14593656361103058
v 0.20666423439979553 -1.043082009655194e-10 -0.14943017065525055
v 0.20806191861629486 -1.0430817320994379e-10 -0.15979637205600739
v 0.21317735314369202 -1.0430817320994379e-10 -0.15583142638206482
v 0.21317735314369202 -1.0430817320994379e-10 -0.15583142638206482
v 0.20806191861629486 -1.0430817320994379e-10 -0.15979637205600739
v 0.20933325588703156 -1.0430817320994379e-10 -0.16008274257183075
v 0.21317735314369202 -1.0430817320994379e-10 -0.15583142638206482
v 0.20933325588703156 -1.0430817320994379e-10 -0.16008274257183075
v 0.21385158598423004 -1.0430817320994379e-10 -0.16071964800357819
v 0.20243918895721436 -1.0430817320994379e-10 -0.15372906625270844
v 0.19519613683223724 -1.043082009655194e-10 -0.14661039412021637
v 0.20317743718624115 -1.0430817320994379e-10 -0.15822650492191315
v 0.20317743718624115 -1.0430817320994379e-10 -0.15822650492191315
v 0.19519613683223724 -1.043082009655194e-10 -0.14661039412021637
v 0.19335733354091644 -1.0430817320994379e-10 -0.15231065452098846
v 0.10330503433942795 -1.043082009655194e-10 -0.08830373734235764
v 0.12031405419111252 -1.043082009655194e-10 -0.09695298969745636
v 0.12432855367660522 -1.043082009655194e-10 -0.09286833554506302
v 0.12432855367660522 -1.043082009655194e-10 -0.09286833554506302
v 0.12031405419111252 -1.043082009655194e-10 -0.09695298969745636
v 0.1372440904378891 -1.043082009655194e-10 -0.10556207597255707
v 0.12432855367660522 -1.043082009655194e-10 -0.09286833554506302
v 0.1372440904378891 -1.043082009655194e-10 -0.10556207597255707
v 0.12842315435409546 -1.0430822872109502e-10 -0.08870219439268112
v 0.12842315435409546 -1.0430822872109502e-10 -0.08870219439268112
v 0.1372440904378891 -1.043082009655194e-10 -0.10556207597255707
v 0.15390774607658386 -1.043082009655194e-10 -0.1140357032418251
v 0.12842315435409546 -1.0430822872109502e-10 -0.08870219439268112
v 0.15390774607658386 -1.043082009655194e-10 -0.1140357032418251
v 0.13524992763996124 -1.0430822872109502e-10 -0.08769366890192032
v 0.13524992763996124 -1.0430822872109502e-10 -0.08769366890192032
v 0.15390774607658386 -1.043082009655194e-10 -0.1140357032418251
v 0.1663319617509842 -1.043082009655194e-10 -0.12186574190855026
v 0.13524992763996124 -1.0430822872109502e-10 -0.08769366890192032
v 0.1663319617509842 -1.043082009655194e-10 -0.12186574190855026
v 0.18795308470726013 -1.043082009655194e-10 -0.1394917368888855
v 0.18795308470726013 -1.043082009655194e-10 -0.1394917368888855
v 0.1663319617509842 -1.043082009655194e-10 -0.12186574190855026
v 0.1771155446767807 -1.043082009655194e-10 -0.1318349689245224
v 0.18795308470726013 -1.043082009655194e-10 -0.1394917368888855
v 0.1771155446767807 -1.043082009655194e-10 -0.1318349689245224
v 0.18589507043361664 -1.0430817320994379e-10 -0.14360740780830383
v -0.020879624411463737 -1.0430825647667064e-10 0.008437513373792171
v -0.023226328194141388 -1.0430825647667064e-10 0.009150399826467037
v -0.022519154474139214 -1.0430825647667064e-10 -0.00019504058582242578
v -0.022519154474139214 -1.0430825647667064e-10 -0.00019504058582242578
v -0.023226328194141388 -1.0430825647667064e-10 0.009150399826467037
v -0.02940787933766842 -1.0430825647667064e-10 0.0028608350548893213
v -0.022519154474139214 -1.0430825647667064e-10 -0.00019504058582242578
v -0.02940787933766842 -1.0430825647667064e-10 0.0028608350548893213
v -0.02073034830391407 -1.0430822872109502e-10 -0.008797901682555676
v -0.02073034830391407 -1.0430822872109502e-10 -0.008797901682555676
v -0.02940787933766842 -1.0430825647667064e-10 0.0028608350548893213
v -0.03702792525291443 -1.0430822872109502e-10 -0.004892358090728521
v -0.02073034830391407 -1.0430822872109502e-10 -0.008797901682555676
v -0.03702792525291443 -1.0430822872109502e-10 -0.004892358090728521
v -0.01578553393483162 -1.0430822872109502e-10 -0.016061361879110336
v -0.01578553393483162 -1.0430822872109502e-10 -0.016061361879110336
v -0.03702792525291443 -1.0430822872109502e-10 -0.004892358090728521
v -0.018239552155137062 -1.0430822872109502e-10 -0.023358069360256195
v -0.01578553393483162 -1.0430822872109502e-10 -0.016061361879110336
v -0.018239552155137062 -1.0430822872109502e-10 -0.023358069360256195
v -0.008437513373792171 -1.0430822872109502e-10 -0.020879624411463737
v -0.008437513373792171 -1.0430822872109502e-10 -0.020879624411463737
v -0.018239552155137062 -1.0430822872109502e-10 -0.023358069360256195
v -0.011621413752436638 -1.0430822872109502e-10 -0.029862551018595695
v -0.008437513373792171 -1.0430822872109502e-10 -0.020879624411463737
v -0.011621413752436638 -1.0430822872109502e-10 -0.029862551018595695
v 0.005532511509954929 -1.0430822872109502e-10 -0.03147950768470764
v 0.005532511509954929 -1.0430822872109502e-10 -0.03147950768470764
v -0.011621413752436638 -1.0430822872109502e-10 -0.029862551018595695
v 0.0008758580079302192 -1.0430822872109502e-10 -0.03621752932667732
v 0.005532511509954929 -1.0430822872109502e-10 -0.03147950768470764
v 0.0008758580079302192 -1.0430822872109502e-10 -0.03621752932667732
v 0.018389977514743805 -1.0430822872109502e-10 -0.0451236292719841
v -0.03809411823749542 -1.043082009655194e-10 -0.021479634568095207
v -0.030039584264159203 -1.0430822872109502e-10 -0.022154606878757477
v -0.03532819822430611 -1.0430822872109502e-10 -0.01610870100557804
v -0.03826933354139328 -1.0430822872109502e-10 -0.01111488789319992
v -0.03671647608280182 -1.0430822872109502e-10 -0.011101438663899899
v -0.03702792525291443 -1.0430822872109502e-10 -0.004892358090728521
v -0.03702792525291443 -1.0430822872109502e-10 -0.004892358090728521
v -0.03671647608280182 -1.0430822872109502e-10 -0.011101438663899899
v -0.035364940762519836 -1.0430822872109502e-10 -0.011866217479109764
v -0.03702792525291443 -1.0430822872109502e-10 -0.004892358090728521
v -0.035364940762519836 -1.0430822872109502e-10 -0.011866217479109764
v -0.018239552155137062 -1.0430822872109502e-10 -0.023358069360256195
v -0.018239552155137062 -1.0430822872109502e-10 -0.023358069360256195
v -0.035364940762519836 -1.0430822872109502e-10 -0.011866217479109764
v -0.034576863050460815 -1.0430822872109502e-10 -0.013204306364059448
v -0.018239552155137062 -1.0430822872109502e-10 -0.023358069360256195
v -0.034576863050460815 -1.0430822872109502e-10 -0.013204306364059448
v -0.03456341475248337 -1.0430822872109502e-10 -0.01475716382265091
v -0.03960742428898811 -1.0430822872109502e-10 -0.011902962811291218
v -0.045757219195365906 -1.0430822872109502e-10 -0.0025601356755942106
v -0.040372204035520554 -1.0430822872109502e-10 -0.01325449999421835
v -0.040372204035520554 -1.0430822872109502e-10 -0.01325449999421835
v -0.045757219195365906 -1.0430822872109502e-10 -0.0025601356755942106
v -0.04495079070329666 -1.0430822872109502e-10 -0.014510780572891235
v -0.040372204035520554 -1.0430822872109502e-10 -0.01325449999421835
v -0.04495079070329666 -1.0430822872109502e-10 -0.014510780572891235
v -0.04035875201225281 -1.0430822872109502e-10 -0.014807358384132385
v -0.04035875201225281 -1.0430822872109502e-10 -0.014807358384132385
v -0.04495079070329666 -1.0430822872109502e-10 -0.014510780572891235
v -0.039570678025484085 -1.0430822872109502e-10 -0.01614544354379177
v -0.03532819822430611 -1.0430822872109502e-10 -0.01610870100557804
v -0.030039584264159203 -1.0430822872109502e-10 -0.022154606878757477
v -0.03456341475248337 -1.0430822872109502e-10 -0.01475716382265091
v -0.03456341475248337 -1.0430822872109502e-10 -0.01475716382265091
v -0.030039584264159203 -1.0430822872109502e-10 -0.022154606878757477
v -0.022644314914941788 -1.0430822872109502e-10 -0.024257300421595573
v -0.03456341475248337 -1.0430822872109502e-10 -0.01475716382265091
v -0.022644314914941788 -1.0430822872109502e-10 -0.024257300421595573
v -0.018239552155137062 -1.0430822872109502e-10 -0.023358069360256195
v -0.018239552155137062 -1.0430822872109502e-10 -0.023358069360256195
v -0.022644314914941788 -1.0430822872109502e-10 -0.024257300421595573
v -0.020296650007367134 -1.0430822872109502e-10 -0.025451110675930977
v -0.018239552155137062 -1.0430822872109502e-10 -0.023358069360256195
v -0.020296650007367134 -1.0430822872109502e-10 -0.025451110675930977
v -0.011621413752436638 -1.0430822872109502e-10 -0.029862551018595695
v -0.03532819822430611 -1.0430822872109502e-10 -0.01610870100557804
v -0.03666628524661064 -1.0430822872109502e-10 -0.016896774992346764
v -0.03809411823749542 -1.043082009655194e-10 -0.021479634568095207
v -0.03809411823749542 -1.043082009655194e-10 -0.021479634568095207
v -0.03666628524661064 -1.0430822872109502e-10 -0.016896774992346764
v -0.038219138979911804 -1.0430822872109502e-10 -0.01691022701561451
v -0.03809411823749542 -1.043082009655194e-10 -0.021479634568095207
v -0.038219138979911804 -1.0430822872109502e-10 -0.01691022701561451
v -0.041431836783885956 -1.043082009655194e-10 -0.020372657105326653
v -0.041431836783885956 -1.043082009655194e-10 -0.020372657105326653
v -0.038219138979911804 -1.0430822872109502e-10 -0.01691022701561451
v -0.039570678025484085 -1.0430822872109502e-10 -0.01614544354379177
v -0.041431836783885956 -1.043082009655194e-10 -0.020372657105326653
v -0.039570678025484085 -1.0430822872109502e-10 -0.01614544354379177
v -0.043898120522499084 -1.0430822872109502e-10 -0.017866022884845734
v -0.043898120522499084 -1.0430822872109502e-10 -0.017866022884845734
v -0.039570678025484085 -1.0430822872109502e-10 -0.01614544354379177
v -0.04495079070329666 -1.0430822872109502e-10 -0.014510780572891235
v -0.03960742428898811 -1.0430822872109502e-10 -0.011902962811291218
v -0.03826933354139328 -1.0430822872109502e-10 -0.01111488789319992
v -0.045757219195365906 -1.0430822872109502e-10 -0.0025601356755942106
v -0.045757219195365906 -1.0430822872109502e-10 -0.0025601356755942106
v -0.03826933354139328 -1.0430822872109502e-10 -0.01111488789319992
v -0.03702792525291443 -1.0430822872109502e-10 -0.004892358090728521
v -0.045757219195365906 -1.0430822872109502e-10 -0.0025601356755942106
v -0.03702792525291443 -1.0430822872109502e-10 -0.004892358090728521
v -0.04704602062702179 -1.0430822872109502e-10 0.0032757532317191362
v -0.04704602062702179 -1.0430822872109502e-10 0.0032757532317191362
v -0.03702792525291443 -1.0430822872109502e-10 -0.004892358090728521
v -0.04808435216546059 -1.0430822872109502e-10 0.0059741949662566185
v -0.058482758700847626 -1.0430828423224625e-10 0.0574784092605114
v -0.061627425253391266 -1.0430828423224625e-10 0.052741482853889465
v -0.061041031032800674 -1.0430828423224625e-10 0.046315692365169525
v -0.061041031032800674 -1.0430828423224625e-10 0.046315692365169525
v -0.061627425253391266 -1.0430828423224625e-10 0.052741482853889465
v -0.06278321892023087 -1.0430828423224625e-10 0.04717448353767395
v -0.061041031032800674 -1.0430828423224625e-10 0.046315692365169525
v -0.06278321892023087 -1.0430828423224625e-10 0.04717448353767395
v -0.051041942089796066 -1.0430828423224625e-10 0.03648832067847252
v -0.051041942089796066 -1.0430828423224625e-10 0.03648832067847252
v -0.06278321892023087 -1.0430828423224625e-10 0.04717448353767395
v -0.061784058809280396 -1.0430828423224625e-10 0.04157724976539612
v -0.051041942089796066 -1.0430828423224625e-10 0.03648832067847252
v -0.061784058809280396 -1.0430828423224625e-10 0.04157724976539612
v -0.05722349137067795 -1.0430825647667064e-10 0.030198758468031883
v -0.05722349137067795 -1.0430825647667064e-10 0.030198758468031883
v -0.061784058809280396 -1.0430828423224625e-10 0.04157724976539612
v -0.05751655623316765 -1.0430825647667064e-10 0.030486788600683212
v -0.05722349137067795 -1.0430825647667064e-10 0.030198758468031883
v -0.05751655623316765 -1.0430825647667064e-10 0.030486788600683212
v -0.05735445395112038 -1.0430825647667064e-10 0.03006551042199135
v 0.19451124966144562 -1.043082009655194e-10 -0.13164395093917847
v 0.19379596412181854 -1.043082009655194e-10 -0.13144022226333618
v 0.1921781450510025 -1.043082009655194e-10 -0.1351928561925888
v 0.1921781450510025 -1.043082009655194e-10 -0.1351928561925888
v 0.19379596412181854 -1.043082009655194e-10 -0.13144022226333618
v 0.19271332025527954 -1.043082009655194e-10 -0.13153980672359467
v 0.1921781450510025 -1.043082009655194e-10 -0.1351928561925888
v 0.19271332025527954 -1.043082009655194e-10 -0.13153980672359467
v 0.19199484586715698 -1.043082009655194e-10 -0.1317417174577713
v 0.19990688562393188 -1.043082009655194e-10 -0.13997793197631836
v 0.1954883486032486 -1.043082009655194e-10 -0.1327308714389801
v 0.1921781450510025 -1.043082009655194e-10 -0.1351928561925888
v 0.1921781450510025 -1.043082009655194e-10 -0.1351928561925888
v 0.1954883486032486 -1.043082009655194e-10 -0.1327308714389801
v 0.19510264694690704 -1.043082009655194e-10 -0.13209496438503265
v 0.1921781450510025 -1.043082009655194e-10 -0.1351928561925888
v 0.19510264694690704 -1.043082009655194e-10 -0.13209496438503265
v 0.19451124966144562 -1.043082009655194e-10 -0.13164395093917847
v 0.21527652442455292 -1.043082009655194e-10 -0.15159724652767181
v 0.2152855098247528 -1.043082009655194e-10 -0.15263248980045319
v 0.22151270508766174 -1.043082009655194e-10 -0.14735043048858643
v 0.21317735314369202 -1.0430817320994379e-10 -0.15583142638206482
v 0.21477565169334412 -1.043082009655194e-10 -0.15353351831436157
v 0.21388359367847443 -1.043082009655194e-10 -0.15405890345573425
v 0.2066914588212967 -1.043082009655194e-10 -0.14507821202278137
v 0.21192283928394318 -1.043082009655194e-10 -0.1507296860218048
v 0.21281489729881287 -1.043082009655194e-10 -0.15020430088043213
v 0.21527652442455292 -1.043082009655194e-10 -0.15159724652767181
v 0.22151270508766174 -1.043082009655194e-10 -0.14735043048858643
v 0.21475115418434143 -1.043082009655194e-10 -0.15070518851280212
v 0.2066914588212967 -1.043082009655194e-10 -0.14507821202278137
v 0.21281489729881287 -1.043082009655194e-10 -0.15020430088043213
v 0.21488086879253387 -1.043082009655194e-10 -0.1473090797662735
v 0.21488086879253387 -1.043082009655194e-10 -0.1473090797662735
v 0.21281489729881287 -1.043082009655194e-10 -0.15020430088043213
v 0.21385012567043304 -1.043082009655194e-10 -0.15019533038139343
v 0.21488086879253387 -1.043082009655194e-10 -0.1473090797662735
v 0.21385012567043304 -1.043082009655194e-10 -0.15019533038139343
v 0.22082822024822235 -1.043082009655194e-10 -0.14697667956352234
v 0.21388359367847443 -1.043082009655194e-10 -0.15405890345573425
v 0.21284835040569305 -1.043082009655194e-10 -0.15406785905361176
v 0.21317735314369202 -1.0430817320994379e-10 -0.15583142638206482
v 0.21317735314369202 -1.0430817320994379e-10 -0.15583142638206482
v 0.21284835040569305 -1.043082009655194e-10 -0.15406785905361176
v 0.21194733679294586 -1.043082009655194e-10 -0.15355801582336426
v 0.21317735314369202 -1.0430817320994379e-10 -0.15583142638206482
v 0.21194733679294586 -1.043082009655194e-10 -0.15355801582336426
v 0.20666423439979553 -1.043082009655194e-10 -0.14943017065525055
v 0.20666423439979553 -1.043082009655194e-10 -0.14943017065525055
v 0.21194733679294586 -1.043082009655194e-10 -0.15355801582336426
v 0.211421936750412 -1.043082009655194e-10 -0.15266594290733337
v 0.20666423439979553 -1.043082009655194e-10 -0.14943017065525055
v 0.211421936750412 -1.043082009655194e-10 -0.15266594290733337
v 0.21141298115253448 -1.043082009655194e-10 -0.1516307145357132
v 0.21385012567043304 -1.043082009655194e-10 -0.15019533038139343
v 0.21475115418434143 -1.043082009655194e-10 -0.15070518851280212
v 0.22082822024822235 -1.043082009655194e-10 -0.14697667956352234
v 0.22082822024822235 -1.043082009655194e-10 -0.14697667956352234
v 0.21475115418434143 -1.043082009655194e-10 -0.15070518851280212
v 0.22151270508766174 -1.043082009655194e-10 -0.14735043048858643
v 0.22082822024822235 -1.043082009655194e-10 -0.14697667956352234
v 0.22151270508766174 -1.043082009655194e-10 -0.14735043048858643
v 0.22331486642360687 -1.043082009655194e-10 -0.1463545262813568
v 0.22331486642360687 -1.043082009655194e-10 -0.1463545262813568
v 0.22151270508766174 -1.043082009655194e-10 -0.14735043048858643
v 0.224270299077034 -1.043082009655194e-10 -0.15006066858768463
v 0.22331486642360687 -1.043082009655194e-10 -0.1463545262813568
v 0.224270299077034 -1.043082009655194e-10 -0.15006066858768463
v 0.23079851269721985 -1.043082009655194e-10 -0.1423497349023819
v 0.23079851269721985 -1.043082009655194e-10 -0.1423497349023819
v 0.224270299077034 -1.043082009655194e-10 -0.15006066858768463
v 0.23779022693634033 -1.0430822872109502e-10 -0.13630451261997223
v 0.23079851269721985 -1.043082009655194e-10 -0.1423497349023819
v 0.23779022693634033 -1.0430822872109502e-10 -0.13630451261997223
v 0.23627157509326935 -1.0430822872109502e-10 -0.13586212694644928
v 0.23627157509326935 -1.0430822872109502e-10 -0.13586212694644928
v 0.23779022693634033 -1.0430822872109502e-10 -0.13630451261997223
v 0.24341259896755219 -1.0430822872109502e-10 -0.1300194412469864
v 0.23627157509326935 -1.0430822872109502e-10 -0.13586212694644928
v 0.24341259896755219 -1.0430822872109502e-10 -0.1300194412469864
v 0.2425115704536438 -1.0430822872109502e-10 -0.1295095682144165
v 0.24197721481323242 -1.0430822872109502e-10 -0.12758226692676544
v 0.24248705804347992 -1.0430822872109502e-10 -0.12668125331401825
v 0.23895864188671112 -1.0430822872109502e-10 -0.12781085073947906
v 0.23895864188671112 -1.0430822872109502e-10 -0.12781085073947906
v 0.24248705804347992 -1.0430822872109502e-10 -0.12668125331401825
v 0.24388322234153748 -1.0430822872109502e-10 -0.12458901852369308
v 0.23895864188671112 -1.0430822872109502e-10 -0.12781085073947906
v 0.24388322234153748 -1.0430822872109502e-10 -0.12458901852369308
v 0.23847895860671997 -1.0430822872109502e-10 -0.1193365678191185
v 0.23847895860671997 -1.0430822872109502e-10 -0.1193365678191185
v 0.24388322234153748 -1.0430822872109502e-10 -0.12458901852369308
v 0.2400803565979004 -1.0430825647667064e-10 -0.11543016135692596
v 0.23847895860671997 -1.0430822872109502e-10 -0.1193365678191185
v 0.2400803565979004 -1.0430825647667064e-10 -0.11543016135692596
v 0.234900563955307 -1.0430825647667064e-10 -0.11163992434740067
v 0.234900563955307 -1.0430825647667064e-10 -0.11163992434740067
v 0.2400803565979004 -1.0430825647667064e-10 -0.11543016135692596
v 0.23283730447292328 -1.0430825647667064e-10 -0.1083114966750145
v 0.22873039543628693 -1.0430825647667064e-10 -0.10581133514642715
v 0.22559426724910736 -1.0430825647667064e-10 -0.10119284689426422
v 0.2208426296710968 -1.0430825647667064e-10 -0.10267659276723862
v 0.2208426296710968 -1.0430825647667064e-10 -0.10267659276723862
v 0.22559426724910736 -1.0430825647667064e-10 -0.10119284689426422
v 0.2212914675474167 -1.0430825647667064e-10 -0.09892083704471588
v 0.2208426296710968 -1.0430825647667064e-10 -0.10267659276723862
v 0.2212914675474167 -1.0430825647667064e-10 -0.09892083704471588
v 0.2203993946313858 -1.0430825647667064e-10 -0.09944622218608856
v 0.20689253509044647 -1.0430825647667064e-10 -0.09698982536792755
v 0.20645754039287567 -1.0430825647667064e-10 -0.08809015154838562
v 0.20474663376808167 -1.0430825647667064e-10 -0.09656735509634018
v 0.20474663376808167 -1.0430825647667064e-10 -0.09656735509634018
v 0.20645754039287567 -1.0430825647667064e-10 -0.08809015154838562
v 0.20249369740486145 -1.0430825647667064e-10 -0.08744659274816513
v 0.20474663376808167 -1.0430825647667064e-10 -0.09656735509634018
v 0.20249369740486145 -1.0430825647667064e-10 -0.08744659274816513
v 0.20262569189071655 -1.0430825647667064e-10 -0.09710123389959335
v 0.20262569189071655 -1.0430825647667064e-10 -0.09710123389959335
v 0.20249369740486145 -1.0430825647667064e-10 -0.08744659274816513
v 0.18864651024341583 -1.0430825647667064e-10 -0.08352271467447281
v 0.20262569189071655 -1.0430825647667064e-10 -0.09710123389959335
v 0.18864651024341583 -1.0430825647667064e-10 -0.08352271467447281
v 0.1952090710401535 -1.0430822872109502e-10 -0.10232581198215485
v 0.1952090710401535 -1.0430822872109502e-10 -0.10232581198215485
v 0.18864651024341583 -1.0430825647667064e-10 -0.08352271467447281
v 0.1757264882326126 -1.0430825647667064e-10 -0.07718125730752945
v 0.1952090710401535 -1.0430822872109502e-10 -0.10232581198215485
v 0.1757264882326126 -1.0430825647667064e-10 -0.07718125730752945
v 0.1448420137166977 -1.0430825647667064e-10 -0.07199643552303314
v 0.1448420137166977 -1.0430825647667064e-10 -0.07199643552303314
v 0.1757264882326126 -1.0430825647667064e-10 -0.07718125730752945
v 0.13523471355438232 -1.0430825647667064e-10 -0.06238768994808197
v 0.1448420137166977 -1.0430825647667064e-10 -0.07199643552303314
v 0.13523471355438232 -1.0430825647667064e-10 -0.06238768994808197
v 0.13565939664840698 -1.0430825647667064e-10 -0.06388140469789505
v 0.13565939664840698 -1.0430825647667064e-10 -0.06388140469789505
v 0.1352803260087967 -1.0430825647667064e-10 -0.06538734585046768
v 0.1448420137166977 -1.0430825647667064e-10 -0.07199643552303314
v 0.1448420137166977 -1.0430825647667064e-10 -0.07199643552303314
v 0.1352803260087967 -1.0430825647667064e-10 -0.06538734585046768
v 0.13455015420913696 -1.0430825647667064e-10 -0.0666976347565651
v 0.1448420137166977 -1.0430825647667064e-10 -0.07199643552303314
v 0.13455015420913696 -1.0430825647667064e-10 -0.0666976347565651
v 0.13419079780578613 -1.0430825647667064e-10 -0.06781164556741714
v 0.13419079780578613 -1.0430825647667064e-10 -0.06781164556741714
v 0.134285107254982 -1.0430825647667064e-10 -0.06897839158773422
v 0.1448420137166977 -1.0430825647667064e-10 -0.07199643552303314
v 0.1448420137166977 -1.0430825647667064e-10 -0.07199643552303314
v 0.134285107254982 -1.0430825647667064e-10 -0.06897839158773422
v 0.13481873273849487 -1.0430825647667064e-10 -0.07002022117376328
v 0.1448420137166977 -1.0430825647667064e-10 -0.07199643552303314
v 0.13481873273849487 -1.0430825647667064e-10 -0.07002022117376328
v 0.13571041822433472 -1.0430825647667064e-10 -0.07077853381633759
v 0.11960337311029434 -1.0430825647667064e-10 -0.043052807450294495
v 0.11748999357223511 -1.0430825647667064e-10 -0.04169377312064171
v 0.13412006199359894 -1.0430825647667064e-10 -0.061306439340114594
v 0.13412006199359894 -1.0430825647667064e-10 -0.061306439340114594
v 0.11748999357223511 -1.0430825647667064e-10 -0.04169377312064171
v 0.10622588545084 -1.0430828423224625e-10 -0.034043483436107635
v 0.13412006199359894 -1.0430825647667064e-10 -0.061306439340114594
v 0.10622588545084 -1.0430828423224625e-10 -0.034043483436107635
v 0.09568483382463455 -1.0430825647667064e-10 -0.039888378232717514
v 0.09568483382463455 -1.0430825647667064e-10 -0.039888378232717514
v 0.10622588545084 -1.0430828423224625e-10 -0.034043483436107635
v 0.083333320915699 -1.0430825647667064e-10 -0.02821727655827999
v 0.09568483382463455 -1.0430825647667064e-10 -0.039888378232717514
v 0.083333320915699 -1.0430825647667064e-10 -0.02821727655827999
v 0.09417890012264252 -1.0430825647667064e-10 -0.03950931131839752
v 0.09417890012264252 -1.0430825647667064e-10 -0.03950931131839752
v 0.083333320915699 -1.0430825647667064e-10 -0.02821727655827999
v 0.09268517792224884 -1.0430825647667064e-10 -0.03993399441242218
v 0.09268517792224884 -1.0430825647667064e-10 -0.03993399441242218
v 0.083333320915699 -1.0430825647667064e-10 -0.02821727655827999
v 0.09160392731428146 -1.0430825647667064e-10 -0.04104864224791527
v 0.09160392731428146 -1.0430825647667064e-10 -0.04104864224791527
v 0.083333320915699 -1.0430825647667064e-10 -0.02821727655827999
v 0.07910826802253723 -1.0430825647667064e-10 -0.03251615911722183
v 0.09160392731428146 -1.0430825647667064e-10 -0.04104864224791527
v 0.07910826802253723 -1.0430825647667064e-10 -0.03251615911722183
v 0.09063037484884262 -1.0430825647667064e-10 -0.04279569908976555
v 0.08805540949106216 -1.0430825647667064e-10 -0.044335026293992996
v 0.08954912424087524 -1.0430825647667064e-10 -0.04391034319996834
v 0.08654947578907013 -1.0430825647667064e-10 -0.043955959379673004
v 0.08654947578907013 -1.0430825647667064e-10 -0.043955959379673004
v 0.08954912424087524 -1.0430825647667064e-10 -0.04391034319996834
v 0.09063037484884262 -1.0430825647667064e-10 -0.04279569908976555
v 0.08654947578907013 -1.0430825647667064e-10 -0.043955959379673004
v 0.09063037484884262 -1.0430825647667064e-10 -0.04279569908976555
v 0.07781419157981873 -1.0430825647667064e-10 -0.03908821567893028
v 0.07781419157981873 -1.0430825647667064e-10 -0.03908821567893028
v 0.09063037484884262 -1.0430825647667064e-10 -0.04279569908976555
v 0.07910826802253723 -1.0430825647667064e-10 -0.03251615911722183
v 0.07781419157981873 -1.0430825647667064e-10 -0.03908821567893028
v 0.07910826802253723 -1.0430825647667064e-10 -0.03251615911722183
v 0.0752498209476471 -1.0430825647667064e-10 -0.03644203022122383
v 0.0752498209476471 -1.0430825647667064e-10 -0.03644203022122383
v 0.07910826802253723 -1.0430825647667064e-10 -0.03251615911722183
v 0.07251407951116562 -1.0430825647667064e-10 -0.035799480974674225
v 0.0752498209476471 -1.0430825647667064e-10 -0.03644203022122383
v 0.07251407951116562 -1.0430825647667064e-10 -0.035799480974674225
v 0.07115522027015686 -1.0430825647667064e-10 -0.04060817137360573
v 0.07115522027015686 -1.0430825647667064e-10 -0.04060817137360573
v 0.07251407951116562 -1.0430825647667064e-10 -0.035799480974674225
v 0.07126791030168533 -1.0430825647667064e-10 -0.03641439974308014
v 0.07115522027015686 -1.0430825647667064e-10 -0.04060817137360573
v 0.07126791030168533 -1.0430825647667064e-10 -0.03641439974308014
v 0.06987833231687546 -1.0430825647667064e-10 -0.03640180081129074
v 0.06957404315471649 -1.0430822872109502e-10 -0.04951745271682739
v 0.06947973370552063 -1.0430822872109502e-10 -0.04835071787238121
v 0.06588690727949142 -1.0430822872109502e-10 -0.04613955691456795
v 0.06588690727949142 -1.0430822872109502e-10 -0.04613955691456795
v 0.06947973370552063 -1.0430822872109502e-10 -0.04835071787238121
v 0.06983909010887146 -1.0430822872109502e-10 -0.04723669961094856
v 0.06588690727949142 -1.0430822872109502e-10 -0.04613955691456795
v 0.06983909010887146 -1.0430822872109502e-10 -0.04723669961094856
v 0.07115522027015686 -1.0430825647667064e-10 -0.04060817137360573
v 0.07115522027015686 -1.0430825647667064e-10 -0.04060817137360573
v 0.06983909010887146 -1.0430822872109502e-10 -0.04723669961094856
v 0.07373328506946564 -1.0430825647667064e-10 -0.04024847596883774
v 0.07115522027015686 -1.0430825647667064e-10 -0.04060817137360573
v 0.07373328506946564 -1.0430825647667064e-10 -0.04024847596883774
v 0.0752498209476471 -1.0430825647667064e-10 -0.03644203022122383
v 0.0752498209476471 -1.0430825647667064e-10 -0.03644203022122383
v 0.07373328506946564 -1.0430825647667064e-10 -0.04024847596883774
v 0.07481454312801361 -1.0430825647667064e-10 -0.03913383185863495
v 0.0752498209476471 -1.0430825647667064e-10 -0.03644203022122383
v 0.07481454312801361 -1.0430825647667064e-10 -0.03913383185863495
v 0.07630825787782669 -1.0430825647667064e-10 -0.03870914876461029
v 0.12251649051904678 -1.0430822872109502e-10 -0.08746665716171265
v 0.1210227757692337 -1.0430822872109502e-10 -0.0878913402557373
v 0.12432855367660522 -1.043082009655194e-10 -0.09286833554506302
v 0.12432855367660522 -1.043082009655194e-10 -0.09286833554506302
v 0.1210227757692337 -1.0430822872109502e-10 -0.0878913402557373
v 0.11951684206724167 -1.0430822872109502e-10 -0.08751227706670761
v 0.12432855367660522 -1.043082009655194e-10 -0.09286833554506302
v 0.11951684206724167 -1.0430822872109502e-10 -0.08751227706670761
v 0.10330503433942795 -1.043082009655194e-10 -0.08830373734235764
v 0.10330503433942795 -1.043082009655194e-10 -0.08830373734235764
v 0.11951684206724167 -1.0430822872109502e-10 -0.08751227706670761
v 0.08108160644769669 -1.0430822872109502e-10 -0.06609421223402023
v 0.10330503433942795 -1.043082009655194e-10 -0.08830373734235764
v 0.08108160644769669 -1.0430822872109502e-10 -0.06609421223402023
v 0.063625767827034 -1.0430822872109502e-10 -0.055045563727617264
v 0.063625767827034 -1.0430822872109502e-10 -0.055045563727617264
v 0.08108160644769669 -1.0430822872109502e-10 -0.06609421223402023
v 0.0799669623374939 -1.0430822872109502e-10 -0.06501296162605286
v 0.063625767827034 -1.0430822872109502e-10 -0.055045563727617264
v 0.0799669623374939 -1.0430822872109502e-10 -0.06501296162605286
v 0.07954227924346924 -1.0430822872109502e-10 -0.06351925432682037
v 0.13524992763996124 -1.0430822872109502e-10 -0.08769366890192032
v 0.1314793974161148 -1.0430822872109502e-10 -0.08559254556894302
v 0.12842315435409546 -1.0430822872109502e-10 -0.08870219439268112
v 0.12842315435409546 -1.0430822872109502e-10 -0.08870219439268112
v 0.1314793974161148 -1.0430822872109502e-10 -0.08559254556894302
v 0.12840881943702698 -1.0430822872109502e-10 -0.08388146758079529
v 0.12842315435409546 -1.0430822872109502e-10 -0.08870219439268112
v 0.12840881943702698 -1.0430822872109502e-10 -0.08388146758079529
v 0.12690287828445435 -1.0430822872109502e-10 -0.0835023894906044
v 0.12251649051904678 -1.0430822872109502e-10 -0.08746665716171265
v 0.12432855367660522 -1.043082009655194e-10 -0.09286833554506302
v 0.12359774112701416 -1.0430822872109502e-10 -0.08635200560092926
v 0.12359774112701416 -1.0430822872109502e-10 -0.08635200560092926
v 0.12432855367660522 -1.043082009655194e-10 -0.09286833554506302
v 0.12842315435409546 -1.0430822872109502e-10 -0.08870219439268112
v 0.12359774112701416 -1.0430822872109502e-10 -0.08635200560092926
v 0.12842315435409546 -1.0430822872109502e-10 -0.08870219439268112
v 0.12432790547609329 -1.0430822872109502e-10 -0.08504172414541245
v 0.12432790547609329 -1.0430822872109502e-10 -0.08504172414541245
v 0.12842315435409546 -1.0430822872109502e-10 -0.08870219439268112
v 0.12690287828445435 -1.0430822872109502e-10 -0.0835023894906044
v 0.12432790547609329 -1.0430822872109502e-10 -0.08504172414541245
v 0.12690287828445435 -1.0430822872109502e-10 -0.0835023894906044
v 0.12540915608406067 -1.0430822872109502e-10 -0.08392707258462906
v 0.19199484586715698 -1.043082009655194e-10 -0.1317417174577713
v 0.1898108720779419 -1.043082009655194e-10 -0.13185857236385345
v 0.1921781450510025 -1.043082009655194e-10 -0.1351928561925888
v 0.1921781450510025 -1.043082009655194e-10 -0.1351928561925888
v 0.1898108720779419 -1.043082009655194e-10 -0.13185857236385345
v 0.18778595328330994 -1.043082009655194e-10 -0.1310320794582367
v 0.1921781450510025 -1.043082009655194e-10 -0.1351928561925888
v 0.18778595328330994 -1.043082009655194e-10 -0.1310320794582367
v 0.18795308470726013 -1.043082009655194e-10 -0.1394917368888855
v 0.18795308470726013 -1.043082009655194e-10 -0.1394917368888855
v 0.18778595328330994 -1.043082009655194e-10 -0.1310320794582367
v 0.18630753457546234 -1.043082009655194e-10 -0.12942036986351013
v 0.18795308470726013 -1.043082009655194e-10 -0.1394917368888855
v 0.18630753457546234 -1.043082009655194e-10 -0.12942036986351013
v 0.15510861575603485 -1.0430822872109502e-10 -0.09875994175672531
v 0.15510861575603485 -1.0430822872109502e-10 -0.09875994175672531
v 0.18630753457546234 -1.043082009655194e-10 -0.12942036986351013
v 0.18565846979618073 -1.043082009655194e-10 -0.12733179330825806
v 0.1863560527563095 -1.0430822872109502e-10 -0.11782710999250412
v 0.18636661767959595 -1.0430822872109502e-10 -0.11697395890951157
v 0.186020627617836 -1.0430822872109502e-10 -0.11619403213262558
v 0.18565846979618073 -1.043082009655194e-10 -0.12733179330825806
v 0.18627412617206573 -1.0430822872109502e-10 -0.11819121241569519
v 0.15510861575603485 -1.0430822872109502e-10 -0.09875994175672531
v 0.15510861575603485 -1.0430822872109502e-10 -0.09875994175672531
v 0.18627412617206573 -1.0430822872109502e-10 -0.11819121241569519
v 0.1863560527563095 -1.0430822872109502e-10 -0.11782710999250412
v 0.15510861575603485 -1.0430822872109502e-10 -0.09875994175672531
v 0.1863560527563095 -1.0430822872109502e-10 -0.11782710999250412
v 0.18538106977939606 -1.0430822872109502e-10 -0.11562928557395935
v 0.18538106977939606 -1.0430822872109502e-10 -0.11562928557395935
v 0.1863560527563095 -1.0430822872109502e-10 -0.11782710999250412
v 0.186020627617836 -1.0430822872109502e-10 -0.11619403213262558
v 0.21435949206352234 -1.0430817320994379e-10 -0.16075502336025238
v 0.22576949000358582 -1.043082009655194e-10 -0.15963979065418243
v 0.21593494713306427 -1.0430817320994379e-10 -0.15854167938232422
v 0.21593494713306427 -1.0430817320994379e-10 -0.15854167938232422
v 0.22576949000358582 -1.043082009655194e-10 -0.15963979065418243
v 0.224270299077034 -1.043082009655194e-10 -0.15006066858768463
v 0.21593494713306427 -1.0430817320994379e-10 -0.15854167938232422
v 0.224270299077034 -1.043082009655194e-10 -0.15006066858768463
v 0.21317735314369202 -1.0430817320994379e-10 -0.15583142638206482
v 0.21317735314369202 -1.0430817320994379e-10 -0.15583142638206482
v 0.224270299077034 -1.043082009655194e-10 -0.15006066858768463
v 0.22151270508766174 -1.043082009655194e-10 -0.14735043048858643
v 0.21317735314369202 -1.0430817320994379e-10 -0.15583142638206482
v 0.22151270508766174 -1.043082009655194e-10 -0.14735043048858643
v 0.21477565169334412 -1.043082009655194e-10 -0.15353351831436157
v 0.21477565169334412 -1.043082009655194e-10 -0.15353351831436157
v 0.22151270508766174 -1.043082009655194e-10 -0.14735043048858643
v 0.2152855098247528 -1.043082009655194e-10 -0.15263248980045319
v 0.2518678903579712 -1.0430822872109502e-10 -0.13208332657814026
v 0.25258609652519226 -1.0430822872109502e-10 -0.12605592608451843
v 0.24664081633090973 -1.0430822872109502e-10 -0.1272992640733719
v 0.24664081633090973 -1.0430822872109502e-10 -0.1272992640733719
v 0.25258609652519226 -1.0430822872109502e-10 -0.12605592608451843
v 0.24935106933116913 -1.0430822872109502e-10 -0.12454166263341904
v 0.24664081633090973 -1.0430822872109502e-10 -0.1272992640733719
v 0.24935106933116913 -1.0430822872109502e-10 -0.12454166263341904
v 0.24388322234153748 -1.0430822872109502e-10 -0.12458901852369308
v 0.24388322234153748 -1.0430822872109502e-10 -0.12458901852369308
v 0.24935106933116913 -1.0430822872109502e-10 -0.12454166263341904
v 0.24659346044063568 -1.0430822872109502e-10 -0.12183141708374023
v 0.24388322234153748 -1.0430822872109502e-10 -0.12458901852369308
v 0.24659346044063568 -1.0430822872109502e-10 -0.12183141708374023
v 0.2400803565979004 -1.0430825647667064e-10 -0.11543016135692596
v 0.25258609652519226 -1.0430822872109502e-10 -0.12605592608451843
v 0.2525947690010071 -1.0430822872109502e-10 -0.12576869130134583
v 0.24935106933116913 -1.0430822872109502e-10 -0.12454166263341904
v 0.24935106933116913 -1.0430822872109502e-10 -0.12454166263341904
v 0.2525947690010071 -1.0430822872109502e-10 -0.12576869130134583
v 0.2503068447113037 -1.0430822872109502e-10 -0.12356916815042496
v 0.24935106933116913 -1.0430822872109502e-10 -0.12454166263341904
v 0.2503068447113037 -1.0430822872109502e-10 -0.12356916815042496
v 0.24659346044063568 -1.0430822872109502e-10 -0.12183141708374023
v 0.24659346044063568 -1.0430822872109502e-10 -0.12183141708374023
v 0.2503068447113037 -1.0430822872109502e-10 -0.12356916815042496
v 0.24754925072193146 -1.0430825647667064e-10 -0.12085892260074615
v 0.24659346044063568 -1.0430822872109502e-10 -0.12183141708374023
v 0.24754925072193146 -1.0430825647667064e-10 -0.12085892260074615
v 0.2400803565979004 -1.0430825647667064e-10 -0.11543016135692596
v 0.2400803565979004 -1.0430825647667064e-10 -0.11543016135692596
v 0.24754925072193146 -1.0430825647667064e-10 -0.12085892260074615
v 0.24103614687919617 -1.0430825647667064e-10 -0.11445766687393188
v 0.2400803565979004 -1.0430825647667064e-10 -0.11543016135692596
v 0.24103614687919617 -1.0430825647667064e-10 -0.11445766687393188
v 0.23283730447292328 -1.0430825647667064e-10 -0.1083114966750145
v 0.23283730447292328 -1.0430825647667064e-10 -0.1083114966750145
v 0.24103614687919617 -1.0430825647667064e-10 -0.11445766687393188
v 0.23379309475421906 -1.0430825647667064e-10 -0.10733900219202042
v 0.24014662206172943 -1.0430825647667064e-10 -0.10728610306978226
v 0.24672839045524597 -1.0430825647667064e-10 -0.10866596549749374
v 0.23962123692035675 -1.0430825647667064e-10 -0.10639404505491257
v 0.23962123692035675 -1.0430825647667064e-10 -0.10639404505491257
v 0.24672839045524597 -1.0430825647667064e-10 -0.10866596549749374
v 0.23948533833026886 -1.0430825647667064e-10 -0.10154730081558228
v 0.23962123692035675 -1.0430825647667064e-10 -0.10639404505491257
v 0.23948533833026886 -1.0430825647667064e-10 -0.10154730081558228
v 0.23872020840644836 -1.0430825647667064e-10 -0.10588418692350388
v 0.24015559256076813 -1.0430825647667064e-10 -0.10832133889198303
v 0.23964573442935944 -1.0430825647667064e-10 -0.10922236740589142
v 0.24103614687919617 -1.0430825647667064e-10 -0.11445766687393188
v 0.24103614687919617 -1.0430825647667064e-10 -0.11445766687393188
v 0.23964573442935944 -1.0430825647667064e-10 -0.10922236740589142
v 0.23875367641448975 -1.0430825647667064e-10 -0.1097477450966835
v 0.23875367641448975 -1.0430825647667064e-10 -0.1097477450966835
v 0.23771843314170837 -1.0430825647667064e-10 -0.1097567155957222
v 0.24103614687919617 -1.0430825647667064e-10 -0.11445766687393188
v 0.24103614687919617 -1.0430825647667064e-10 -0.11445766687393188
v 0.23771843314170837 -1.0430825647667064e-10 -0.1097567155957222
v 0.2368174046278 -1.0430825647667064e-10 -0.10924685746431351
v 0.24103614687919617 -1.0430825647667064e-10 -0.11445766687393188
v 0.2368174046278 -1.0430825647667064e-10 -0.10924685746431351
v 0.23379309475421906 -1.0430825647667064e-10 -0.10733900219202042
v 0.23379309475421906 -1.0430825647667064e-10 -0.10733900219202042
v 0.2368174046278 -1.0430825647667064e-10 -0.10924685746431351
v 0.2362920343875885 -1.0430825647667064e-10 -0.10835479944944382
v 0.2362920343875885 -1.0430825647667064e-10 -0.10835479944944382
v 0.2362830638885498 -1.0430825647667064e-10 -0.10731956362724304
v 0.23379309475421906 -1.0430825647667064e-10 -0.10733900219202042
v 0.23379309475421906 -1.0430825647667064e-10 -0.10733900219202042
v 0.2362830638885498 -1.0430825647667064e-10 -0.10731956362724304
v 0.2367929220199585 -1.0430825647667064e-10 -0.10641853511333466
v 0.23379309475421906 -1.0430825647667064e-10 -0.10733900219202042
v 0.2367929220199585 -1.0430825647667064e-10 -0.10641853511333466
v 0.23948533833026886 -1.0430825647667064e-10 -0.10154730081558228
v 0.23948533833026886 -1.0430825647667064e-10 -0.10154730081558228
v 0.2367929220199585 -1.0430825647667064e-10 -0.10641853511333466
v 0.237684965133667 -1.0430825647667064e-10 -0.10589315742254257
v 0.23948533833026886 -1.0430825647667064e-10 -0.10154730081558228
v 0.237684965133667 -1.0430825647667064e-10 -0.10589315742254257
v 0.23872020840644836 -1.0430825647667064e-10 -0.10588418692350388
v 0.24014662206172943 -1.0430825647667064e-10 -0.10728610306978226
v 0.24015559256076813 -1.0430825647667064e-10 -0.10832133889198303
v 0.24672839045524597 -1.0430825647667064e-10 -0.10866596549749374
v 0.24672839045524597 -1.0430825647667064e-10 -0.10866596549749374
v 0.24015559256076813 -1.0430825647667064e-10 -0.10832133889198303
v 0.24103614687919617 -1.0430825647667064e-10 -0.11445766687393188
v 0.24672839045524597 -1.0430825647667064e-10 -0.10866596549749374
v 0.24103614687919617 -1.0430825647667064e-10 -0.11445766687393188
v 0.25114864110946655 -1.0430825647667064e-10 -0.11468204110860825
v 0.25114864110946655 -1.0430825647667064e-10 -0.11468204110860825
v 0.24103614687919617 -1.0430825647667064e-10 -0.11445766687393188
v 0.24754925072193146 -1.0430825647667064e-10 -0.12085892260074615
v 0.25114864110946655 -1.0430825647667064e-10 -0.11468204110860825
v 0.24754925072193146 -1.0430825647667064e-10 -0.12085892260074615
v 0.25171804428100586 -1.0430825647667064e-10 -0.11687377095222473
v 0.25171804428100586 -1.0430825647667064e-10 -0.11687377095222473
v 0.24754925072193146 -1.0430825647667064e-10 -0.12085892260074615
v 0.2503068447113037 -1.0430822872109502e-10 -0.12356916815042496
v 0.25171804428100586 -1.0430825647667064e-10 -0.11687377095222473
v 0.2503068447113037 -1.0430822872109502e-10 -0.12356916815042496
v 0.25247499346733093 -1.0430825647667064e-10 -0.12174370139837265
v 0.25247499346733093 -1.0430825647667064e-10 -0.12174370139837265
v 0.2503068447113037 -1.0430822872109502e-10 -0.12356916815042496
v 0.2525947690010071 -1.0430822872109502e-10 -0.12576869130134583
v 0.19552931189537048 -1.043082009655194e-10 -0.14375735819339752
v 0.1944940686225891 -1.043082009655194e-10 -0.14376632869243622
v 0.19519613683223724 -1.043082009655194e-10 -0.14661039412021637
v 0.19552931189537048 -1.043082009655194e-10 -0.14375735819339752
v 0.19519613683223724 -1.043082009655194e-10 -0.14661039412021637
v 0.19642136991024017 -1.043082009655194e-10 -0.14323198795318604
v 0.1963968724012375 -1.043082009655194e-10 -0.1404036581516266
v 0.19692225754261017 -1.043082009655194e-10 -0.14129571616649628
v 0.19942118227481842 -1.043082009655194e-10 -0.14231151342391968
v 0.19942118227481842 -1.043082009655194e-10 -0.14231151342391968
v 0.19692225754261017 -1.043082009655194e-10 -0.14129571616649628
v 0.19693122804164886 -1.043082009655194e-10 -0.14233095943927765
v 0.19693122804164886 -1.043082009655194e-10 -0.14233095943927765
v 0.19642136991024017 -1.043082009655194e-10 -0.14323198795318604
v 0.19942118227481842 -1.043082009655194e-10 -0.14231151342391968
v 0.19942118227481842 -1.043082009655194e-10 -0.14231151342391968
v 0.19642136991024017 -1.043082009655194e-10 -0.14323198795318604
v 0.19519613683223724 -1.043082009655194e-10 -0.14661039412021637
v 0.19942118227481842 -1.043082009655194e-10 -0.14231151342391968
v 0.19519613683223724 -1.043082009655194e-10 -0.14661039412021637
v 0.20666423439979553 -1.043082009655194e-10 -0.14943017065525055
v 0.20666423439979553 -1.043082009655194e-10 -0.14943017065525055
v 0.19519613683223724 -1.043082009655194e-10 -0.14661039412021637
v 0.20243918895721436 -1.0430817320994379e-10 -0.15372906625270844
v 0.20666423439979553 -1.043082009655194e-10 -0.14943017065525055
v 0.20243918895721436 -1.0430817320994379e-10 -0.15372906625270844
v 0.20806191861629486 -1.0430817320994379e-10 -0.15979637205600739
v 0.20806191861629486 -1.0430817320994379e-10 -0.15979637205600739
v 0.20243918895721436 -1.0430817320994379e-10 -0.15372906625270844
v 0.20317743718624115 -1.0430817320994379e-10 -0.15822650492191315
v 0.1944940686225891 -1.043082009655194e-10 -0.14376632869243622
v 0.19359304010868073 -1.043082009655194e-10 -0.14325648546218872
v 0.19519613683223724 -1.043082009655194e-10 -0.14661039412021637
v 0.19519613683223724 -1.043082009655194e-10 -0.14661039412021637
v 0.19359304010868073 -1.043082009655194e-10 -0.14325648546218872
v 0.18795308470726013 -1.043082009655194e-10 -0.1394917368888855
v 0.19519613683223724 -1.043082009655194e-10 -0.14661039412021637
v 0.18795308470726013 -1.043082009655194e-10 -0.1394917368888855
v 0.19335733354091644 -1.0430817320994379e-10 -0.15231065452098846
v 0.19335733354091644 -1.0430817320994379e-10 -0.15231065452098846
v 0.18795308470726013 -1.043082009655194e-10 -0.1394917368888855
v 0.18589507043361664 -1.0430817320994379e-10 -0.14360740780830383
v 0.19446061551570892 -1.043082009655194e-10 -0.1399027705192566
v 0.1954958438873291 -1.043082009655194e-10 -0.1398938000202179
v 0.1921781450510025 -1.043082009655194e-10 -0.1351928561925888
v 0.19359304010868073 -1.043082009655194e-10 -0.14325648546218872
v 0.19306765496730804 -1.043082009655194e-10 -0.14236441254615784
v 0.18795308470726013 -1.043082009655194e-10 -0.1394917368888855
v 0.18795308470726013 -1.043082009655194e-10 -0.1394917368888855
v 0.19306765496730804 -1.043082009655194e-10 -0.14236441254615784
v 0.19305869936943054 -1.043082009655194e-10 -0.14132918417453766
v 0.18795308470726013 -1.043082009655194e-10 -0.1394917368888855
v 0.19305869936943054 -1.043082009655194e-10 -0.14132918417453766
v 0.1921781450510025 -1.043082009655194e-10 -0.1351928561925888
v 0.1921781450510025 -1.043082009655194e-10 -0.1351928561925888
v 0.19305869936943054 -1.043082009655194e-10 -0.14132918417453766
v 0.19356854259967804 -1.043082009655194e-10 -0.14042815566062927
v 0.1921781450510025 -1.043082009655194e-10 -0.1351928561925888
v 0.19356854259967804 -1.043082009655194e-10 -0.14042815566062927
v 0.19446061551570892 -1.043082009655194e-10 -0.1399027705192566
v 0.1954958438873291 -1.043082009655194e-10 -0.1398938000202179
v 0.1963968724012375 -1.043082009655194e-10 -0.1404036581516266
v 0.1921781450510025 -1.043082009655194e-10 -0.1351928561925888
v 0.1921781450510025 -1.043082009655194e-10 -0.1351928561925888
v 0.1963968724012375 -1.043082009655194e-10 -0.1404036581516266
v 0.19942118227481842 -1.043082009655194e-10 -0.14231151342391968
v 0.1921781450510025 -1.043082009655194e-10 -0.1351928561925888
v 0.19942118227481842 -1.043082009655194e-10 -0.14231151342391968
v 0.19990688562393188 -1.043082009655194e-10 -0.13997793197631836
v 0.19990688562393188 -1.043082009655194e-10 -0.13997793197631836
v 0.19942118227481842 -1.043082009655194e-10 -0.14231151342391968
v 0.20666423439979553 -1.043082009655194e-10 -0.14943017065525055
v 0.19990688562393188 -1.043082009655194e-10 -0.13997793197631836
v 0.20666423439979553 -1.043082009655194e-10 -0.14943017065525055
v 0.2066914588212967 -1.043082009655194e-10 -0.14507821202278137
v 0.2066914588212967 -1.043082009655194e-10 -0.14507821202278137
v 0.20666423439979553 -1.043082009655194e-10 -0.14943017065525055
v 0.21141298115253448 -1.043082009655194e-10 -0.1516307145357132
v 0.2066914588212967 -1.043082009655194e-10 -0.14507821202278137
v 0.21141298115253448 -1.043082009655194e-10 -0.1516307145357132
v 0.21192283928394318 -1.043082009655194e-10 -0.1507296860218048
v 0.23826582729816437 -1.0430825647667064e-10 -0.09606936573982239
v 0.23224230110645294 -1.0430825647667064e-10 -0.094428651034832
v 0.23948533833026886 -1.0430825647667064e-10 -0.10154730081558228
v 0.23948533833026886 -1.0430825647667064e-10 -0.10154730081558228
v 0.23224230110645294 -1.0430825647667064e-10 -0.094428651034832
v 0.22655005753040314 -1.0430825647667064e-10 -0.10022035241127014
v 0.23948533833026886 -1.0430825647667064e-10 -0.10154730081558228
v 0.22655005753040314 -1.0430825647667064e-10 -0.10022035241127014
v 0.23379309475421906 -1.0430825647667064e-10 -0.10733900219202042
v 0.23379309475421906 -1.0430825647667064e-10 -0.10733900219202042
v 0.22655005753040314 -1.0430825647667064e-10 -0.10022035241127014
v 0.22559426724910736 -1.0430825647667064e-10 -0.10119284689426422
v 0.23379309475421906 -1.0430825647667064e-10 -0.10733900219202042
v 0.22559426724910736 -1.0430825647667064e-10 -0.10119284689426422
v 0.23283730447292328 -1.0430825647667064e-10 -0.1083114966750145
v 0.23283730447292328 -1.0430825647667064e-10 -0.1083114966750145
v 0.22559426724910736 -1.0430825647667064e-10 -0.10119284689426422
v 0.22873039543628693 -1.0430825647667064e-10 -0.10581133514642715
v 0.23283730447292328 -1.0430825647667064e-10 -0.1083114966750145
v 0.22873039543628693 -1.0430825647667064e-10 -0.10581133514642715
v 0.234900563955307 -1.0430825647667064e-10 -0.11163992434740067
v 0.050467416644096375 -1.0430825647667064e-10 -0.022121809422969818
v 0.05406808480620384 -1.0430825647667064e-10 -0.023814480751752853
v 0.04967934265732765 -1.0430825647667064e-10 -0.020783722400665283
v 0.04967934265732765 -1.0430825647667064e-10 -0.020783722400665283
v 0.05406808480620384 -1.0430825647667064e-10 -0.023814480751752853
v 0.04657301679253578 -1.0430825647667064e-10 -0.0164481308311224
v 0.04967934265732765 -1.0430825647667064e-10 -0.020783722400665283
v 0.04657301679253578 -1.0430825647667064e-10 -0.0164481308311224
v 0.04832780361175537 -1.0430825647667064e-10 -0.020018942654132843
v 0.04837799817323685 -1.0430825647667064e-10 -0.025814279913902283
v 0.04602035507559776 -1.0430822872109502e-10 -0.03200283274054527
v 0.04971608519554138 -1.0430825647667064e-10 -0.02502620220184326
v 0.04971608519554138 -1.0430825647667064e-10 -0.02502620220184326
v 0.04602035507559776 -1.0430822872109502e-10 -0.03200283274054527
v 0.05406808480620384 -1.0430825647667064e-10 -0.023814480751752853
v 0.04971608519554138 -1.0430825647667064e-10 -0.02502620220184326
v 0.05406808480620384 -1.0430825647667064e-10 -0.023814480751752853
v 0.05048086866736412 -1.0430825647667064e-10 -0.02367466688156128
v 0.05048086866736412 -1.0430825647667064e-10 -0.02367466688156128
v 0.05406808480620384 -1.0430825647667064e-10 -0.023814480751752853
v 0.050467416644096375 -1.0430825647667064e-10 -0.022121809422969818
v 0.04468552768230438 -1.0430825647667064e-10 -0.023724859580397606
v 0.0385252870619297 -1.0430825647667064e-10 -0.024636482819914818
v 0.0454736053943634 -1.0430825647667064e-10 -0.02506294846534729
v 0.0454736053943634 -1.0430825647667064e-10 -0.02506294846534729
v 0.0385252870619297 -1.0430825647667064e-10 -0.024636482819914818
v 0.04602035507559776 -1.0430822872109502e-10 -0.03200283274054527
v 0.0454736053943634 -1.0430825647667064e-10 -0.02506294846534729
v 0.04602035507559776 -1.0430822872109502e-10 -0.03200283274054527
v 0.046825140714645386 -1.0430825647667064e-10 -0.02582772821187973
v 0.046825140714645386 -1.0430825647667064e-10 -0.02582772821187973
v 0.04602035507559776 -1.0430822872109502e-10 -0.03200283274054527
v 0.04837799817323685 -1.0430825647667064e-10 -0.025814279913902283
v 0.04468552768230438 -1.0430825647667064e-10 -0.023724859580397606
v 0.044672079384326935 -1.0430825647667064e-10 -0.022172003984451294
v 0.0385252870619297 -1.0430825647667064e-10 -0.024636482819914818
v 0.0385252870619297 -1.0430825647667064e-10 -0.024636482819914818
v 0.044672079384326935 -1.0430825647667064e-10 -0.022172003984451294
v 0.045436859130859375 -1.0430825647667064e-10 -0.020820464938879013
v 0.0385252870619297 -1.0430825647667064e-10 -0.024636482819914818
v 0.045436859130859375 -1.0430825647667064e-10 -0.020820464938879013
v 0.04657301679253578 -1.0430825647667064e-10 -0.0164481308311224
v 0.04657301679253578 -1.0430825647667064e-10 -0.0164481308311224
v 0.045436859130859375 -1.0430825647667064e-10 -0.020820464938879013
v 0.04677494615316391 -1.0430825647667064e-10 -0.02003239095211029
v 0.04657301679253578 -1.0430825647667064e-10 -0.0164481308311224
v 0.04677494615316391 -1.0430825647667064e-10 -0.02003239095211029
v 0.04832780361175537 -1.0430825647667064e-10 -0.020018942654132843
v 0.05881623551249504 -1.0430825647667064e-10 -0.026352759450674057
v 0.058847177773714066 -1.0430825647667064e-10 -0.02529120445251465
v 0.05406808480620384 -1.0430825647667064e-10 -0.023814480751752853
v 0.05406808480620384 -1.0430825647667064e-10 -0.023814480751752853
v 0.058847177773714066 -1.0430825647667064e-10 -0.02529120445251465
v 0.05816268175840378 -1.0430825647667064e-10 -0.019648337736725807
v 0.05406808480620384 -1.0430825647667064e-10 -0.023814480751752853
v 0.05816268175840378 -1.0430825647667064e-10 -0.019648337736725807
v 0.04657301679253578 -1.0430825647667064e-10 -0.0164481308311224
v 0.04657301679253578 -1.0430825647667064e-10 -0.0164481308311224
v 0.05816268175840378 -1.0430825647667064e-10 -0.019648337736725807
v 0.05066761374473572 -1.0430825647667064e-10 -0.012281986884772778
v 0.04657301679253578 -1.0430825647667064e-10 -0.0164481308311224
v 0.05066761374473572 -1.0430825647667064e-10 -0.012281986884772778
v 0.04913415387272835 -1.0430825647667064e-10 -0.0106206638738513
v 0.04913415387272835 -1.0430825647667064e-10 -0.0106206638738513
v 0.05066761374473572 -1.0430825647667064e-10 -0.012281986884772778
v 0.04977548494935036 -1.0430828423224625e-10 -0.009774169884622097
v -0.0375918373465538 -1.0430828423224625e-10 0.05017344653606415
v -0.045681823045015335 -1.0430828423224625e-10 0.04910367727279663
v -0.044893745332956314 -1.0430828423224625e-10 0.0477655865252018
v -0.038997139781713486 -1.0430831198782187e-10 0.06314179301261902
v -0.04759092628955841 -1.0430831198782187e-10 0.060000814497470856
v -0.0375918373465538 -1.0430828423224625e-10 0.05017344653606415
v -0.0375918373465538 -1.0430828423224625e-10 0.05017344653606415
v -0.04759092628955841 -1.0430831198782187e-10 0.060000814497470856
v -0.04703335836529732 -1.0430828423224625e-10 0.04986845329403877
v -0.0375918373465538 -1.0430828423224625e-10 0.05017344653606415
v -0.04703335836529732 -1.0430828423224625e-10 0.04986845329403877
v -0.045681823045015335 -1.0430828423224625e-10 0.04910367727279663
v -0.04698316752910614 -1.0430828423224625e-10 0.04407311975955963
v -0.051041942089796066 -1.0430828423224625e-10 0.03648832067847252
v -0.045645080506801605 -1.0430828423224625e-10 0.04486119747161865
v -0.045645080506801605 -1.0430828423224625e-10 0.04486119747161865
v -0.051041942089796066 -1.0430828423224625e-10 0.03648832067847252
v -0.0375918373465538 -1.0430828423224625e-10 0.05017344653606415
v -0.045645080506801605 -1.0430828423224625e-10 0.04486119747161865
v -0.0375918373465538 -1.0430828423224625e-10 0.05017344653606415
v -0.04488029703497887 -1.0430828423224625e-10 0.046212732791900635
v -0.04488029703497887 -1.0430828423224625e-10 0.046212732791900635
v -0.0375918373465538 -1.0430828423224625e-10 0.05017344653606415
v -0.044893745332956314 -1.0430828423224625e-10 0.0477655865252018
v -0.050675634294748306 -1.0430828423224625e-10 0.04616253823041916
v -0.061041031032800674 -1.0430828423224625e-10 0.046315692365169525
v -0.049887560307979584 -1.0430828423224625e-10 0.044824451208114624
v -0.049887560307979584 -1.0430828423224625e-10 0.044824451208114624
v -0.061041031032800674 -1.0430828423224625e-10 0.046315692365169525
v -0.051041942089796066 -1.0430828423224625e-10 0.03648832067847252
v -0.049887560307979584 -1.0430828423224625e-10 0.044824451208114624
v -0.051041942089796066 -1.0430828423224625e-10 0.03648832067847252
v -0.0485360212624073 -1.0430828423224625e-10 0.044059667736291885
v -0.0485360212624073 -1.0430828423224625e-10 0.044059667736291885
v -0.051041942089796066 -1.0430828423224625e-10 0.03648832067847252
v -0.04698316752910614 -1.0430828423224625e-10 0.04407311975955963
v -0.050675634294748306 -1.0430828423224625e-10 0.04616253823041916
v -0.05068908631801605 -1.0430828423224625e-10 0.04771539568901062
v -0.061041031032800674 -1.0430828423224625e-10 0.046315692365169525
v -0.061041031032800674 -1.0430828423224625e-10 0.046315692365169525
v -0.05068908631801605 -1.0430828423224625e-10 0.04771539568901062
v -0.04992430657148361 -1.0430828423224625e-10 0.0490669310092926
v -0.061041031032800674 -1.0430828423224625e-10 0.046315692365169525
v -0.04992430657148361 -1.0430828423224625e-10 0.0490669310092926
v -0.04759092628955841 -1.0430831198782187e-10 0.060000814497470856
v -0.04759092628955841 -1.0430831198782187e-10 0.060000814497470856
v -0.04992430657148361 -1.0430828423224625e-10 0.0490669310092926
v -0.04858621954917908 -1.0430828423224625e-10 0.049855008721351624
v -0.04759092628955841 -1.0430831198782187e-10 0.060000814497470856
v -0.04858621954917908 -1.0430828423224625e-10 0.049855008721351624
v -0.04703335836529732 -1.0430828423224625e-10 0.04986845329403877
v 0.22655005753040314 0.012000000104308128 -0.10022035241127014
v 0.23224230110645294 0.012000000104308128 -0.094428651034832
v 0.23948533833026886 0.012000000104308128 -0.10154730081558228
v 0.027812132611870766 0.012000000104308128 -0.04093996062874794
v 0.027776340022683144 0.012000000104308128 -0.040976379066705704
v 0.027661187574267387 0.012000000104308128 -0.04086320102214813
v 0.23586232960224152 0.012000000104308128 -0.1141839399933815
v 0.237370103597641 0.012000000104308128 -0.11818777024745941
v 0.23850084841251373 0.012000000104308128 -0.1226651668548584
v 0.23586232960224152 0.012000000104308128 -0.1141839399933815
v 0.23008519411087036 0.012000000104308128 -0.10743727535009384
v 0.23264454305171967 0.012000000104308128 -0.10850762575864792
v 0.23008519411087036 0.012000000104308128 -0.10743727535009384
v 0.22211112082004547 0.012000000104308128 -0.10352488607168198
v 0.22540150582790375 0.012000000104308128 -0.10138896852731705
v 0.20969069004058838 0.012000000104308128 -0.10021296888589859
v 0.2086528092622757 0.012000000104308128 -0.09828781336545944
v 0.21234437823295593 0.012000000104308128 -0.09359180927276611
v 0.04832780361175537 0.012000000104308128 -0.020018942654132843
v 0.04530617222189903 0.012000000104308128 -0.017737112939357758
v 0.049034517258405685 0.012000000104308128 -0.013943620026111603
v 0.25258609652519226 0.012000000104308128 -0.12605592608451843
v 0.24754925072193146 0.012000000104308128 -0.12085892260074615
v 0.25114864110946655 0.012000000104308128 -0.11468204110860825
v 0.050240226089954376 0.012000000104308128 -0.008860239759087563
v 0.0505659244954586 0.012000000104308128 -0.007467107847332954
v 0.05270487070083618 0.012000000104308128 -0.010209131985902786
v 0.032496750354766846 0.012000000104308128 0.003618776798248291
v 0.03173104301095009 0.012000000104308128 0.0025513176806271076
v 0.001993082230910659 0.012000000104308128 0.03228995203971863
v -0.02940787933766842 0.012000000104308128 0.0028608350548893213
v -0.04495079070329666 0.012000000104308128 -0.014510780572891235
v -0.03189316764473915 0.012000000104308128 0.0010757126146927476
v -0.03189316764473915 0.012000000104308128 0.0010757126146927476
v -0.04495079070329666 0.012000000104308128 -0.014510780572891235
v -0.03296725079417229 0.012000000104308128 7.399485912173986e-05
v -0.03619242459535599 0.012000000104308128 -7.18923838576302e-05
v -0.03501095622777939 0.012000000104308128 -0.0003032333042938262
v -0.04495079070329666 0.012000000104308128 -0.014510780572891235
v -0.04495079070329666 0.012000000104308128 -0.014510780572891235
v -0.03501095622777939 0.012000000104308128 -0.0003032333042938262
v -0.03438810631632805 0.012000000104308128 -0.0002978387346956879
v -0.04495079070329666 0.012000000104308128 -0.014510780572891235
v -0.03438810631632805 0.012000000104308128 -0.0002978387346956879
v -0.03296725079417229 0.012000000104308128 7.399485912173986e-05
v -0.045757219195365906 0.012000000104308128 -0.0025601356755942106
v -0.03783681243658066 0.012000000104308128 0.0016192910261452198
v -0.04495079070329666 0.012000000104308128 -0.014510780572891235
v -0.04495079070329666 0.012000000104308128 -0.014510780572891235
v -0.03783681243658066 0.012000000104308128 0.0016192910261452198
v -0.03718780726194382 0.012000000104308128 0.0006053007091395557
v -0.04495079070329666 0.012000000104308128 -0.014510780572891235
v -0.03718780726194382 0.012000000104308128 0.0006053007091395557
v -0.03619242459535599 0.012000000104308128 -7.18923838576302e-05
v -0.045757219195365906 0.012000000104308128 -0.0025601356755942106
v -0.04704602062702179 0.012000000104308128 0.0032757532317191362
v -0.03783681243658066 0.012000000104308128 0.0016192910261452198
v -0.03783681243658066 0.012000000104308128 0.0016192910261452198
v -0.04704602062702179 0.012000000104308128 0.0032757532317191362
v -0.05722349137067795 0.012000000104308128 0.030198758468031883
v -0.03783681243658066 0.012000000104308128 0.0016192910261452198
v -0.05722349137067795 0.012000000104308128 0.030198758468031883
v -0.049306269735097885 0.012000000104308128 0.031426336616277695
v -0.051041942089796066 0.012000000104308128 0.03648832067847252
v -0.04905189946293831 0.012000000104308128 0.0340912826359272
v -0.05722349137067795 0.012000000104308128 0.030198758468031883
v -0.05722349137067795 0.012000000104308128 0.030198758468031883
v -0.04905189946293831 0.012000000104308128 0.0340912826359272
v -0.04949282109737396 0.012000000104308128 0.032788753509521484
v -0.05722349137067795 0.012000000104308128 0.030198758468031883
v -0.04949282109737396 0.012000000104308128 0.032788753509521484
v -0.049306269735097885 0.012000000104308128 0.031426336616277695
v -0.041353363543748856 0.012000000104308128 0.03741033747792244
v -0.04677056521177292 0.012000000104308128 0.03549204766750336
v -0.051041942089796066 0.012000000104308128 0.03648832067847252
v -0.051041942089796066 0.012000000104308128 0.03648832067847252
v -0.04677056521177292 0.012000000104308128 0.03549204766750336
v -0.048076141625642776 0.012000000104308128 0.03506023809313774
v -0.051041942089796066 0.012000000104308128 0.03648832067847252
v -0.048076141625642776 0.012000000104308128 0.03506023809313774
v -0.04905189946293831 0.012000000104308128 0.0340912826359272
v -0.03753754496574402 0.012000000104308128 0.04170748591423035
v -0.041353363543748856 0.012000000104308128 0.03741033747792244
v -0.03627324104309082 0.012000000104308128 0.04731350392103195
v -0.03627324104309082 0.012000000104308128 0.04731350392103195
v -0.041353363543748856 0.012000000104308128 0.03741033747792244
v -0.051041942089796066 0.012000000104308128 0.03648832067847252
v -0.03627324104309082 0.012000000104308128 0.04731350392103195
v -0.051041942089796066 0.012000000104308128 0.03648832067847252
v -0.036026936024427414 0.012000000104308128 0.04859817028045654
v -0.036026936024427414 0.012000000104308128 0.04859817028045654
v -0.051041942089796066 0.012000000104308128 0.03648832067847252
v -0.03604574128985405 0.012000000104308128 0.051746562123298645
v -0.036026936024427414 0.012000000104308128 0.04859817028045654
v -0.03604574128985405 0.012000000104308128 0.051746562123298645
v -0.03525737300515175 0.012000000104308128 0.04965590685606003
v -0.008230127394199371 0.012000000104308128 0.02440863847732544
v -0.010440695099532604 0.012000000104308128 0.029740583151578903
v -0.009326519444584846 0.012000000104308128 0.0304365623742342
v -0.008230127394199371 0.012000000104308128 0.02440863847732544
v -0.009326519444584846 0.012000000104308128 0.0304365623742342
v -0.0029953394550830126 0.012000000104308128 0.0297348964959383
v -0.0029953394550830126 0.012000000104308128 0.0297348964959383
v -0.009326519444584846 0.012000000104308128 0.0304365623742342
v -0.008616538718342781 0.012000000104308128 0.03154187276959419
v -0.0029953394550830126 0.012000000104308128 0.0297348964959383
v -0.008616538718342781 0.012000000104308128 0.03154187276959419
v -0.008446895517408848 0.012000000104308128 0.03284456208348274
v -0.008446895517408848 0.012000000104308128 0.03284456208348274
v -0.008850118145346642 0.012000000104308128 0.03409483656287193
v -0.0029953394550830126 0.012000000104308128 0.0297348964959383
v -0.0029953394550830126 0.012000000104308128 0.0297348964959383
v -0.008850118145346642 0.012000000104308128 0.03409483656287193
v -0.00974888727068901 0.012000000104308128 0.03505295515060425
v -0.0029953394550830126 0.012000000104308128 0.0297348964959383
v -0.00974888727068901 0.012000000104308128 0.03505295515060425
v -0.030810952186584473 0.012000000104308128 0.05707281827926636
v -0.00974888727068901 0.012000000104308128 0.03505295515060425
v -0.0315890908241272 0.012000000104308128 0.04988626018166542
v -0.030810952186584473 0.012000000104308128 0.05707281827926636
v -0.030810952186584473 0.012000000104308128 0.05707281827926636
v -0.0315890908241272 0.012000000104308128 0.04988626018166542
v -0.03280537202954292 0.012000000104308128 0.050367604941129684
v -0.030810952186584473 0.012000000104308128 0.05707281827926636
v -0.03280537202954292 0.012000000104308128 0.050367604941129684
v -0.03604574128985405 0.012000000104308128 0.051746562123298645
v -0.03604574128985405 0.012000000104308128 0.051746562123298645
v -0.03280537202954292 0.012000000104308128 0.050367604941129684
v -0.034110862761735916 0.012000000104308128 0.05028562247753143
v -0.03604574128985405 0.012000000104308128 0.051746562123298645
v -0.034110862761735916 0.012000000104308128 0.05028562247753143
v -0.03525737300515175 0.012000000104308128 0.04965590685606003
v -0.03189316764473915 0.012000000104308128 0.0010757126146927476
v -0.03142328932881355 0.012000000104308128 0.0024672229774296284
v -0.02940787933766842 0.012000000104308128 0.0028608350548893213
v -0.02940787933766842 0.012000000104308128 0.0028608350548893213
v -0.03142328932881355 0.012000000104308128 0.0024672229774296284
v -0.029420331120491028 0.012000000104308128 0.011311698704957962
v -0.02940787933766842 0.012000000104308128 0.0028608350548893213
v -0.029420331120491028 0.012000000104308128 0.011311698704957962
v -0.023226328194141388 0.012000000104308128 0.009150399826467037
v -0.023226328194141388 0.012000000104308128 0.009150399826467037
v -0.029420331120491028 0.012000000104308128 0.011311698704957962
v -0.024982141330838203 0.012000000104308128 0.019219860434532166
v -0.023226328194141388 0.012000000104308128 0.009150399826467037
v -0.024982141330838203 0.012000000104308128 0.019219860434532166
v -0.008230127394199371 0.012000000104308128 0.02440863847732544
v -0.008230127394199371 0.012000000104308128 0.02440863847732544
v -0.024982141330838203 0.012000000104308128 0.019219860434532166
v -0.018476085737347603 0.012000000104308128 0.025537123903632164
v -0.008230127394199371 0.012000000104308128 0.02440863847732544
v -0.018476085737347603 0.012000000104308128 0.025537123903632164
v -0.010440695099532604 0.012000000104308128 0.029740583151578903
v 0.03495600447058678 0.012000000104308128 0.00434283958747983
v 0.011487453244626522 0.012000000104308128 0.0303004402667284
v 0.03617797791957855 0.012000000104308128 0.003860601456835866
v 0.03617797791957855 0.012000000104308128 0.003860601456835866
v 0.011487453244626522 0.012000000104308128 0.0303004402667284
v 0.03934375196695328 0.012000000104308128 0.0029225319158285856
v 0.03617797791957855 0.012000000104308128 0.003860601456835866
v 0.03934375196695328 0.012000000104308128 0.0029225319158285856
v 0.04925163835287094 0.012000000104308128 -0.0050186957232654095
v 0.001993082230910659 0.012000000104308128 0.03228995203971863
v 0.004621101543307304 0.012000000104308128 0.03496389091014862
v 0.032496750354766846 0.012000000104308128 0.003618776798248291
v 0.032496750354766846 0.012000000104308128 0.003618776798248291
v 0.004621101543307304 0.012000000104308128 0.03496389091014862
v 0.011487453244626522 0.012000000104308128 0.0303004402667284
v 0.032496750354766846 0.012000000104308128 0.003618776798248291
v 0.011487453244626522 0.012000000104308128 0.0303004402667284
v 0.0336451381444931 0.012000000104308128 0.004256726708263159
v 0.0336451381444931 0.012000000104308128 0.004256726708263159
v 0.011487453244626522 0.012000000104308128 0.0303004402667284
v 0.03495600447058678 0.012000000104308128 0.00434283958747983
v 0.05270487070083618 0.012000000104308128 -0.010209131985902786
v 0.0505659244954586 0.012000000104308128 -0.007467107847332954
v 0.053886570036411285 0.012000000104308128 -0.009006782434880733
v 0.0471995510160923 0.012000000104308128 -0.01141275092959404
v 0.04823807626962662 0.012000000104308128 -0.011190666817128658
v 0.049034517258405685 0.012000000104308128 -0.013943620026111603
v 0.049034517258405685 0.012000000104308128 -0.013943620026111603
v 0.04823807626962662 0.012000000104308128 -0.011190666817128658
v 0.04913415387272835 0.012000000104308128 -0.0106206638738513
v 0.049034517258405685 0.012000000104308128 -0.013943620026111603
v 0.04913415387272835 0.012000000104308128 -0.0106206638738513
v 0.05270487070083618 0.012000000104308128 -0.010209131985902786
v 0.05270487070083618 0.012000000104308128 -0.010209131985902786
v 0.04913415387272835 0.012000000104308128 -0.0106206638738513
v 0.04977548494935036 0.012000000104308128 -0.009774169884622097
v 0.05270487070083618 0.012000000104308128 -0.010209131985902786
v 0.04977548494935036 0.012000000104308128 -0.009774169884622097
v 0.050240226089954376 0.012000000104308128 -0.008860239759087563
v 0.0471995510160923 0.012000000104308128 -0.01141275092959404
v 0.049034517258405685 0.012000000104308128 -0.013943620026111603
v 0.04389161989092827 0.012000000104308128 -0.012011988088488579
v 0.04389161989092827 0.012000000104308128 -0.012011988088488579
v 0.049034517258405685 0.012000000104308128 -0.013943620026111603
v 0.04530617222189903 0.012000000104308128 -0.017737112939357758
v 0.04389161989092827 0.012000000104308128 -0.012011988088488579
v 0.04530617222189903 0.012000000104308128 -0.017737112939357758
v 0.0408976674079895 0.012000000104308128 -0.013540948741137981
v 0.0408976674079895 0.012000000104308128 -0.013540948741137981
v 0.04530617222189903 0.012000000104308128 -0.017737112939357758
v 0.03993712738156319 0.012000000104308128 -0.013993965461850166
v 0.03993712738156319 0.012000000104308128 -0.013993965461850166
v 0.04530617222189903 0.012000000104308128 -0.017737112939357758
v 0.040071383118629456 0.012000000104308128 -0.02306337095797062
v 0.03993712738156319 0.012000000104308128 -0.013993965461850166
v 0.040071383118629456 0.012000000104308128 -0.02306337095797062
v 0.03887894004583359 0.012000000104308128 -0.014083932153880596
v 0.030557164922356606 0.012000000104308128 -0.00899392832070589
v 0.031132392585277557 0.012000000104308128 -0.010220563970506191
v 0.02671026438474655 0.012000000104308128 -0.009931706823408604
v 0.02671026438474655 0.012000000104308128 -0.009931706823408604
v 0.031132392585277557 0.012000000104308128 -0.010220563970506191
v 0.03218860924243927 0.012000000104308128 -0.011069049127399921
v 0.02671026438474655 0.012000000104308128 -0.009931706823408604
v 0.03218860924243927 0.012000000104308128 -0.011069049127399921
v 0.040071383118629456 0.012000000104308128 -0.02306337095797062
v 0.040071383118629456 0.012000000104308128 -0.02306337095797062
v 0.03218860924243927 0.012000000104308128 -0.011069049127399921
v 0.037855710834264755 0.012000000104308128 -0.013799577951431274
v 0.040071383118629456 0.012000000104308128 -0.02306337095797062
v 0.037855710834264755 0.012000000104308128 -0.013799577951431274
v 0.03887894004583359 0.012000000104308128 -0.014083932153880596
v 0.056604404002428055 0.012000000104308128 -0.015137458220124245
v 0.05173567309975624 0.012000000104308128 -0.01659838855266571
v 0.056757353246212006 0.012000000104308128 -0.013745578937232494
v 0.056757353246212006 0.012000000104308128 -0.013745578937232494
v 0.05173567309975624 0.012000000104308128 -0.01659838855266571
v 0.05540602654218674 0.012000000104308128 -0.012863900512456894
v 0.056757353246212006 0.012000000104308128 -0.013745578937232494
v 0.05540602654218674 0.012000000104308128 -0.012863900512456894
v 0.05658772960305214 0.012000000104308128 -0.011661551892757416
v 0.060898106545209885 0.012000000104308128 -0.007275857962667942
v 0.05867624282836914 0.012000000104308128 -0.012482775375247002
v 0.05658772960305214 0.012000000104308128 -0.011661551892757416
v 0.05658772960305214 0.012000000104308128 -0.011661551892757416
v 0.05867624282836914 0.012000000104308128 -0.012482775375247002
v 0.05759114399552345 0.012000000104308128 -0.01292323973029852
v 0.05658772960305214 0.012000000104308128 -0.011661551892757416
v 0.05759114399552345 0.012000000104308128 -0.01292323973029852
v 0.056757353246212006 0.012000000104308128 -0.013745578937232494
v 0.08020450174808502 0.012000000104308128 -0.029014240950345993
v 0.08045629411935806 0.012000000104308128 -0.027660194784402847
v 0.08409125357866287 0.012000000104308128 -0.030070699751377106
v 0.08020450174808502 0.012000000104308128 -0.029014240950345993
v 0.08409125357866287 0.012000000104308128 -0.030070699751377106
v 0.07937422394752502 0.012000000104308128 -0.030113089829683304
v 0.08045629411935806 0.012000000104308128 -0.027660194784402847
v 0.08007653057575226 0.012000000104308128 -0.02633633278310299
v 0.08409125357866287 0.012000000104308128 -0.030070699751377106
v 0.08409125357866287 0.012000000104308128 -0.030070699751377106
v 0.08007653057575226 0.012000000104308128 -0.02633633278310299
v 0.07914524525403976 0.012000000104308128 -0.02532166801393032
v 0.08409125357866287 0.012000000104308128 -0.030070699751377106
v 0.07914524525403976 0.012000000104308128 -0.02532166801393032
v 0.06569201499223709 0.012000000104308128 -0.01198743935674429
v 0.06569201499223709 0.012000000104308128 -0.01198743935674429
v 0.07914524525403976 0.012000000104308128 -0.02532166801393032
v 0.060925863683223724 0.012000000104308128 -0.012947531417012215
v 0.06569201499223709 0.012000000104308128 -0.01198743935674429
v 0.060925863683223724 0.012000000104308128 -0.012947531417012215
v 0.060898106545209885 0.012000000104308128 -0.007275857962667942
v 0.060898106545209885 0.012000000104308128 -0.007275857962667942
v 0.060925863683223724 0.012000000104308128 -0.012947531417012215
v 0.05984729900956154 0.012000000104308128 -0.01249130442738533
v 0.060898106545209885 0.012000000104308128 -0.007275857962667942
v 0.05984729900956154 0.012000000104308128 -0.01249130442738533
v 0.05867624282836914 0.012000000104308128 -0.012482775375247002
v 0.08409125357866287 0.012000000104308128 -0.030070699751377106
v 0.07978087663650513 0.012000000104308128 -0.034456394612789154
v 0.07937422394752502 0.012000000104308128 -0.030113089829683304
v 0.07937422394752502 0.012000000104308128 -0.030113089829683304
v 0.07978087663650513 0.012000000104308128 -0.034456394612789154
v 0.07859917730093002 0.012000000104308128 -0.03565874323248863
v 0.07937422394752502 0.012000000104308128 -0.030113089829683304
v 0.07859917730093002 0.012000000104308128 -0.03565874323248863
v 0.07251407951116562 0.012000000104308128 -0.035799480974674225
v 0.07492882013320923 0.012000000104308128 -0.03939323127269745
v 0.07126791030168533 0.012000000104308128 -0.03641439974308014
v 0.07251407951116562 0.012000000104308128 -0.035799480974674225
v 0.0570998415350914 0.012000000104308128 -0.016447139903903008
v 0.05887482315301895 0.012000000104308128 -0.020691098645329475
v 0.056529585272073746 0.012000000104308128 -0.021309969946742058
v 0.056529585272073746 0.012000000104308128 -0.021309969946742058
v 0.05887482315301895 0.012000000104308128 -0.020691098645329475
v 0.058847177773714066 0.012000000104308128 -0.02529120445251465
v 0.056529585272073746 0.012000000104308128 -0.021309969946742058
v 0.058847177773714066 0.012000000104308128 -0.02529120445251465
v 0.05280124023556709 0.012000000104308128 -0.025103462859988213
v 0.05280124023556709 0.012000000104308128 -0.025103462859988213
v 0.058847177773714066 0.012000000104308128 -0.02529120445251465
v 0.05881623551249504 0.012000000104308128 -0.026352759450674057
v 0.05881623551249504 0.012000000104308128 -0.026352759450674057
v 0.05915708839893341 0.012000000104308128 -0.02735857665538788
v 0.05280124023556709 0.012000000104308128 -0.025103462859988213
v 0.05280124023556709 0.012000000104308128 -0.025103462859988213
v 0.05915708839893341 0.012000000104308128 -0.02735857665538788
v 0.05982702597975731 0.012000000104308128 -0.02818261831998825
v 0.05280124023556709 0.012000000104308128 -0.025103462859988213
v 0.05982702597975731 0.012000000104308128 -0.02818261831998825
v 0.07120047509670258 0.012000000104308128 -0.043186724185943604
v 0.07120047509670258 0.012000000104308128 -0.043186724185943604
v 0.05982702597975731 0.012000000104308128 -0.02818261831998825
v 0.06864351779222488 0.012000000104308128 -0.03576439619064331
v 0.07120047509670258 0.012000000104308128 -0.043186724185943604
v 0.06864351779222488 0.012000000104308128 -0.03576439619064331
v 0.06987833231687546 0.012000000104308128 -0.03640180081129074
v -0.058188844472169876 0.012000000104308128 0.05777745693922043
v -0.0525590218603611 0.012000000104308128 0.061798546463251114
v -0.04604482650756836 0.012000000104308128 0.06157393008470535
v -0.04604482650756836 0.012000000104308128 0.06157393008470535
v -0.0525590218603611 0.012000000104308128 0.061798546463251114
v -0.0458960235118866 0.012000000104308128 0.06366094946861267
v -0.04604482650756836 0.012000000104308128 0.06157393008470535
v -0.0458960235118866 0.012000000104308128 0.06366094946861267
v -0.03604574128985405 0.012000000104308128 0.051746562123298645
v -0.03604574128985405 0.012000000104308128 0.051746562123298645
v -0.0458960235118866 0.012000000104308128 0.06366094946861267
v -0.038997139781713486 0.012000000104308128 0.06314179301261902
v -0.03604574128985405 0.012000000104308128 0.051746562123298645
v -0.038997139781713486 0.012000000104308128 0.06314179301261902
v -0.030810952186584473 0.012000000104308128 0.05707281827926636
v -0.061784058809280396 0.012000000104308128 0.04157724976539612
v -0.06278321892023087 0.012000000104308128 0.04717448353767395
v -0.061041031032800674 0.012000000104308128 0.046315692365169525
v -0.061041031032800674 0.012000000104308128 0.046315692365169525
v -0.06278321892023087 0.012000000104308128 0.04717448353767395
v -0.061627425253391266 0.012000000104308128 0.052741482853889465
v -0.061041031032800674 0.012000000104308128 0.046315692365169525
v -0.061627425253391266 0.012000000104308128 0.052741482853889465
v -0.058482758700847626 0.012000000104308128 0.0574784092605114
v -0.03671647608280182 0.012000000104308128 -0.011101438663899899
v -0.03826933354139328 0.012000000104308128 -0.01111488789319992
v -0.028147803619503975 0.012000000104308128 0.0016223980346694589
v -0.028147803619503975 0.012000000104308128 0.0016223980346694589
v -0.03826933354139328 0.012000000104308128 -0.01111488789319992
v -0.03960742428898811 0.012000000104308128 -0.011902962811291218
v -0.039570678025484085 0.012000000104308128 -0.01614544354379177
v -0.038219138979911804 0.012000000104308128 -0.01691022701561451
v -0.03809411823749542 0.012000000104308128 -0.021479634568095207
v -0.03809411823749542 0.012000000104308128 -0.021479634568095207
v -0.038219138979911804 0.012000000104308128 -0.01691022701561451
v -0.03666628524661064 0.012000000104308128 -0.016896774992346764
v -0.03809411823749542 0.012000000104308128 -0.021479634568095207
v -0.03666628524661064 0.012000000104308128 -0.016896774992346764
v -0.030039584264159203 0.012000000104308128 -0.022154606878757477
v -0.030039584264159203 0.012000000104308128 -0.022154606878757477
v -0.03666628524661064 0.012000000104308128 -0.016896774992346764
v -0.03532819822430611 0.012000000104308128 -0.01610870100557804
v -0.030039584264159203 0.012000000104308128 -0.022154606878757477
v -0.03532819822430611 0.012000000104308128 -0.01610870100557804
v -0.022644314914941788 0.012000000104308128 -0.024257300421595573
v -0.03809411823749542 0.012000000104308128 -0.021479634568095207
v -0.041431836783885956 0.012000000104308128 -0.020372657105326653
v -0.039570678025484085 0.012000000104308128 -0.01614544354379177
v -0.039570678025484085 0.012000000104308128 -0.01614544354379177
v -0.041431836783885956 0.012000000104308128 -0.020372657105326653
v -0.043898120522499084 0.012000000104308128 -0.017866022884845734
v -0.039570678025484085 0.012000000104308128 -0.01614544354379177
v -0.043898120522499084 0.012000000104308128 -0.017866022884845734
v -0.04035875201225281 0.012000000104308128 -0.014807358384132385
v -0.04035875201225281 0.012000000104308128 -0.014807358384132385
v -0.043898120522499084 0.012000000104308128 -0.017866022884845734
v -0.04495079070329666 0.012000000104308128 -0.014510780572891235
v -0.04035875201225281 0.012000000104308128 -0.014807358384132385
v -0.04495079070329666 0.012000000104308128 -0.014510780572891235
v -0.040372204035520554 0.012000000104308128 -0.01325449999421835
v -0.035364940762519836 0.012000000104308128 -0.011866217479109764
v -0.022519154474139214 0.012000000104308128 -0.00019504058582242578
v -0.034576863050460815 0.012000000104308128 -0.013204306364059448
v -0.034576863050460815 0.012000000104308128 -0.013204306364059448
v -0.022519154474139214 0.012000000104308128 -0.00019504058582242578
v -0.02073034830391407 0.012000000104308128 -0.008797901682555676
v -0.034576863050460815 0.012000000104308128 -0.013204306364059448
v -0.02073034830391407 0.012000000104308128 -0.008797901682555676
v -0.03456341475248337 0.012000000104308128 -0.01475716382265091
v -0.03456341475248337 0.012000000104308128 -0.01475716382265091
v -0.02073034830391407 0.012000000104308128 -0.008797901682555676
v -0.01578553393483162 0.012000000104308128 -0.016061361879110336
v -0.03456341475248337 0.012000000104308128 -0.01475716382265091
v -0.01578553393483162 0.012000000104308128 -0.016061361879110336
v -0.008437513373792171 0.012000000104308128 -0.020879624411463737
v 0.020513996481895447 0.012000000104308128 -0.04620371013879776
v 0.018389977514743805 0.012000000104308128 -0.0451236292719841
v 0.018893631175160408 0.012000000104308128 -0.04461117461323738
v 0.018893631175160408 0.012000000104308128 -0.04461117461323738
v 0.018389977514743805 0.012000000104308128 -0.0451236292719841
v 0.0008758580079302192 0.012000000104308128 -0.03621752932667732
v 0.046582967042922974 0.012000000104308128 -0.059460029006004333
v 0.0282147154211998 0.012000000104308128 -0.05011959746479988
v 0.0325702503323555 0.012000000104308128 -0.0456879585981369
v 0.0325702503323555 0.012000000104308128 -0.0456879585981369
v 0.0282147154211998 0.012000000104308128 -0.05011959746479988
v 0.02193072810769081 0.012000000104308128 -0.046924132853746414
v 0.04691486805677414 0.012000000104308128 -0.03465600311756134
v 0.047566451132297516 0.012000000104308128 -0.030429720878601074
v 0.047953393310308456 0.012000000104308128 -0.03443391993641853
v 0.047953393310308456 0.012000000104308128 -0.03443391993641853
v 0.047566451132297516 0.012000000104308128 -0.030429720878601074
v 0.051605336368083954 0.012000000104308128 -0.03371239826083183
v 0.04691486805677414 0.012000000104308128 -0.03465600311756134
v 0.04601879045367241 0.012000000104308128 -0.0352260060608387
v 0.047566451132297516 0.012000000104308128 -0.030429720878601074
v 0.047566451132297516 0.012000000104308128 -0.030429720878601074
v 0.04601879045367241 0.012000000104308128 -0.0352260060608387
v 0.0453774593770504 0.012000000104308128 -0.0360724963247776
v 0.047566451132297516 0.012000000104308128 -0.030429720878601074
v 0.0453774593770504 0.012000000104308128 -0.0360724963247776
v 0.0325702503323555 0.012000000104308128 -0.0456879585981369
v 0.0325702503323555 0.012000000104308128 -0.0456879585981369
v 0.0453774593770504 0.012000000104308128 -0.0360724963247776
v 0.04116177186369896 0.012000000104308128 -0.044362783432006836
v 0.04116177186369896 0.012000000104308128 -0.044362783432006836
v 0.04084013029932976 0.012000000104308128 -0.04588202014565468
v 0.0325702503323555 0.012000000104308128 -0.0456879585981369
v 0.0325702503323555 0.012000000104308128 -0.0456879585981369
v 0.04084013029932976 0.012000000104308128 -0.04588202014565468
v 0.041321199387311935 0.012000000104308128 -0.047358542680740356
v 0.0325702503323555 0.012000000104308128 -0.0456879585981369
v 0.041321199387311935 0.012000000104308128 -0.047358542680740356
v 0.046582967042922974 0.012000000104308128 -0.059460029006004333
v 0.046582967042922974 0.012000000104308128 -0.059460029006004333
v 0.041321199387311935 0.012000000104308128 -0.047358542680740356
v 0.04247607663273811 0.012000000104308128 -0.04839671403169632
v 0.046582967042922974 0.012000000104308128 -0.059460029006004333
v 0.04247607663273811 0.012000000104308128 -0.04839671403169632
v 0.052332937717437744 0.012000000104308128 -0.062383946031332016
v 0.052332937717437744 0.012000000104308128 -0.062383946031332016
v 0.04247607663273811 0.012000000104308128 -0.04839671403169632
v 0.059358201920986176 0.012000000104308128 -0.05698143318295479
v 0.052332937717437744 0.012000000104308128 -0.062383946031332016
v 0.059358201920986176 0.012000000104308128 -0.05698143318295479
v 0.06976418197154999 0.012000000104308128 -0.071247898042202
v 0.06976418197154999 0.012000000104308128 -0.071247898042202
v 0.059358201920986176 0.012000000104308128 -0.05698143318295479
v 0.06065117567777634 0.012000000104308128 -0.057306576520204544
v 0.06976418197154999 0.012000000104308128 -0.071247898042202
v 0.06065117567777634 0.012000000104308128 -0.057306576520204544
v 0.06195734441280365 0.012000000104308128 -0.05703936517238617
v 0.0792635828256607 0.012000000104308128 -0.061582501977682114
v 0.06301874667406082 0.012000000104308128 -0.05623258277773857
v 0.063625767827034 0.012000000104308128 -0.055045563727617264
v 0.10982527583837509 0.012000000104308128 -0.0916193425655365
v 0.09013648331165314 0.012000000104308128 -0.0816074013710022
v 0.09480514377355576 0.012000000104308128 -0.07685716450214386
v 0.09480514377355576 0.012000000104308128 -0.07685716450214386
v 0.09013648331165314 0.012000000104308128 -0.0816074013710022
v 0.06976418197154999 0.012000000104308128 -0.071247898042202
v 0.09480514377355576 0.012000000104308128 -0.07685716450214386
v 0.06976418197154999 0.012000000104308128 -0.071247898042202
v 0.0792635828256607 0.012000000104308128 -0.061582501977682114
v 0.0792635828256607 0.012000000104308128 -0.061582501977682114
v 0.06976418197154999 0.012000000104308128 -0.071247898042202
v 0.06195734441280365 0.012000000104308128 -0.05703936517238617
v 0.0792635828256607 0.012000000104308128 -0.061582501977682114
v 0.06195734441280365 0.012000000104308128 -0.05703936517238617
v 0.06301874667406082 0.012000000104308128 -0.05623258277773857
v 0.13190153241157532 0.012000000104308128 -0.10284533351659775
v 0.1242828369140625 0.012000000104308128 -0.08789967000484467
v 0.14762479066848755 0.012000000104308128 -0.11084075272083282
v 0.14762479066848755 0.012000000104308128 -0.11084075272083282
v 0.1242828369140625 0.012000000104308128 -0.08789967000484467
v 0.1279532015323639 0.012000000104308128 -0.08416517823934555
v 0.14762479066848755 0.012000000104308128 -0.11084075272083282
v 0.1279532015323639 0.012000000104308128 -0.08416517823934555
v 0.15390774607658386 0.012000000104308128 -0.1140357032418251
v 0.17677396535873413 0.012000000104308128 -0.1297837644815445
v 0.1771155446767807 0.012000000104308128 -0.1318349689245224
v 0.1663319617509842 0.012000000104308128 -0.12186574190855026
v 0.15390774607658386 0.012000000104308128 -0.1140357032418251
v 0.1279532015323639 0.012000000104308128 -0.08416517823934555
v 0.1663319617509842 0.012000000104308128 -0.12186574190855026
v 0.1663319617509842 0.012000000104308128 -0.12186574190855026
v 0.1279532015323639 0.012000000104308128 -0.08416517823934555
v 0.1291348934173584 0.012000000104308128 -0.08296283334493637
v 0.1663319617509842 0.012000000104308128 -0.12186574190855026
v 0.1291348934173584 0.012000000104308128 -0.08296283334493637
v 0.17677396535873413 0.012000000104308128 -0.1297837644815445
v 0.21684515476226807 0.012000000104308128 -0.1608244776725769
v 0.21435949206352234 0.012000000104308128 -0.16075502336025238
v 0.21262317895889282 0.012000000104308128 -0.15639528632164001
v 0.21262317895889282 0.012000000104308128 -0.15639528632164001
v 0.21435949206352234 0.012000000104308128 -0.16075502336025238
v 0.20933325588703156 0.012000000104308128 -0.16008274257183075
v 0.21262317895889282 0.012000000104308128 -0.15639528632164001
v 0.20933325588703156 0.012000000104308128 -0.16008274257183075
v 0.20638729631900787 0.012000000104308128 -0.1593441665172577
v 0.21284738183021545 0.012000000104308128 -0.1561671644449234
v 0.2167380303144455 0.012000000104308128 -0.15220853686332703
v 0.21726365387439728 0.012000000104308128 -0.16081927716732025
v 0.21726365387439728 0.012000000104308128 -0.16081927716732025
v 0.2167380303144455 0.012000000104308128 -0.15220853686332703
v 0.2244507074356079 0.012000000104308128 -0.15996041893959045
v 0.22616760432720184 0.012000000104308128 -0.14463934302330017
v 0.2297741323709488 0.012000000104308128 -0.1424499750137329
v 0.23218555748462677 0.012000000104308128 -0.1450355350971222
v 0.23168465495109558 0.012000000104308128 -0.14697179198265076
v 0.23221005499362946 0.012000000104308128 -0.14786386489868164
v 0.22243833541870117 0.012000000104308128 -0.14640861749649048
v 0.23168465495109558 0.012000000104308128 -0.14697179198265076
v 0.22243833541870117 0.012000000104308128 -0.14640861749649048
v 0.23167569935321808 0.012000000104308128 -0.14593656361103058
v 0.2244507074356079 0.012000000104308128 -0.15996041893959045
v 0.2167380303144455 0.012000000104308128 -0.15220853686332703
v 0.22576949000358582 0.012000000104308128 -0.15963979065418243
v 0.22576949000358582 0.012000000104308128 -0.15963979065418243
v 0.2167380303144455 0.012000000104308128 -0.15220853686332703
v 0.22243833541870117 0.012000000104308128 -0.14640861749649048
v 0.22576949000358582 0.012000000104308128 -0.15963979065418243
v 0.22243833541870117 0.012000000104308128 -0.14640861749649048
v 0.23625031113624573 0.012000000104308128 -0.1549939066171646
v 0.23625031113624573 0.012000000104308128 -0.1549939066171646
v 0.22243833541870117 0.012000000104308128 -0.14640861749649048
v 0.23221005499362946 0.012000000104308128 -0.14786386489868164
v 0.23625031113624573 0.012000000104308128 -0.1549939066171646
v 0.23221005499362946 0.012000000104308128 -0.14786386489868164
v 0.23311106860637665 0.012000000104308128 -0.14837370812892914
v 0.23311106860637665 0.012000000104308128 -0.14837370812892914
v 0.23414631187915802 0.012000000104308128 -0.14836475253105164
v 0.23625031113624573 0.012000000104308128 -0.1549939066171646
v 0.23625031113624573 0.012000000104308128 -0.1549939066171646
v 0.23414631187915802 0.012000000104308128 -0.14836475253105164
v 0.23503835499286652 0.012000000104308128 -0.14783935248851776
v 0.23625031113624573 0.012000000104308128 -0.1549939066171646
v 0.23503835499286652 0.012000000104308128 -0.14783935248851776
v 0.24473902583122253 0.012000000104308128 -0.1472884863615036
v 0.24473902583122253 0.012000000104308128 -0.1472884863615036
v 0.23503835499286652 0.012000000104308128 -0.14783935248851776
v 0.2355482280254364 0.012000000104308128 -0.14693833887577057
v 0.2425115704536438 0.012000000104308128 -0.1295095682144165
v 0.23322336375713348 0.012000000104308128 -0.13924404978752136
v 0.24198618531227112 0.012000000104308128 -0.128617525100708
v 0.24198618531227112 0.012000000104308128 -0.128617525100708
v 0.23322336375713348 0.012000000104308128 -0.13924404978752136
v 0.2375706285238266 0.012000000104308128 -0.13149847090244293
v 0.24198618531227112 0.012000000104308128 -0.128617525100708
v 0.2375706285238266 0.012000000104308128 -0.13149847090244293
v 0.24197721481323242 0.012000000104308128 -0.12758226692676544
v 0.24197721481323242 0.012000000104308128 -0.12758226692676544
v 0.2375706285238266 0.012000000104308128 -0.13149847090244293
v 0.23850084841251373 0.012000000104308128 -0.1226651668548584
v 0.24197721481323242 0.012000000104308128 -0.12758226692676544
v 0.23850084841251373 0.012000000104308128 -0.1226651668548584
v 0.24248705804347992 0.012000000104308128 -0.12668125331401825
v 0.24248705804347992 0.012000000104308128 -0.12668125331401825
v 0.23850084841251373 0.012000000104308128 -0.1226651668548584
v 0.2433791309595108 0.012000000104308128 -0.12615586817264557
v 0.2355392426252365 0.012000000104308128 -0.1459030956029892
v 0.23501387238502502 0.012000000104308128 -0.1450110375881195
v 0.24444782733917236 0.012000000104308128 -0.1300104558467865
v 0.2518678903579712 0.012000000104308128 -0.13208332657814026
v 0.24584078788757324 0.012000000104308128 -0.12754882872104645
v 0.24531538784503937 0.012000000104308128 -0.12665675580501556
v 0.2355482280254364 0.012000000104308128 -0.14693833887577057
v 0.2355392426252365 0.012000000104308128 -0.1459030956029892
v 0.24473902583122253 0.012000000104308128 -0.1472884863615036
v 0.24473902583122253 0.012000000104308128 -0.1472884863615036
v 0.2355392426252365 0.012000000104308128 -0.1459030956029892
v 0.24444782733917236 0.012000000104308128 -0.1300104558467865
v 0.24473902583122253 0.012000000104308128 -0.1472884863615036
v 0.24444782733917236 0.012000000104308128 -0.1300104558467865
v 0.25037482380867004 0.012000000104308128 -0.13730502128601074
v 0.25037482380867004 0.012000000104308128 -0.13730502128601074
v 0.24444782733917236 0.012000000104308128 -0.1300104558467865
v 0.24533988535404205 0.012000000104308128 -0.129485085606575
v 0.25037482380867004 0.012000000104308128 -0.13730502128601074
v 0.24533988535404205 0.012000000104308128 -0.129485085606575
v 0.2518678903579712 0.012000000104308128 -0.13208332657814026
v 0.2518678903579712 0.012000000104308128 -0.13208332657814026
v 0.24533988535404205 0.012000000104308128 -0.129485085606575
v 0.24584974348545074 0.012000000104308128 -0.12858405709266663
v 0.2518678903579712 0.012000000104308128 -0.13208332657814026
v 0.24584974348545074 0.012000000104308128 -0.12858405709266663
v 0.24584078788757324 0.012000000104308128 -0.12754882872104645
v 0.24388322234153748 0.012000000104308128 -0.12458901852369308
v 0.24441437423229218 0.012000000104308128 -0.12614691257476807
v 0.24389615654945374 0.012000000104308128 -0.12608323991298676
v 0.23218555748462677 0.012000000104308128 -0.1450355350971222
v 0.2297741323709488 0.012000000104308128 -0.1424499750137329
v 0.23307761549949646 0.012000000104308128 -0.1445101499557495
v 0.23307761549949646 0.012000000104308128 -0.1445101499557495
v 0.2297741323709488 0.012000000104308128 -0.1424499750137329
v 0.23322336375713348 0.012000000104308128 -0.13924404978752136
v 0.23307761549949646 0.012000000104308128 -0.1445101499557495
v 0.23322336375713348 0.012000000104308128 -0.13924404978752136
v 0.23411282896995544 0.012000000104308128 -0.14450117945671082
v 0.23411282896995544 0.012000000104308128 -0.14450117945671082
v 0.23322336375713348 0.012000000104308128 -0.13924404978752136
v 0.2425115704536438 0.012000000104308128 -0.1295095682144165
v 0.23411282896995544 0.012000000104308128 -0.14450117945671082
v 0.2425115704536438 0.012000000104308128 -0.1295095682144165
v 0.23501387238502502 0.012000000104308128 -0.1450110375881195
v 0.23501387238502502 0.012000000104308128 -0.1450110375881195
v 0.2425115704536438 0.012000000104308128 -0.1295095682144165
v 0.24341259896755219 0.012000000104308128 -0.1300194412469864
v 0.23501387238502502 0.012000000104308128 -0.1450110375881195
v 0.24341259896755219 0.012000000104308128 -0.1300194412469864
v 0.24444782733917236 0.012000000104308128 -0.1300104558467865
v 0.24754925072193146 0.012000000104308128 -0.12085892260074615
v 0.25258609652519226 0.012000000104308128 -0.12605592608451843
v 0.24640071392059326 0.012000000104308128 -0.12202754616737366
v 0.24640071392059326 0.012000000104308128 -0.12202754616737366
v 0.25258609652519226 0.012000000104308128 -0.12605592608451843
v 0.2518678903579712 0.012000000104308128 -0.13208332657814026
v 0.24640071392059326 0.012000000104308128 -0.12202754616737366
v 0.2518678903579712 0.012000000104308128 -0.13208332657814026
v 0.24388322234153748 0.012000000104308128 -0.12458901852369308
v 0.24388322234153748 0.012000000104308128 -0.12458901852369308
v 0.2518678903579712 0.012000000104308128 -0.13208332657814026
v 0.24531538784503937 0.012000000104308128 -0.12665675580501556
v 0.24388322234153748 0.012000000104308128 -0.12458901852369308
v 0.24531538784503937 0.012000000104308128 -0.12665675580501556
v 0.24441437423229218 0.012000000104308128 -0.12614691257476807
v 0.2160104215145111 0.012000000104308128 -0.08986171334981918
v 0.2168198525905609 0.012000000104308128 -0.08882588893175125
v 0.22812697291374207 0.012000000104308128 -0.09071817249059677
v 0.2168198525905609 0.012000000104308128 -0.08882588893175125
v 0.2160104215145111 0.012000000104308128 -0.08986171334981918
v 0.21473877131938934 0.012000000104308128 -0.08878651261329651
v 0.21473877131938934 0.012000000104308128 -0.08878651261329651
v 0.2160104215145111 0.012000000104308128 -0.08986171334981918
v 0.21486186981201172 0.012000000104308128 -0.09103032946586609
v 0.21473877131938934 0.012000000104308128 -0.08878651261329651
v 0.21486186981201172 0.012000000104308128 -0.09103032946586609
v 0.21213538944721222 0.012000000104308128 -0.08866088092327118
v 0.21213538944721222 0.012000000104308128 -0.08866088092327118
v 0.21486186981201172 0.012000000104308128 -0.09103032946586609
v 0.21234437823295593 0.012000000104308128 -0.09359180927276611
v 0.21213538944721222 0.012000000104308128 -0.08866088092327118
v 0.21234437823295593 0.012000000104308128 -0.09359180927276611
v 0.20645754039287567 0.012000000104308128 -0.08809015154838562
v 0.21234437823295593 0.012000000104308128 -0.09359180927276611
v 0.2086528092622757 0.012000000104308128 -0.09828781336545944
v 0.20645754039287567 0.012000000104308128 -0.08809015154838562
v 0.20645754039287567 0.012000000104308128 -0.08809015154838562
v 0.2086528092622757 0.012000000104308128 -0.09828781336545944
v 0.20689253509044647 0.012000000104308128 -0.09698982536792755
v 0.20645754039287567 0.012000000104308128 -0.08809015154838562
v 0.20689253509044647 0.012000000104308128 -0.09698982536792755
v 0.20249369740486145 0.012000000104308128 -0.08744659274816513
v 0.20249369740486145 0.012000000104308128 -0.08744659274816513
v 0.20689253509044647 0.012000000104308128 -0.09698982536792755
v 0.20474663376808167 0.012000000104308128 -0.09656735509634018
v 0.20249369740486145 0.012000000104308128 -0.08744659274816513
v 0.20474663376808167 0.012000000104308128 -0.09656735509634018
v 0.18864651024341583 0.012000000104308128 -0.08352271467447281
v 0.18864651024341583 0.012000000104308128 -0.08352271467447281
v 0.20474663376808167 0.012000000104308128 -0.09656735509634018
v 0.20262569189071655 0.012000000104308128 -0.09710123389959335
v 0.18864651024341583 0.012000000104308128 -0.08352271467447281
v 0.20262569189071655 0.012000000104308128 -0.09710123389959335
v 0.1757264882326126 0.012000000104308128 -0.07718125730752945
v 0.1757264882326126 0.012000000104308128 -0.07718125730752945
v 0.20262569189071655 0.012000000104308128 -0.09710123389959335
v 0.19514380395412445 0.012000000104308128 -0.10238806903362274
v 0.1757264882326126 0.012000000104308128 -0.07718125730752945
v 0.19514380395412445 0.012000000104308128 -0.10238806903362274
v 0.19226409494876862 0.012000000104308128 -0.10555045306682587
v 0.12274586409330368 0.012000000104308128 -0.04842821881175041
v 0.12487708777189255 0.012000000104308128 -0.04625975340604782
v 0.14354264736175537 0.012000000104308128 -0.057610273361206055
v 0.11232344061136246 0.012000000104308128 -0.03818478435277939
v 0.11748999357223511 0.012000000104308128 -0.04169377312064171
v 0.12274586409330368 0.012000000104308128 -0.04842821881175041
v 0.12274586409330368 0.012000000104308128 -0.04842821881175041
v 0.11748999357223511 0.012000000104308128 -0.04169377312064171
v 0.11960337311029434 0.012000000104308128 -0.043052807450294495
v 0.12274586409330368 0.012000000104308128 -0.04842821881175041
v 0.11960337311029434 0.012000000104308128 -0.043052807450294495
v 0.12487708777189255 0.012000000104308128 -0.04625975340604782
v 0.04914331063628197 0.012000000104308128 0.0047255465760827065
v 0.06008162721991539 0.012000000104308128 -0.00270347879268229
v 0.05842115357518196 0.012000000104308128 -0.004392965231090784
v 0.05842115357518196 0.012000000104308128 -0.004392965231090784
v 0.06008162721991539 0.012000000104308128 -0.00270347879268229
v 0.06326621770858765 0.012000000104308128 -0.004866369068622589
v 0.05842115357518196 0.012000000104308128 -0.004392965231090784
v 0.06326621770858765 0.012000000104308128 -0.004866369068622589
v 0.061122309416532516 0.012000000104308128 -0.007047734223306179
v 0.061122309416532516 0.012000000104308128 -0.007047734223306179
v 0.06326621770858765 0.012000000104308128 -0.004866369068622589
v 0.06891810148954391 0.012000000104308128 -0.00870498362928629
v 0.061122309416532516 0.012000000104308128 -0.007047734223306179
v 0.06891810148954391 0.012000000104308128 -0.00870498362928629
v 0.06591621786355972 0.012000000104308128 -0.011759315617382526
v 0.06591621786355972 0.012000000104308128 -0.011759315617382526
v 0.06891810148954391 0.012000000104308128 -0.00870498362928629
v 0.07477283477783203 0.012000000104308128 -0.012681372463703156
v 0.06591621786355972 0.012000000104308128 -0.011759315617382526
v 0.07477283477783203 0.012000000104308128 -0.012681372463703156
v 0.0843154564499855 0.012000000104308128 -0.029842576012015343
v 0.0843154564499855 0.012000000104308128 -0.029842576012015343
v 0.07477283477783203 0.012000000104308128 -0.012681372463703156
v 0.08820610493421555 0.012000000104308128 -0.02588394470512867
v 0.05819694697856903 0.012000000104308128 -0.004621088970452547
v 0.047666359692811966 0.012000000104308128 0.0057286531664431095
v 0.04914331063628197 0.012000000104308128 0.0047255465760827065
v 0.05819694697856903 0.012000000104308128 -0.004621088970452547
v 0.053886570036411285 0.012000000104308128 -0.009006782434880733
v 0.047666359692811966 0.012000000104308128 0.0057286531664431095
v 0.047666359692811966 0.012000000104308128 0.0057286531664431095
v 0.053886570036411285 0.012000000104308128 -0.009006782434880733
v 0.04052545130252838 0.012000000104308128 0.004124880768358707
v 0.047666359692811966 0.012000000104308128 0.0057286531664431095
v 0.04052545130252838 0.012000000104308128 0.004124880768358707
v 0.044329240918159485 0.012000000104308128 0.007995137944817543
v 0.044329240918159485 0.012000000104308128 0.007995137944817543
v 0.04052545130252838 0.012000000104308128 0.004124880768358707
v 0.01927187107503414 0.012000000104308128 0.02501346543431282
v 0.0505659244954586 0.012000000104308128 -0.007467107847332954
v 0.05020936578512192 0.012000000104308128 -0.006081550382077694
v 0.053886570036411285 0.012000000104308128 -0.009006782434880733
v 0.053886570036411285 0.012000000104308128 -0.009006782434880733
v 0.05020936578512192 0.012000000104308128 -0.006081550382077694
v 0.04925163835287094 0.012000000104308128 -0.0050186957232654095
v 0.053886570036411285 0.012000000104308128 -0.009006782434880733
v 0.04925163835287094 0.012000000104308128 -0.0050186957232654095
v 0.04052545130252838 0.012000000104308128 0.004124880768358707
v 0.04052545130252838 0.012000000104308128 0.004124880768358707
v 0.04925163835287094 0.012000000104308128 -0.0050186957232654095
v 0.03934375196695328 0.012000000104308128 0.0029225319158285856
v 0.04052545130252838 0.012000000104308128 0.004124880768358707
v 0.03934375196695328 0.012000000104308128 0.0029225319158285856
v 0.01927187107503414 0.012000000104308128 0.02501346543431282
v 0.01927187107503414 0.012000000104308128 0.02501346543431282
v 0.03934375196695328 0.012000000104308128 0.0029225319158285856
v 0.011487453244626522 0.012000000104308128 0.0303004402667284
v -0.038997139781713486 0.012000000104308128 0.06314179301261902
v -0.032687898725271225 0.012000000104308128 0.060303207486867905
v -0.030810952186584473 0.012000000104308128 0.05707281827926636
v -0.030810952186584473 0.012000000104308128 0.05707281827926636
v -0.032687898725271225 0.012000000104308128 0.060303207486867905
v -0.02965831756591797 0.012000000104308128 0.058245595544576645
v -0.030810952186584473 0.012000000104308128 0.05707281827926636
v -0.02965831756591797 0.012000000104308128 0.058245595544576645
v -0.0029953394550830126 0.012000000104308128 0.0297348964959383
v -0.0029953394550830126 0.012000000104308128 0.0297348964959383
v -0.02965831756591797 0.012000000104308128 0.058245595544576645
v -0.01269090548157692 0.012000000104308128 0.04672176390886307
v -0.0029953394550830126 0.012000000104308128 0.0297348964959383
v -0.01269090548157692 0.012000000104308128 0.04672176390886307
v 0.0007330054650083184 0.012000000104308128 0.03352838754653931
v 0.0007330054650083184 0.012000000104308128 0.03352838754653931
v -0.01269090548157692 0.012000000104308128 0.04672176390886307
v 0.0031355065293610096 0.012000000104308128 0.035972870886325836
v 0.13756012916564941 0.012000000104308128 -0.07439038157463074
v 0.141446053981781 0.012000000104308128 -0.07569189369678497
v 0.14036479592323303 0.012000000104308128 -0.07680653780698776
v 0.141446053981781 0.012000000104308128 -0.07569189369678497
v 0.13756012916564941 0.012000000104308128 -0.07439038157463074
v 0.1429397612810135 0.012000000104308128 -0.07526721060276031
v 0.1429397612810135 0.012000000104308128 -0.07526721060276031
v 0.13756012916564941 0.012000000104308128 -0.07439038157463074
v 0.1432604342699051 0.012000000104308128 -0.06859047710895538
v 0.1429397612810135 0.012000000104308128 -0.07526721060276031
v 0.1432604342699051 0.012000000104308128 -0.06859047710895538
v 0.14444570243358612 0.012000000104308128 -0.0756462886929512
v 0.19226409494876862 0.012000000104308128 -0.10555045306682587
v 0.1796279400587082 0.012000000104308128 -0.09571171551942825
v 0.1785132884979248 0.012000000104308128 -0.09463046491146088
v 0.14444570243358612 0.012000000104308128 -0.0756462886929512
v 0.1432604342699051 0.012000000104308128 -0.06859047710895538
v 0.1785132884979248 0.012000000104308128 -0.09463046491146088
v 0.1785132884979248 0.012000000104308128 -0.09463046491146088
v 0.1432604342699051 0.012000000104308128 -0.06859047710895538
v 0.14888837933540344 0.012000000104308128 -0.06286419183015823
v 0.1785132884979248 0.012000000104308128 -0.09463046491146088
v 0.14888837933540344 0.012000000104308128 -0.06286419183015823
v 0.19226409494876862 0.012000000104308128 -0.10555045306682587
v 0.19226409494876862 0.012000000104308128 -0.10555045306682587
v 0.14888837933540344 0.012000000104308128 -0.06286419183015823
v 0.15012067556381226 0.012000000104308128 -0.06161036342382431
v 0.19226409494876862 0.012000000104308128 -0.10555045306682587
v 0.15012067556381226 0.012000000104308128 -0.06161036342382431
v 0.1757264882326126 0.012000000104308128 -0.07718125730752945
v 0.17121167480945587 0.012000000104308128 -0.10773338377475739
v 0.1727176159620285 0.012000000104308128 -0.10811246186494827
v 0.18519918620586395 0.012000000104308128 -0.12121132016181946
v 0.18519918620586395 0.012000000104308128 -0.12121132016181946
v 0.1727176159620285 0.012000000104308128 -0.10811246186494827
v 0.17421133816242218 0.012000000104308128 -0.10768777132034302
v 0.18519918620586395 0.012000000104308128 -0.12121132016181946
v 0.17421133816242218 0.012000000104308128 -0.10768777132034302
v 0.18627412617206573 0.012000000104308128 -0.11819121241569519
v 0.18627412617206573 0.012000000104308128 -0.11819121241569519
v 0.17421133816242218 0.012000000104308128 -0.10768777132034302
v 0.17529258131980896 0.012000000104308128 -0.10657312721014023
v 0.18627412617206573 0.012000000104308128 -0.11819121241569519
v 0.17529258131980896 0.012000000104308128 -0.10657312721014023
v 0.1895303875207901 0.012000000104308128 -0.10962815582752228
v 0.1895303875207901 0.012000000104308128 -0.10962815582752228
v 0.17529258131980896 0.012000000104308128 -0.10657312721014023
v 0.17967355251312256 0.012000000104308128 -0.09871137142181396
v 0.1895303875207901 0.012000000104308128 -0.10962815582752228
v 0.17967355251312256 0.012000000104308128 -0.09871137142181396
v 0.19226409494876862 0.012000000104308128 -0.10555045306682587
v 0.19226409494876862 0.012000000104308128 -0.10555045306682587
v 0.17967355251312256 0.012000000104308128 -0.09871137142181396
v 0.18005262315273285 0.012000000104308128 -0.09720543771982193
v 0.19226409494876862 0.012000000104308128 -0.10555045306682587
v 0.18005262315273285 0.012000000104308128 -0.09720543771982193
v 0.1796279400587082 0.012000000104308128 -0.09571171551942825
v 0.13598383963108063 0.012000000104308128 -0.08466830104589462
v 0.1356244683265686 0.012000000104308128 -0.08578230440616608
v 0.1291348934173584 0.012000000104308128 -0.08296283334493637
v 0.13598383963108063 0.012000000104308128 -0.08466830104589462
v 0.1291348934173584 0.012000000104308128 -0.08296283334493637
v 0.13727866113185883 0.012000000104308128 -0.08234469592571259
v 0.14036479592323303 0.012000000104308128 -0.07680653780698776
v 0.14024224877357483 0.012000000104308128 -0.07702644914388657
v 0.13756012916564941 0.012000000104308128 -0.07439038157463074
v 0.13756012916564941 0.012000000104308128 -0.07439038157463074
v 0.14024224877357483 0.012000000104308128 -0.07702644914388657
v 0.13744014501571655 0.012000000104308128 -0.08205492049455643
v 0.13756012916564941 0.012000000104308128 -0.07439038157463074
v 0.13744014501571655 0.012000000104308128 -0.08205492049455643
v 0.13366948068141937 0.012000000104308128 -0.07834901660680771
v 0.13366948068141937 0.012000000104308128 -0.07834901660680771
v 0.13744014501571655 0.012000000104308128 -0.08205492049455643
v 0.13727866113185883 0.012000000104308128 -0.08234469592571259
v 0.13366948068141937 0.012000000104308128 -0.07834901660680771
v 0.13727866113185883 0.012000000104308128 -0.08234469592571259
v 0.13344527781009674 0.012000000104308128 -0.07857713848352432
v 0.13344527781009674 0.012000000104308128 -0.07857713848352432
v 0.13727866113185883 0.012000000104308128 -0.08234469592571259
v 0.1291348934173584 0.012000000104308128 -0.08296283334493637
v 0.21486186981201172 0.012000000104308128 -0.09103032946586609
v 0.21933069825172424 0.012000000104308128 -0.09559162706136703
v 0.21843864023685455 0.012000000104308128 -0.09611701220273972
v 0.21786512434482574 0.012000000104308128 -0.09753625094890594
v 0.21793775260448456 0.012000000104308128 -0.09805327653884888
v 0.21234437823295593 0.012000000104308128 -0.09359180927276611
v 0.2212914675474167 0.012000000104308128 -0.09892083704471588
v 0.22540150582790375 0.012000000104308128 -0.10138896852731705
v 0.2203993946313858 0.012000000104308128 -0.09944622218608856
v 0.2203993946313858 0.012000000104308128 -0.09944622218608856
v 0.22540150582790375 0.012000000104308128 -0.10138896852731705
v 0.22211112082004547 0.012000000104308128 -0.10352488607168198
v 0.2203993946313858 0.012000000104308128 -0.09944622218608856
v 0.22211112082004547 0.012000000104308128 -0.10352488607168198
v 0.21936416625976562 0.012000000104308128 -0.09945519268512726
v 0.21936416625976562 0.012000000104308128 -0.09945519268512726
v 0.22211112082004547 0.012000000104308128 -0.10352488607168198
v 0.21846313774585724 0.012000000104308128 -0.09894533455371857
v 0.21486186981201172 0.012000000104308128 -0.09103032946586609
v 0.21843864023685455 0.012000000104308128 -0.09611701220273972
v 0.21234437823295593 0.012000000104308128 -0.09359180927276611
v 0.21234437823295593 0.012000000104308128 -0.09359180927276611
v 0.21843864023685455 0.012000000104308128 -0.09611701220273972
v 0.21792878210544586 0.012000000104308128 -0.0970180407166481
v 0.21234437823295593 0.012000000104308128 -0.09359180927276611
v 0.21792878210544586 0.012000000104308128 -0.0970180407166481
v 0.21786512434482574 0.012000000104308128 -0.09753625094890594
v 0.22180131077766418 0.012000000104308128 -0.0980198085308075
v 0.22179235517978668 0.012000000104308128 -0.09698457270860672
v 0.22655005753040314 0.012000000104308128 -0.10022035241127014
v 0.22655005753040314 0.012000000104308128 -0.10022035241127014
v 0.22179235517978668 0.012000000104308128 -0.09698457270860672
v 0.2212669551372528 0.012000000104308128 -0.09609252214431763
v 0.21933069825172424 0.012000000104308128 -0.09559162706136703
v 0.21486186981201172 0.012000000104308128 -0.09103032946586609
v 0.22036594152450562 0.012000000104308128 -0.09558266401290894
v 0.22036594152450562 0.012000000104308128 -0.09558266401290894
v 0.21486186981201172 0.012000000104308128 -0.09103032946586609
v 0.2160104215145111 0.012000000104308128 -0.08986171334981918
v 0.22036594152450562 0.012000000104308128 -0.09558266401290894
v 0.2160104215145111 0.012000000104308128 -0.08986171334981918
v 0.2212669551372528 0.012000000104308128 -0.09609252214431763
v 0.19359304010868073 0.012000000104308128 -0.14325648546218872
v 0.1944940686225891 0.012000000104308128 -0.14376632869243622
v 0.19455663859844208 0.012000000104308128 -0.14726105332374573
v 0.19552931189537048 0.012000000104308128 -0.14375735819339752
v 0.19642136991024017 0.012000000104308128 -0.14323198795318604
v 0.19886702299118042 0.012000000104308128 -0.14287537336349487
v 0.1916239708662033 0.012000000104308128 -0.135756716132164
v 0.1963968724012375 0.012000000104308128 -0.1404036581516266
v 0.1954958438873291 0.012000000104308128 -0.1398938000202179
v 0.19306765496730804 0.012000000104308128 -0.14236441254615784
v 0.19359304010868073 0.012000000104308128 -0.14325648546218872
v 0.18731360137462616 0.012000000104308128 -0.14014241099357605
v 0.18731360137462616 0.012000000104308128 -0.14014241099357605
v 0.19359304010868073 0.012000000104308128 -0.14325648546218872
v 0.19455663859844208 0.012000000104308128 -0.14726105332374573
v 0.18731360137462616 0.012000000104308128 -0.14014241099357605
v 0.19455663859844208 0.012000000104308128 -0.14726105332374573
v 0.18613189458847046 0.012000000104308128 -0.14134475588798523
v 0.19642136991024017 0.012000000104308128 -0.14323198795318604
v 0.19693122804164886 0.012000000104308128 -0.14233095943927765
v 0.19886702299118042 0.012000000104308128 -0.14287537336349487
v 0.19886702299118042 0.012000000104308128 -0.14287537336349487
v 0.19693122804164886 0.012000000104308128 -0.14233095943927765
v 0.19692225754261017 0.012000000104308128 -0.14129571616649628
v 0.19886702299118042 0.012000000104308128 -0.14287537336349487
v 0.19692225754261017 0.012000000104308128 -0.14129571616649628
v 0.1963968724012375 0.012000000104308128 -0.1404036581516266
v 0.1954958438873291 0.012000000104308128 -0.1398938000202179
v 0.19446061551570892 0.012000000104308128 -0.1399027705192566
v 0.1916239708662033 0.012000000104308128 -0.135756716132164
v 0.1916239708662033 0.012000000104308128 -0.135756716132164
v 0.19446061551570892 0.012000000104308128 -0.1399027705192566
v 0.19356854259967804 0.012000000104308128 -0.14042815566062927
v 0.1916239708662033 0.012000000104308128 -0.135756716132164
v 0.19356854259967804 0.012000000104308128 -0.14042815566062927
v 0.18731360137462616 0.012000000104308128 -0.14014241099357605
v 0.18731360137462616 0.012000000104308128 -0.14014241099357605
v 0.19356854259967804 0.012000000104308128 -0.14042815566062927
v 0.19305869936943054 0.012000000104308128 -0.14132918417453766
v 0.18731360137462616 0.012000000104308128 -0.14014241099357605
v 0.19305869936943054 0.012000000104308128 -0.14132918417453766
v 0.19306765496730804 0.012000000104308128 -0.14236441254615784
v 0.1916239708662033 0.012000000104308128 -0.135756716132164
v 0.19184817373752594 0.012000000104308128 -0.1355285942554474
v 0.1963968724012375 0.012000000104308128 -0.1404036581516266
v 0.1963968724012375 0.012000000104308128 -0.1404036581516266
v 0.19184817373752594 0.012000000104308128 -0.1355285942554474
v 0.19909122586250305 0.012000000104308128 -0.14264723658561707
v 0.1963968724012375 0.012000000104308128 -0.1404036581516266
v 0.19909122586250305 0.012000000104308128 -0.14264723658561707
v 0.19886702299118042 0.012000000104308128 -0.14287537336349487
v 0.19886702299118042 0.012000000104308128 -0.14287537336349487
v 0.19909122586250305 0.012000000104308128 -0.14264723658561707
v 0.20633427798748016 0.012000000104308128 -0.14976590871810913
v -0.016061361879110336 0.012000000104308128 0.01578553393483162
v -0.020879624411463737 0.012000000104308128 0.008437513373792171
v -0.021966252475976944 0.012000000104308128 0.00791196245700121
v -0.021966252475976944 0.012000000104308128 0.00791196245700121
v -0.020879624411463737 0.012000000104308128 0.008437513373792171
v -0.022519154474139214 0.012000000104308128 -0.00019504058582242578
v -0.021966252475976944 0.012000000104308128 0.00791196245700121
v -0.022519154474139214 0.012000000104308128 -0.00019504058582242578
v -0.028147803619503975 0.012000000104308128 0.0016223980346694589
v -0.028147803619503975 0.012000000104308128 0.0016223980346694589
v -0.022519154474139214 0.012000000104308128 -0.00019504058582242578
v -0.035364940762519836 0.012000000104308128 -0.011866217479109764
v -0.028147803619503975 0.012000000104308128 0.0016223980346694589
v -0.035364940762519836 0.012000000104308128 -0.011866217479109764
v -0.03671647608280182 0.012000000104308128 -0.011101438663899899
v -0.008797901682555676 0.012000000104308128 0.02073034830391407
v -0.016061361879110336 0.012000000104308128 0.01578553393483162
v -0.008230127394199371 0.012000000104308128 0.02440863847732544
v 0.030557164922356606 0.012000000104308128 -0.00899392832070589
v 0.02671026438474655 0.012000000104308128 -0.009931706823408604
v 0.030580243095755577 0.012000000104308128 -0.007639311719685793
v 0.030580243095755577 0.012000000104308128 -0.007639311719685793
v 0.02671026438474655 0.012000000104308128 -0.009931706823408604
v 0.022519154474139214 0.012000000104308128 0.00019504058582242578
v 0.030580243095755577 0.012000000104308128 -0.007639311719685793
v 0.022519154474139214 0.012000000104308128 0.00019504058582242578
v 0.03149484470486641 0.012000000104308128 0.0012590360129252076
v 0.03149484470486641 0.012000000104308128 0.0012590360129252076
v 0.022519154474139214 0.012000000104308128 0.00019504058582242578
v 0.02073034830391407 0.012000000104308128 0.008797901682555676
v 0.03149484470486641 0.012000000104308128 0.0012590360129252076
v 0.02073034830391407 0.012000000104308128 0.008797901682555676
v 0.03173104301095009 0.012000000104308128 0.0025513176806271076
v 0.03173104301095009 0.012000000104308128 0.0025513176806271076
v 0.02073034830391407 0.012000000104308128 0.008797901682555676
v 0.01578553393483162 0.012000000104308128 0.016061361879110336
v 0.03173104301095009 0.012000000104308128 0.0025513176806271076
v 0.01578553393483162 0.012000000104308128 0.016061361879110336
v 0.001993082230910659 0.012000000104308128 0.03228995203971863
v 0.001993082230910659 0.012000000104308128 0.03228995203971863
v 0.01578553393483162 0.012000000104308128 0.016061361879110336
v 0.008437513373792171 0.012000000104308128 0.020879624411463737
v 0.001993082230910659 0.012000000104308128 0.03228995203971863
v 0.008437513373792171 0.012000000104308128 0.020879624411463737
v -0.0017352625727653503 0.012000000104308128 0.028496459126472473
v -0.0017352625727653503 0.012000000104308128 0.028496459126472473
v 0.008437513373792171 0.012000000104308128 0.020879624411463737
v -0.00019504058582242578 0.012000000104308128 0.022519154474139214
v -0.0017352625727653503 0.012000000104308128 0.028496459126472473
v -0.00019504058582242578 0.012000000104308128 0.022519154474139214
v -0.0069700502790510654 0.012000000104308128 0.02317020110785961
v -0.008437513373792171 0.012000000104308128 -0.020879624411463737
v 0.00019504058582242578 0.012000000104308128 -0.022519154474139214
v 0.005532511509954929 0.012000000104308128 -0.03147950768470764
v 0.005532511509954929 0.012000000104308128 -0.03147950768470764
v 0.00019504058582242578 0.012000000104308128 -0.022519154474139214
v 0.008797901682555676 0.012000000104308128 -0.02073034830391407
v 0.005532511509954929 0.012000000104308128 -0.03147950768470764
v 0.008797901682555676 0.012000000104308128 -0.02073034830391407
v 0.01171406265348196 0.012000000104308128 -0.025189945474267006
v 0.01171406265348196 0.012000000104308128 -0.025189945474267006
v 0.008797901682555676 0.012000000104308128 -0.02073034830391407
v 0.016061361879110336 0.012000000104308128 -0.01578553393483162
v 0.01171406265348196 0.012000000104308128 -0.025189945474267006
v 0.016061361879110336 0.012000000104308128 -0.01578553393483162
v 0.02671026438474655 0.012000000104308128 -0.009931706823408604
v 0.02671026438474655 0.012000000104308128 -0.009931706823408604
v 0.016061361879110336 0.012000000104308128 -0.01578553393483162
v 0.020879624411463737 0.012000000104308128 -0.008437513373792171
v 0.02671026438474655 0.012000000104308128 -0.009931706823408604
v 0.020879624411463737 0.012000000104308128 -0.008437513373792171
v 0.022519154474139214 0.012000000104308128 0.00019504058582242578
v 0.04971608519554138 0.012000000104308128 -0.02502620220184326
v 0.05280124023556709 0.012000000104308128 -0.025103462859988213
v 0.04837799817323685 0.012000000104308128 -0.025814279913902283
v 0.04837799817323685 0.012000000104308128 -0.025814279913902283
v 0.05280124023556709 0.012000000104308128 -0.025103462859988213
v 0.047566451132297516 0.012000000104308128 -0.030429720878601074
v 0.04837799817323685 0.012000000104308128 -0.025814279913902283
v 0.047566451132297516 0.012000000104308128 -0.030429720878601074
v 0.046825140714645386 0.012000000104308128 -0.02582772821187973
v 0.04832780361175537 0.012000000104308128 -0.020018942654132843
v 0.04677494615316391 0.012000000104308128 -0.02003239095211029
v 0.04530617222189903 0.012000000104308128 -0.017737112939357758
v 0.04530617222189903 0.012000000104308128 -0.017737112939357758
v 0.04677494615316391 0.012000000104308128 -0.02003239095211029
v 0.045436859130859375 0.012000000104308128 -0.020820464938879013
v 0.04530617222189903 0.012000000104308128 -0.017737112939357758
v 0.045436859130859375 0.012000000104308128 -0.020820464938879013
v 0.040071383118629456 0.012000000104308128 -0.02306337095797062
v 0.040071383118629456 0.012000000104308128 -0.02306337095797062
v 0.045436859130859375 0.012000000104308128 -0.020820464938879013
v 0.044672079384326935 0.012000000104308128 -0.022172003984451294
v 0.040071383118629456 0.012000000104308128 -0.02306337095797062
v 0.044672079384326935 0.012000000104308128 -0.022172003984451294
v 0.04277254268527031 0.012000000104308128 -0.025718139484524727
v 0.04277254268527031 0.012000000104308128 -0.025718139484524727
v 0.044672079384326935 0.012000000104308128 -0.022172003984451294
v 0.04468552768230438 0.012000000104308128 -0.023724859580397606
v 0.04277254268527031 0.012000000104308128 -0.025718139484524727
v 0.04468552768230438 0.012000000104308128 -0.023724859580397606
v 0.0454736053943634 0.012000000104308128 -0.02506294846534729
v 0.050467416644096375 0.012000000104308128 -0.022121809422969818
v 0.04967934265732765 0.012000000104308128 -0.020783722400665283
v 0.05173567309975624 0.012000000104308128 -0.01659838855266571
v 0.04971608519554138 0.012000000104308128 -0.02502620220184326
v 0.05048086866736412 0.012000000104308128 -0.02367466688156128
v 0.05280124023556709 0.012000000104308128 -0.025103462859988213
v 0.05280124023556709 0.012000000104308128 -0.025103462859988213
v 0.05048086866736412 0.012000000104308128 -0.02367466688156128
v 0.050467416644096375 0.012000000104308128 -0.022121809422969818
v 0.05280124023556709 0.012000000104308128 -0.025103462859988213
v 0.050467416644096375 0.012000000104308128 -0.022121809422969818
v 0.056529585272073746 0.012000000104308128 -0.021309969946742058
v 0.056529585272073746 0.012000000104308128 -0.021309969946742058
v 0.050467416644096375 0.012000000104308128 -0.022121809422969818
v 0.05173567309975624 0.012000000104308128 -0.01659838855266571
v 0.056529585272073746 0.012000000104308128 -0.021309969946742058
v 0.05173567309975624 0.012000000104308128 -0.01659838855266571
v 0.0570998415350914 0.012000000104308128 -0.016447139903903008
v 0.0570998415350914 0.012000000104308128 -0.016447139903903008
v 0.05173567309975624 0.012000000104308128 -0.01659838855266571
v 0.056604404002428055 0.012000000104308128 -0.015137458220124245
v 0.2132398933172226 0.012000000104308128 -0.10308448225259781
v 0.21180903911590576 0.012000000104308128 -0.10295811295509338
v 0.21060094237327576 0.012000000104308128 -0.10218103975057602
v 0.21793775260448456 0.012000000104308128 -0.09805327653884888
v 0.21846313774585724 0.012000000104308128 -0.09894533455371857
v 0.21234437823295593 0.012000000104308128 -0.09359180927276611
v 0.21234437823295593 0.012000000104308128 -0.09359180927276611
v 0.21846313774585724 0.012000000104308128 -0.09894533455371857
v 0.22211112082004547 0.012000000104308128 -0.10352488607168198
v 0.21234437823295593 0.012000000104308128 -0.09359180927276611
v 0.22211112082004547 0.012000000104308128 -0.10352488607168198
v 0.20969069004058838 0.012000000104308128 -0.10021296888589859
v 0.20969069004058838 0.012000000104308128 -0.10021296888589859
v 0.22211112082004547 0.012000000104308128 -0.10352488607168198
v 0.2132398933172226 0.012000000104308128 -0.10308448225259781
v 0.20969069004058838 0.012000000104308128 -0.10021296888589859
v 0.2132398933172226 0.012000000104308128 -0.10308448225259781
v 0.20989260077476501 0.012000000104308128 -0.10093144327402115
v 0.20989260077476501 0.012000000104308128 -0.10093144327402115
v 0.2132398933172226 0.012000000104308128 -0.10308448225259781
v 0.21060094237327576 0.012000000104308128 -0.10218103975057602
v 0.18565846979618073 0.012000000104308128 -0.12733179330825806
v 0.18630753457546234 0.012000000104308128 -0.12942036986351013
v 0.1813085377216339 0.012000000104308128 -0.12516994774341583
v 0.18778595328330994 0.012000000104308128 -0.1310320794582367
v 0.1898108720779419 0.012000000104308128 -0.13185857236385345
v 0.19184817373752594 0.012000000104308128 -0.1355285942554474
v 0.19184817373752594 0.012000000104308128 -0.1355285942554474
v 0.1898108720779419 0.012000000104308128 -0.13185857236385345
v 0.19199484586715698 0.012000000104308128 -0.1317417174577713
v 0.19184817373752594 0.012000000104308128 -0.1355285942554474
v 0.19199484586715698 0.012000000104308128 -0.1317417174577713
v 0.19271332025527954 0.012000000104308128 -0.13153980672359467
v 0.18627412617206573 0.012000000104308128 -0.11819121241569519
v 0.18565846979618073 0.012000000104308128 -0.12733179330825806
v 0.18519918620586395 0.012000000104308128 -0.12121132016181946
v 0.18519918620586395 0.012000000104308128 -0.12121132016181946
v 0.18565846979618073 0.012000000104308128 -0.12733179330825806
v 0.1813085377216339 0.012000000104308128 -0.12516994774341583
v 0.18519918620586395 0.012000000104308128 -0.12121132016181946
v 0.1813085377216339 0.012000000104308128 -0.12516994774341583
v 0.17121167480945587 0.012000000104308128 -0.10773338377475739
v 0.17121167480945587 0.012000000104308128 -0.10773338377475739
v 0.1813085377216339 0.012000000104308128 -0.12516994774341583
v 0.18108433485031128 0.012000000104308128 -0.12539806962013245
v 0.17121167480945587 0.012000000104308128 -0.10773338377475739
v 0.18108433485031128 0.012000000104308128 -0.12539806962013245
v 0.1371440887451172 0.012000000104308128 -0.08874920010566711
v 0.1371440887451172 0.012000000104308128 -0.08874920010566711
v 0.18108433485031128 0.012000000104308128 -0.12539806962013245
v 0.17677396535873413 0.012000000104308128 -0.1297837644815445
v 0.1371440887451172 0.012000000104308128 -0.08874920010566711
v 0.17677396535873413 0.012000000104308128 -0.1297837644815445
v 0.13625238835811615 0.012000000104308128 -0.08799087256193161
v 0.13625238835811615 0.012000000104308128 -0.08799087256193161
v 0.17677396535873413 0.012000000104308128 -0.1297837644815445
v 0.1291348934173584 0.012000000104308128 -0.08296283334493637
v 0.13625238835811615 0.012000000104308128 -0.08799087256193161
v 0.1291348934173584 0.012000000104308128 -0.08296283334493637
v 0.13571877777576447 0.012000000104308128 -0.08694905042648315
v 0.13571877777576447 0.012000000104308128 -0.08694905042648315
v 0.1291348934173584 0.012000000104308128 -0.08296283334493637
v 0.1356244683265686 0.012000000104308128 -0.08578230440616608
v 0.21755348145961761 0.012000000104308128 -0.14680488407611847
v 0.2102249264717102 0.012000000104308128 -0.14580728113651276
v 0.20878510177135468 0.012000000104308128 -0.14538773894309998
v 0.20878510177135468 0.012000000104308128 -0.14538773894309998
v 0.2102249264717102 0.012000000104308128 -0.14580728113651276
v 0.20633427798748016 0.012000000104308128 -0.14976590871810913
v 0.20878510177135468 0.012000000104308128 -0.14538773894309998
v 0.20633427798748016 0.012000000104308128 -0.14976590871810913
v 0.20129172503948212 0.012000000104308128 -0.14061887562274933
v 0.20129172503948212 0.012000000104308128 -0.14061887562274933
v 0.20633427798748016 0.012000000104308128 -0.14976590871810913
v 0.19909122586250305 0.012000000104308128 -0.14264723658561707
v 0.20129172503948212 0.012000000104308128 -0.14061887562274933
v 0.19909122586250305 0.012000000104308128 -0.14264723658561707
v 0.19629479944705963 0.012000000104308128 -0.13327562808990479
v 0.19629479944705963 0.012000000104308128 -0.13327562808990479
v 0.19909122586250305 0.012000000104308128 -0.14264723658561707
v 0.19184817373752594 0.012000000104308128 -0.1355285942554474
v 0.19629479944705963 0.012000000104308128 -0.13327562808990479
v 0.19184817373752594 0.012000000104308128 -0.1355285942554474
v 0.1954415887594223 0.012000000104308128 -0.1321200430393219
v 0.1954415887594223 0.012000000104308128 -0.1321200430393219
v 0.19184817373752594 0.012000000104308128 -0.1355285942554474
v 0.19271332025527954 0.012000000104308128 -0.13153980672359467
v 0.1954415887594223 0.012000000104308128 -0.1321200430393219
v 0.19271332025527954 0.012000000104308128 -0.13153980672359467
v 0.19414900243282318 0.012000000104308128 -0.13149358332157135
v 0.08449836820363998 0.012000000104308128 -0.0562562458217144
v 0.0659656897187233 0.012000000104308128 -0.048512980341911316
v 0.07120047509670258 0.012000000104308128 -0.043186724185943604
v 0.07120047509670258 0.012000000104308128 -0.043186724185943604
v 0.0659656897187233 0.012000000104308128 -0.048512980341911316
v 0.06588690727949142 0.012000000104308128 -0.04613955691456795
v 0.07120047509670258 0.012000000104308128 -0.043186724185943604
v 0.06588690727949142 0.012000000104308128 -0.04613955691456795
v 0.06595718860626221 0.012000000104308128 -0.045038916170597076
v 0.051605336368083954 0.012000000104308128 -0.03371239826083183
v 0.047566451132297516 0.012000000104308128 -0.030429720878601074
v 0.05265028774738312 0.012000000104308128 -0.033522844314575195
v 0.05265028774738312 0.012000000104308128 -0.033522844314575195
v 0.047566451132297516 0.012000000104308128 -0.030429720878601074
v 0.05280124023556709 0.012000000104308128 -0.025103462859988213
v 0.05265028774738312 0.012000000104308128 -0.033522844314575195
v 0.05280124023556709 0.012000000104308128 -0.025103462859988213
v 0.05369580537080765 0.012000000104308128 -0.033709242939949036
v 0.06595718860626221 0.012000000104308128 -0.045038916170597076
v 0.06562499701976776 0.012000000104308128 -0.04398725926876068
v 0.07120047509670258 0.012000000104308128 -0.043186724185943604
v 0.07120047509670258 0.012000000104308128 -0.043186724185943604
v 0.06562499701976776 0.012000000104308128 -0.04398725926876068
v 0.06493521481752396 0.012000000104308128 -0.043126702308654785
v 0.07120047509670258 0.012000000104308128 -0.043186724185943604
v 0.06493521481752396 0.012000000104308128 -0.043126702308654785
v 0.05280124023556709 0.012000000104308128 -0.025103462859988213
v 0.05280124023556709 0.012000000104308128 -0.025103462859988213
v 0.06493521481752396 0.012000000104308128 -0.043126702308654785
v 0.05461087077856064 0.012000000104308128 -0.034248236566782
v 0.05280124023556709 0.012000000104308128 -0.025103462859988213
v 0.05461087077856064 0.012000000104308128 -0.034248236566782
v 0.05369580537080765 0.012000000104308128 -0.033709242939949036
v 0.029996858909726143 0.012000000104308128 -0.042050912976264954
v 0.03151610121130943 0.012000000104308128 -0.042372558265924454
v 0.0325702503323555 0.012000000104308128 -0.0456879585981369
v 0.038552697747945786 0.012000000104308128 -0.03142942488193512
v 0.04277254268527031 0.012000000104308128 -0.025718139484524727
v 0.047566451132297516 0.012000000104308128 -0.030429720878601074
v 0.047566451132297516 0.012000000104308128 -0.030429720878601074
v 0.04277254268527031 0.012000000104308128 -0.025718139484524727
v 0.0454736053943634 0.012000000104308128 -0.02506294846534729
v 0.047566451132297516 0.012000000104308128 -0.030429720878601074
v 0.0454736053943634 0.012000000104308128 -0.02506294846534729
v 0.046825140714645386 0.012000000104308128 -0.02582772821187973
v 0.03151610121130943 0.012000000104308128 -0.042372558265924454
v 0.03299262002110481 0.012000000104308128 -0.041891489177942276
v 0.0325702503323555 0.012000000104308128 -0.0456879585981369
v 0.0325702503323555 0.012000000104308128 -0.0456879585981369
v 0.03299262002110481 0.012000000104308128 -0.041891489177942276
v 0.034030791372060776 0.012000000104308128 -0.0407366119325161
v 0.0325702503323555 0.012000000104308128 -0.0456879585981369
v 0.034030791372060776 0.012000000104308128 -0.0407366119325161
v 0.047566451132297516 0.012000000104308128 -0.030429720878601074
v 0.047566451132297516 0.012000000104308128 -0.030429720878601074
v 0.034030791372060776 0.012000000104308128 -0.0407366119325161
v 0.038246478885412216 0.012000000104308128 -0.032446324825286865
v 0.047566451132297516 0.012000000104308128 -0.030429720878601074
v 0.038246478885412216 0.012000000104308128 -0.032446324825286865
v 0.038552697747945786 0.012000000104308128 -0.03142942488193512
v 0.01171406265348196 0.012000000104308128 -0.025189945474267006
v 0.01372532919049263 0.012000000104308128 -0.02837473712861538
v 0.012691683135926723 0.012000000104308128 -0.02919803000986576
v 0.005532511509954929 0.012000000104308128 -0.03147950768470764
v 0.01209891028702259 0.012000000104308128 -0.03170696273446083
v 0.012654798105359077 0.012000000104308128 -0.032905805855989456
v 0.01171406265348196 0.012000000104308128 -0.025189945474267006
v 0.012691683135926723 0.012000000104308128 -0.02919803000986576
v 0.005532511509954929 0.012000000104308128 -0.03147950768470764
v 0.005532511509954929 0.012000000104308128 -0.03147950768470764
v 0.012691683135926723 0.012000000104308128 -0.02919803000986576
v 0.012112054973840714 0.012000000104308128 -0.03038557432591915
v 0.005532511509954929 0.012000000104308128 -0.03147950768470764
v 0.012112054973840714 0.012000000104308128 -0.03038557432591915
v 0.01209891028702259 0.012000000104308128 -0.03170696273446083
v -0.03532819822430611 0.012000000104308128 -0.01610870100557804
v -0.03456341475248337 0.012000000104308128 -0.01475716382265091
v -0.022644314914941788 0.012000000104308128 -0.024257300421595573
v -0.022644314914941788 0.012000000104308128 -0.024257300421595573
v -0.03456341475248337 0.012000000104308128 -0.01475716382265091
v -0.008437513373792171 0.012000000104308128 -0.020879624411463737
v -0.022644314914941788 0.012000000104308128 -0.024257300421595573
v -0.008437513373792171 0.012000000104308128 -0.020879624411463737
v 0.0008758580079302192 0.012000000104308128 -0.03621752932667732
v 0.0008758580079302192 0.012000000104308128 -0.03621752932667732
v -0.008437513373792171 0.012000000104308128 -0.020879624411463737
v 0.005532511509954929 0.012000000104308128 -0.03147950768470764
v 0.0008758580079302192 0.012000000104308128 -0.03621752932667732
v 0.005532511509954929 0.012000000104308128 -0.03147950768470764
v 0.018893631175160408 0.012000000104308128 -0.04461117461323738
v 0.018893631175160408 0.012000000104308128 -0.04461117461323738
v 0.005532511509954929 0.012000000104308128 -0.03147950768470764
v 0.012654798105359077 0.012000000104308128 -0.032905805855989456
v 0.012654798105359077 0.012000000104308128 -0.032905805855989456
v 0.013671860098838806 0.012000000104308128 -0.033749498426914215
v 0.018893631175160408 0.012000000104308128 -0.04461117461323738
v 0.018893631175160408 0.012000000104308128 -0.04461117461323738
v 0.013671860098838806 0.012000000104308128 -0.033749498426914215
v 0.02427138201892376 0.012000000104308128 -0.03913945332169533
v 0.018893631175160408 0.012000000104308128 -0.04461117461323738
v 0.02427138201892376 0.012000000104308128 -0.03913945332169533
v 0.020513996481895447 0.012000000104308128 -0.04620371013879776
v 0.020513996481895447 0.012000000104308128 -0.04620371013879776
v 0.02427138201892376 0.012000000104308128 -0.03913945332169533
v 0.027661187574267387 0.012000000104308128 -0.04086320102214813
v 0.020513996481895447 0.012000000104308128 -0.04620371013879776
v 0.027661187574267387 0.012000000104308128 -0.04086320102214813
v 0.02193072810769081 0.012000000104308128 -0.046924132853746414
v 0.02193072810769081 0.012000000104308128 -0.046924132853746414
v 0.027661187574267387 0.012000000104308128 -0.04086320102214813
v 0.027776340022683144 0.012000000104308128 -0.040976379066705704
v 0.02193072810769081 0.012000000104308128 -0.046924132853746414
v 0.027776340022683144 0.012000000104308128 -0.040976379066705704
v 0.0325702503323555 0.012000000104308128 -0.0456879585981369
v 0.0325702503323555 0.012000000104308128 -0.0456879585981369
v 0.027776340022683144 0.012000000104308128 -0.040976379066705704
v 0.027812132611870766 0.012000000104308128 -0.04093996062874794
v 0.0325702503323555 0.012000000104308128 -0.0456879585981369
v 0.027812132611870766 0.012000000104308128 -0.04093996062874794
v 0.029996858909726143 0.012000000104308128 -0.042050912976264954
v 0.02871609851717949 0.012000000104308128 -0.01827610470354557
v 0.027394304051995277 0.012000000104308128 -0.017978815361857414
v 0.02671026438474655 0.012000000104308128 -0.009931706823408604
v 0.038552697747945786 0.012000000104308128 -0.03142942488193512
v 0.03848543018102646 0.012000000104308128 -0.030369555577635765
v 0.04277254268527031 0.012000000104308128 -0.025718139484524727
v 0.04277254268527031 0.012000000104308128 -0.025718139484524727
v 0.03848543018102646 0.012000000104308128 -0.030369555577635765
v 0.038053106516599655 0.012000000104308128 -0.029399529099464417
v 0.04277254268527031 0.012000000104308128 -0.025718139484524727
v 0.038053106516599655 0.012000000104308128 -0.029399529099464417
v 0.040071383118629456 0.012000000104308128 -0.02306337095797062
v 0.040071383118629456 0.012000000104308128 -0.02306337095797062
v 0.038053106516599655 0.012000000104308128 -0.029399529099464417
v 0.03666512668132782 0.012000000104308128 -0.026608185842633247
v 0.040071383118629456 0.012000000104308128 -0.02306337095797062
v 0.03666512668132782 0.012000000104308128 -0.026608185842633247
v 0.036076609045267105 0.012000000104308128 -0.0235468577593565
v 0.027394304051995277 0.012000000104308128 -0.017978815361857414
v 0.026076508685946465 0.012000000104308128 -0.0182933546602726
v 0.02671026438474655 0.012000000104308128 -0.009931706823408604
v 0.02671026438474655 0.012000000104308128 -0.009931706823408604
v 0.026076508685946465 0.012000000104308128 -0.0182933546602726
v 0.025031469762325287 0.012000000104308128 -0.01915556937456131
v 0.02671026438474655 0.012000000104308128 -0.009931706823408604
v 0.025031469762325287 0.012000000104308128 -0.01915556937456131
v 0.01171406265348196 0.012000000104308128 -0.025189945474267006
v 0.01171406265348196 0.012000000104308128 -0.025189945474267006
v 0.025031469762325287 0.012000000104308128 -0.01915556937456131
v 0.019919101148843765 0.012000000104308128 -0.02442825585603714
v 0.01171406265348196 0.012000000104308128 -0.025189945474267006
v 0.019919101148843765 0.012000000104308128 -0.02442825585603714
v 0.01372532919049263 0.012000000104308128 -0.02837473712861538
v 0.036076609045267105 0.012000000104308128 -0.0235468577593565
v 0.03583231940865517 0.012000000104308128 -0.022513331845402718
v 0.040071383118629456 0.012000000104308128 -0.02306337095797062
v 0.040071383118629456 0.012000000104308128 -0.02306337095797062
v 0.03583231940865517 0.012000000104308128 -0.022513331845402718
v 0.03524324297904968 0.012000000104308128 -0.021629678085446358
v 0.040071383118629456 0.012000000104308128 -0.02306337095797062
v 0.03524324297904968 0.012000000104308128 -0.021629678085446358
v 0.02671026438474655 0.012000000104308128 -0.009931706823408604
v 0.02671026438474655 0.012000000104308128 -0.009931706823408604
v 0.03524324297904968 0.012000000104308128 -0.021629678085446358
v 0.03438320383429527 0.012000000104308128 -0.021006634458899498
v 0.02671026438474655 0.012000000104308128 -0.009931706823408604
v 0.03438320383429527 0.012000000104308128 -0.021006634458899498
v 0.02871609851717949 0.012000000104308128 -0.01827610470354557
v -0.050675634294748306 0.012000000104308128 0.04616253823041916
v -0.049887560307979584 0.012000000104308128 0.044824451208114624
v -0.051041942089796066 0.012000000104308128 0.03648832067847252
v -0.051041942089796066 0.012000000104308128 0.03648832067847252
v -0.049887560307979584 0.012000000104308128 0.044824451208114624
v -0.0485360212624073 0.012000000104308128 0.044059667736291885
v -0.061041031032800674 0.012000000104308128 0.046315692365169525
v -0.04992430657148361 0.012000000104308128 0.0490669310092926
v -0.05068908631801605 0.012000000104308128 0.04771539568901062
v -0.05068908631801605 0.012000000104308128 0.04771539568901062
v -0.050675634294748306 0.012000000104308128 0.04616253823041916
v -0.061041031032800674 0.012000000104308128 0.046315692365169525
v -0.061041031032800674 0.012000000104308128 0.046315692365169525
v -0.050675634294748306 0.012000000104308128 0.04616253823041916
v -0.051041942089796066 0.012000000104308128 0.03648832067847252
v -0.061041031032800674 0.012000000104308128 0.046315692365169525
v -0.051041942089796066 0.012000000104308128 0.03648832067847252
v -0.061784058809280396 0.012000000104308128 0.04157724976539612
v -0.061784058809280396 0.012000000104308128 0.04157724976539612
v -0.051041942089796066 0.012000000104308128 0.03648832067847252
v -0.05722349137067795 0.012000000104308128 0.030198758468031883
v -0.061784058809280396 0.012000000104308128 0.04157724976539612
v -0.05722349137067795 0.012000000104308128 0.030198758468031883
v -0.05735445395112038 0.012000000104308128 0.03006551042199135
v -0.05735445395112038 0.012000000104308128 0.03006551042199135
v -0.05722349137067795 0.012000000104308128 0.030198758468031883
v -0.04704602062702179 0.012000000104308128 0.0032757532317191362
v -0.058482758700847626 0.012000000104308128 0.0574784092605114
v -0.058188844472169876 0.012000000104308128 0.05777745693922043
v -0.061041031032800674 0.012000000104308128 0.046315692365169525
v -0.061041031032800674 0.012000000104308128 0.046315692365169525
v -0.058188844472169876 0.012000000104308128 0.05777745693922043
v -0.04604482650756836 0.012000000104308128 0.06157393008470535
v -0.061041031032800674 0.012000000104308128 0.046315692365169525
v -0.04604482650756836 0.012000000104308128 0.06157393008470535
v -0.04992430657148361 0.012000000104308128 0.0490669310092926
v -0.04992430657148361 0.012000000104308128 0.0490669310092926
v -0.04604482650756836 0.012000000104308128 0.06157393008470535
v -0.04858621954917908 0.012000000104308128 0.049855008721351624
v -0.04488029703497887 0.012000000104308128 0.046212732791900635
v -0.03604574128985405 0.012000000104308128 0.051746562123298645
v -0.045645080506801605 0.012000000104308128 0.04486119747161865
v -0.045645080506801605 0.012000000104308128 0.04486119747161865
v -0.03604574128985405 0.012000000104308128 0.051746562123298645
v -0.051041942089796066 0.012000000104308128 0.03648832067847252
v -0.045645080506801605 0.012000000104308128 0.04486119747161865
v -0.051041942089796066 0.012000000104308128 0.03648832067847252
v -0.04698316752910614 0.012000000104308128 0.04407311975955963
v -0.04698316752910614 0.012000000104308128 0.04407311975955963
v -0.051041942089796066 0.012000000104308128 0.03648832067847252
v -0.0485360212624073 0.012000000104308128 0.044059667736291885
v -0.04488029703497887 0.012000000104308128 0.046212732791900635
v -0.044893745332956314 0.012000000104308128 0.0477655865252018
v -0.03604574128985405 0.012000000104308128 0.051746562123298645
v -0.03604574128985405 0.012000000104308128 0.051746562123298645
v -0.044893745332956314 0.012000000104308128 0.0477655865252018
v -0.045681823045015335 0.012000000104308128 0.04910367727279663
v -0.03604574128985405 0.012000000104308128 0.051746562123298645
v -0.045681823045015335 0.012000000104308128 0.04910367727279663
v -0.04604482650756836 0.012000000104308128 0.06157393008470535
v -0.04604482650756836 0.012000000104308128 0.06157393008470535
v -0.045681823045015335 0.012000000104308128 0.04910367727279663
v -0.04703335836529732 0.012000000104308128 0.04986845329403877
v -0.04604482650756836 0.012000000104308128 0.06157393008470535
v -0.04703335836529732 0.012000000104308128 0.04986845329403877
v -0.04858621954917908 0.012000000104308128 0.049855008721351624
v -0.008230127394199371 0.012000000104308128 0.02440863847732544
v -0.016061361879110336 0.012000000104308128 0.01578553393483162
v -0.023226328194141388 0.012000000104308128 0.009150399826467037
v -0.023226328194141388 0.012000000104308128 0.009150399826467037
v -0.016061361879110336 0.012000000104308128 0.01578553393483162
v -0.021966252475976944 0.012000000104308128 0.00791196245700121
v -0.023226328194141388 0.012000000104308128 0.009150399826467037
v -0.021966252475976944 0.012000000104308128 0.00791196245700121
v -0.02940787933766842 0.012000000104308128 0.0028608350548893213
v -0.02940787933766842 0.012000000104308128 0.0028608350548893213
v -0.021966252475976944 0.012000000104308128 0.00791196245700121
v -0.028147803619503975 0.012000000104308128 0.0016223980346694589
v -0.02940787933766842 0.012000000104308128 0.0028608350548893213
v -0.028147803619503975 0.012000000104308128 0.0016223980346694589
v -0.04495079070329666 0.012000000104308128 -0.014510780572891235
v -0.04495079070329666 0.012000000104308128 -0.014510780572891235
v -0.028147803619503975 0.012000000104308128 0.0016223980346694589
v -0.03960742428898811 0.012000000104308128 -0.011902962811291218
v -0.04495079070329666 0.012000000104308128 -0.014510780572891235
v -0.03960742428898811 0.012000000104308128 -0.011902962811291218
v -0.040372204035520554 0.012000000104308128 -0.01325449999421835
v 0.0031355065293610096 0.012000000104308128 0.035972870886325836
v 0.004621101543307304 0.012000000104308128 0.03496389091014862
v 0.0007330054650083184 0.012000000104308128 0.03352838754653931
v 0.0007330054650083184 0.012000000104308128 0.03352838754653931
v 0.004621101543307304 0.012000000104308128 0.03496389091014862
v 0.001993082230910659 0.012000000104308128 0.03228995203971863
v 0.0007330054650083184 0.012000000104308128 0.03352838754653931
v 0.001993082230910659 0.012000000104308128 0.03228995203971863
v -0.0029953394550830126 0.012000000104308128 0.0297348964959383
v -0.0029953394550830126 0.012000000104308128 0.0297348964959383
v 0.001993082230910659 0.012000000104308128 0.03228995203971863
v -0.0017352625727653503 0.012000000104308128 0.028496459126472473
v -0.0029953394550830126 0.012000000104308128 0.0297348964959383
v -0.0017352625727653503 0.012000000104308128 0.028496459126472473
v -0.008230127394199371 0.012000000104308128 0.02440863847732544
v -0.008230127394199371 0.012000000104308128 0.02440863847732544
v -0.0017352625727653503 0.012000000104308128 0.028496459126472473
v -0.0069700502790510654 0.012000000104308128 0.02317020110785961
v -0.008230127394199371 0.012000000104308128 0.02440863847732544
v -0.0069700502790510654 0.012000000104308128 0.02317020110785961
v -0.008797901682555676 0.012000000104308128 0.02073034830391407
v -0.008797901682555676 0.012000000104308128 0.02073034830391407
v -0.0069700502790510654 0.012000000104308128 0.02317020110785961
v -0.00019504058582242578 0.012000000104308128 0.022519154474139214
v 0.05819694697856903 0.012000000104308128 -0.004621088970452547
v 0.060898106545209885 0.012000000104308128 -0.007275857962667942
v 0.053886570036411285 0.012000000104308128 -0.009006782434880733
v 0.053886570036411285 0.012000000104308128 -0.009006782434880733
v 0.060898106545209885 0.012000000104308128 -0.007275857962667942
v 0.05658772960305214 0.012000000104308128 -0.011661551892757416
v 0.053886570036411285 0.012000000104308128 -0.009006782434880733
v 0.05658772960305214 0.012000000104308128 -0.011661551892757416
v 0.05270487070083618 0.012000000104308128 -0.010209131985902786
v 0.05270487070083618 0.012000000104308128 -0.010209131985902786
v 0.05658772960305214 0.012000000104308128 -0.011661551892757416
v 0.05540602654218674 0.012000000104308128 -0.012863900512456894
v 0.05270487070083618 0.012000000104308128 -0.010209131985902786
v 0.05540602654218674 0.012000000104308128 -0.012863900512456894
v 0.049034517258405685 0.012000000104308128 -0.013943620026111603
v 0.049034517258405685 0.012000000104308128 -0.013943620026111603
v 0.05540602654218674 0.012000000104308128 -0.012863900512456894
v 0.05173567309975624 0.012000000104308128 -0.01659838855266571
v 0.049034517258405685 0.012000000104308128 -0.013943620026111603
v 0.05173567309975624 0.012000000104308128 -0.01659838855266571
v 0.04832780361175537 0.012000000104308128 -0.020018942654132843
v 0.04832780361175537 0.012000000104308128 -0.020018942654132843
v 0.05173567309975624 0.012000000104308128 -0.01659838855266571
v 0.04967934265732765 0.012000000104308128 -0.020783722400665283
v 0.04914331063628197 0.012000000104308128 0.0047255465760827065
v 0.05842115357518196 0.012000000104308128 -0.004392965231090784
v 0.05819694697856903 0.012000000104308128 -0.004621088970452547
v 0.05819694697856903 0.012000000104308128 -0.004621088970452547
v 0.05842115357518196 0.012000000104308128 -0.004392965231090784
v 0.061122309416532516 0.012000000104308128 -0.007047734223306179
v 0.05819694697856903 0.012000000104308128 -0.004621088970452547
v 0.061122309416532516 0.012000000104308128 -0.007047734223306179
v 0.060898106545209885 0.012000000104308128 -0.007275857962667942
v 0.060898106545209885 0.012000000104308128 -0.007275857962667942
v 0.061122309416532516 0.012000000104308128 -0.007047734223306179
v 0.06591621786355972 0.012000000104308128 -0.011759315617382526
v 0.060898106545209885 0.012000000104308128 -0.007275857962667942
v 0.06591621786355972 0.012000000104308128 -0.011759315617382526
v 0.06569201499223709 0.012000000104308128 -0.01198743935674429
v 0.06569201499223709 0.012000000104308128 -0.01198743935674429
v 0.06591621786355972 0.012000000104308128 -0.011759315617382526
v 0.0843154564499855 0.012000000104308128 -0.029842576012015343
v 0.06569201499223709 0.012000000104308128 -0.01198743935674429
v 0.0843154564499855 0.012000000104308128 -0.029842576012015343
v 0.08409125357866287 0.012000000104308128 -0.030070699751377106
v 0.09307876974344254 0.012000000104308128 -0.04752591624855995
v 0.09162646532058716 0.012000000104308128 -0.04559936001896858
v 0.09207697957754135 0.012000000104308128 -0.04585428908467293
v 0.09135928750038147 0.012000000104308128 -0.04463571682572365
v 0.09136377274990082 0.012000000104308128 -0.045153334736824036
v 0.07978087663650513 0.012000000104308128 -0.034456394612789154
v 0.09189707040786743 0.012000000104308128 -0.04872826486825943
v 0.07859917730093002 0.012000000104308128 -0.03565874323248863
v 0.09307876974344254 0.012000000104308128 -0.04752591624855995
v 0.09307876974344254 0.012000000104308128 -0.04752591624855995
v 0.07859917730093002 0.012000000104308128 -0.03565874323248863
v 0.07978087663650513 0.012000000104308128 -0.034456394612789154
v 0.09307876974344254 0.012000000104308128 -0.04752591624855995
v 0.07978087663650513 0.012000000104308128 -0.034456394612789154
v 0.09162646532058716 0.012000000104308128 -0.04559936001896858
v 0.09162646532058716 0.012000000104308128 -0.04559936001896858
v 0.07978087663650513 0.012000000104308128 -0.034456394612789154
v 0.09136377274990082 0.012000000104308128 -0.045153334736824036
v 0.09207697957754135 0.012000000104308128 -0.04585428908467293
v 0.09259459376335144 0.012000000104308128 -0.04584980756044388
v 0.09307876974344254 0.012000000104308128 -0.04752591624855995
v 0.09307876974344254 0.012000000104308128 -0.04752591624855995
v 0.09259459376335144 0.012000000104308128 -0.04584980756044388
v 0.09304063022136688 0.012000000104308128 -0.04558711498975754
v 0.09307876974344254 0.012000000104308128 -0.04752591624855995
v 0.09304063022136688 0.012000000104308128 -0.04558711498975754
v 0.09738914668560028 0.012000000104308128 -0.0431402213871479
v 0.09738914668560028 0.012000000104308128 -0.0431402213871479
v 0.09304063022136688 0.012000000104308128 -0.04558711498975754
v 0.09329555183649063 0.012000000104308128 -0.045136600732803345
v 0.09738914668560028 0.012000000104308128 -0.0431402213871479
v 0.09329555183649063 0.012000000104308128 -0.045136600732803345
v 0.09329107403755188 0.012000000104308128 -0.04461898282170296
v 0.09302838146686554 0.012000000104308128 -0.04417295381426811
v 0.09257786720991135 0.012000000104308128 -0.043918024748563766
v 0.08409125357866287 0.012000000104308128 -0.030070699751377106
v 0.08409125357866287 0.012000000104308128 -0.030070699751377106
v 0.09257786720991135 0.012000000104308128 -0.043918024748563766
v 0.09206024557352066 0.012000000104308128 -0.043922509998083115
v 0.08409125357866287 0.012000000104308128 -0.030070699751377106
v 0.09206024557352066 0.012000000104308128 -0.043922509998083115
v 0.07978087663650513 0.012000000104308128 -0.034456394612789154
v 0.07978087663650513 0.012000000104308128 -0.034456394612789154
v 0.09206024557352066 0.012000000104308128 -0.043922509998083115
v 0.09161422401666641 0.012000000104308128 -0.04418520629405975
v 0.07978087663650513 0.012000000104308128 -0.034456394612789154
v 0.09161422401666641 0.012000000104308128 -0.04418520629405975
v 0.09135928750038147 0.012000000104308128 -0.04463571682572365
v 0.08820610493421555 0.012000000104308128 -0.02588394470512867
v 0.10150399804115295 0.012000000104308128 -0.03895346820354462
v 0.0843154564499855 0.012000000104308128 -0.029842576012015343
v 0.0843154564499855 0.012000000104308128 -0.029842576012015343
v 0.10150399804115295 0.012000000104308128 -0.03895346820354462
v 0.09761334955692291 0.012000000104308128 -0.04291209951043129
v 0.0843154564499855 0.012000000104308128 -0.029842576012015343
v 0.09761334955692291 0.012000000104308128 -0.04291209951043129
v 0.08409125357866287 0.012000000104308128 -0.030070699751377106
v 0.08409125357866287 0.012000000104308128 -0.030070699751377106
v 0.09761334955692291 0.012000000104308128 -0.04291209951043129
v 0.09738914668560028 0.012000000104308128 -0.0431402213871479
v 0.08409125357866287 0.012000000104308128 -0.030070699751377106
v 0.09738914668560028 0.012000000104308128 -0.0431402213871479
v 0.09302838146686554 0.012000000104308128 -0.04417295381426811
v 0.09302838146686554 0.012000000104308128 -0.04417295381426811
v 0.09738914668560028 0.012000000104308128 -0.0431402213871479
v 0.09329107403755188 0.012000000104308128 -0.04461898282170296
v 0.08381593227386475 0.012000000104308128 -0.059641528874635696
v 0.08329831808805466 0.012000000104308128 -0.059646014124155045
v 0.08449836820363998 0.012000000104308128 -0.0562562458217144
v 0.08383266627788544 0.012000000104308128 -0.06157331168651581
v 0.08427869528532028 0.012000000104308128 -0.06131061911582947
v 0.09480514377355576 0.012000000104308128 -0.07685716450214386
v 0.09480514377355576 0.012000000104308128 -0.07685716450214386
v 0.08427869528532028 0.012000000104308128 -0.06131061911582947
v 0.10003992915153503 0.012000000104308128 -0.07153090089559555
v 0.09480514377355576 0.012000000104308128 -0.07685716450214386
v 0.10003992915153503 0.012000000104308128 -0.07153090089559555
v 0.10982527583837509 0.012000000104308128 -0.0916193425655365
v 0.10982527583837509 0.012000000104308128 -0.0916193425655365
v 0.10003992915153503 0.012000000104308128 -0.07153090089559555
v 0.11558149009943008 0.012000000104308128 -0.086805559694767
v 0.10982527583837509 0.012000000104308128 -0.0916193425655365
v 0.11558149009943008 0.012000000104308128 -0.086805559694767
v 0.11050877720117569 0.012000000104308128 -0.091966912150383
v 0.11050877720117569 0.012000000104308128 -0.091966912150383
v 0.11558149009943008 0.012000000104308128 -0.086805559694767
v 0.12055449932813644 0.012000000104308128 -0.09169316291809082
v 0.11050877720117569 0.012000000104308128 -0.091966912150383
v 0.12055449932813644 0.012000000104308128 -0.09169316291809082
v 0.11702752858400345 0.012000000104308128 -0.09528175741434097
v 0.11702752858400345 0.012000000104308128 -0.09528175741434097
v 0.12055449932813644 0.012000000104308128 -0.09169316291809082
v 0.13190153241157532 0.012000000104308128 -0.10284533351659775
v 0.08285228908061981 0.012000000104308128 -0.059908702969551086
v 0.08259736001491547 0.012000000104308128 -0.06035921722650528
v 0.0792635828256607 0.012000000104308128 -0.061582501977682114
v 0.08259736001491547 0.012000000104308128 -0.06035921722650528
v 0.08260184526443481 0.012000000104308128 -0.06087683513760567
v 0.0792635828256607 0.012000000104308128 -0.061582501977682114
v 0.0792635828256607 0.012000000104308128 -0.061582501977682114
v 0.08260184526443481 0.012000000104308128 -0.06087683513760567
v 0.08286453783512115 0.012000000104308128 -0.06132286787033081
v 0.0792635828256607 0.012000000104308128 -0.061582501977682114
v 0.08286453783512115 0.012000000104308128 -0.06132286787033081
v 0.09480514377355576 0.012000000104308128 -0.07685716450214386
v 0.09480514377355576 0.012000000104308128 -0.07685716450214386
v 0.08286453783512115 0.012000000104308128 -0.06132286787033081
v 0.08331504464149475 0.012000000104308128 -0.06157779321074486
v 0.09480514377355576 0.012000000104308128 -0.07685716450214386
v 0.08331504464149475 0.012000000104308128 -0.06157779321074486
v 0.08383266627788544 0.012000000104308128 -0.06157331168651581
v 0.08427869528532028 0.012000000104308128 -0.06131061911582947
v 0.08453362435102463 0.012000000104308128 -0.060860104858875275
v 0.10003992915153503 0.012000000104308128 -0.07153090089559555
v 0.10003992915153503 0.012000000104308128 -0.07153090089559555
v 0.08453362435102463 0.012000000104308128 -0.060860104858875275
v 0.08452913910150528 0.012000000104308128 -0.06034248694777489
v 0.10003992915153503 0.012000000104308128 -0.07153090089559555
v 0.08452913910150528 0.012000000104308128 -0.06034248694777489
v 0.08449836820363998 0.012000000104308128 -0.0562562458217144
v 0.08449836820363998 0.012000000104308128 -0.0562562458217144
v 0.08452913910150528 0.012000000104308128 -0.06034248694777489
v 0.08426644653081894 0.012000000104308128 -0.05989645794034004
v 0.08449836820363998 0.012000000104308128 -0.0562562458217144
v 0.08426644653081894 0.012000000104308128 -0.05989645794034004
v 0.08381593227386475 0.012000000104308128 -0.059641528874635696
v 0.08329831808805466 0.012000000104308128 -0.059646014124155045
v 0.08285228908061981 0.012000000104308128 -0.059908702969551086
v 0.08449836820363998 0.012000000104308128 -0.0562562458217144
v 0.08449836820363998 0.012000000104308128 -0.0562562458217144
v 0.08285228908061981 0.012000000104308128 -0.059908702969551086
v 0.0792635828256607 0.012000000104308128 -0.061582501977682114
v 0.08449836820363998 0.012000000104308128 -0.0562562458217144
v 0.0792635828256607 0.012000000104308128 -0.061582501977682114
v 0.0659656897187233 0.012000000104308128 -0.048512980341911316
v 0.0659656897187233 0.012000000104308128 -0.048512980341911316
v 0.0792635828256607 0.012000000104308128 -0.061582501977682114
v 0.063625767827034 0.012000000104308128 -0.055045563727617264
v 0.0659656897187233 0.012000000104308128 -0.048512980341911316
v 0.063625767827034 0.012000000104308128 -0.055045563727617264
v 0.06588690727949142 0.012000000104308128 -0.04613955691456795
v 0.10150399804115295 0.012000000104308128 -0.03895346820354462
v 0.117045558989048 0.012000000104308128 -0.054228127002716064
v 0.09761334955692291 0.012000000104308128 -0.04291209951043129
v 0.09761334955692291 0.012000000104308128 -0.04291209951043129
v 0.117045558989048 0.012000000104308128 -0.054228127002716064
v 0.11315491050481796 0.012000000104308128 -0.05818675830960274
v 0.09761334955692291 0.012000000104308128 -0.04291209951043129
v 0.11315491050481796 0.012000000104308128 -0.05818675830960274
v 0.09738914668560028 0.012000000104308128 -0.0431402213871479
v 0.09738914668560028 0.012000000104308128 -0.0431402213871479
v 0.11315491050481796 0.012000000104308128 -0.05818675830960274
v 0.11293070763349533 0.012000000104308128 -0.05841488018631935
v 0.09738914668560028 0.012000000104308128 -0.0431402213871479
v 0.11293070763349533 0.012000000104308128 -0.05841488018631935
v 0.09307876974344254 0.012000000104308128 -0.04752591624855995
v 0.09307876974344254 0.012000000104308128 -0.04752591624855995
v 0.11293070763349533 0.012000000104308128 -0.05841488018631935
v 0.10862033069133759 0.012000000104308128 -0.0628005713224411
v 0.09307876974344254 0.012000000104308128 -0.04752591624855995
v 0.10862033069133759 0.012000000104308128 -0.0628005713224411
v 0.09189707040786743 0.012000000104308128 -0.04872826486825943
v 0.09189707040786743 0.012000000104308128 -0.04872826486825943
v 0.10862033069133759 0.012000000104308128 -0.0628005713224411
v 0.10743863135576248 0.012000000104308128 -0.06400292366743088
v 0.13258711993694305 0.012000000104308128 -0.06950278580188751
v 0.13110992312431335 0.012000000104308128 -0.06760154664516449
v 0.13156044483184814 0.012000000104308128 -0.06785648316144943
v 0.13277453184127808 0.012000000104308128 -0.06662117689847946
v 0.13251183927059174 0.012000000104308128 -0.06617514044046402
v 0.13828742504119873 0.012000000104308128 -0.06370287388563156
v 0.13156044483184814 0.012000000104308128 -0.06785648316144943
v 0.13207805156707764 0.012000000104308128 -0.06785199046134949
v 0.13258711993694305 0.012000000104308128 -0.06950278580188751
v 0.13258711993694305 0.012000000104308128 -0.06950278580188751
v 0.13207805156707764 0.012000000104308128 -0.06785199046134949
v 0.13252408802509308 0.012000000104308128 -0.06758929789066315
v 0.13258711993694305 0.012000000104308128 -0.06950278580188751
v 0.13252408802509308 0.012000000104308128 -0.06758929789066315
v 0.13828742504119873 0.012000000104308128 -0.06370287388563156
v 0.13828742504119873 0.012000000104308128 -0.06370287388563156
v 0.13252408802509308 0.012000000104308128 -0.06758929789066315
v 0.13277901709079742 0.012000000104308128 -0.06713878363370895
v 0.13828742504119873 0.012000000104308128 -0.06370287388563156
v 0.13277901709079742 0.012000000104308128 -0.06713878363370895
v 0.13277453184127808 0.012000000104308128 -0.06662117689847946
v 0.1440012902021408 0.012000000104308128 -0.057889174669981
v 0.14391537010669708 0.012000000104308128 -0.05797659233212471
v 0.14354264736175537 0.012000000104308128 -0.057610273361206055
v 0.14354264736175537 0.012000000104308128 -0.057610273361206055
v 0.14391537010669708 0.012000000104308128 -0.05797659233212471
v 0.13828742504119873 0.012000000104308128 -0.06370287388563156
v 0.14354264736175537 0.012000000104308128 -0.057610273361206055
v 0.13828742504119873 0.012000000104308128 -0.06370287388563156
v 0.12274586409330368 0.012000000104308128 -0.04842821881175041
v 0.12274586409330368 0.012000000104308128 -0.04842821881175041
v 0.13828742504119873 0.012000000104308128 -0.06370287388563156
v 0.13251183927059174 0.012000000104308128 -0.06617514044046402
v 0.12274586409330368 0.012000000104308128 -0.04842821881175041
v 0.13251183927059174 0.012000000104308128 -0.06617514044046402
v 0.13206133246421814 0.012000000104308128 -0.06592021882534027
v 0.13154371082782745 0.012000000104308128 -0.06592469662427902
v 0.131097674369812 0.012000000104308128 -0.06618738919496536
v 0.117045558989048 0.012000000104308128 -0.054228127002716064
v 0.117045558989048 0.012000000104308128 -0.054228127002716064
v 0.131097674369812 0.012000000104308128 -0.06618738919496536
v 0.13084274530410767 0.012000000104308128 -0.06663790345191956
v 0.117045558989048 0.012000000104308128 -0.054228127002716064
v 0.13084274530410767 0.012000000104308128 -0.06663790345191956
v 0.1308472454547882 0.012000000104308128 -0.06715552508831024
v 0.13206133246421814 0.012000000104308128 -0.06592021882534027
v 0.13154371082782745 0.012000000104308128 -0.06592469662427902
v 0.12274586409330368 0.012000000104308128 -0.04842821881175041
v 0.12274586409330368 0.012000000104308128 -0.04842821881175041
v 0.13154371082782745 0.012000000104308128 -0.06592469662427902
v 0.117045558989048 0.012000000104308128 -0.054228127002716064
v 0.12274586409330368 0.012000000104308128 -0.04842821881175041
v 0.117045558989048 0.012000000104308128 -0.054228127002716064
v 0.11232344061136246 0.012000000104308128 -0.03818478435277939
v 0.11232344061136246 0.012000000104308128 -0.03818478435277939
v 0.117045558989048 0.012000000104308128 -0.054228127002716064
v 0.10150399804115295 0.012000000104308128 -0.03895346820354462
v 0.11232344061136246 0.012000000104308128 -0.03818478435277939
v 0.10150399804115295 0.012000000104308128 -0.03895346820354462
v 0.1062881201505661 0.012000000104308128 -0.034085750579833984
v 0.1062881201505661 0.012000000104308128 -0.034085750579833984
v 0.10150399804115295 0.012000000104308128 -0.03895346820354462
v 0.08820610493421555 0.012000000104308128 -0.02588394470512867
v 0.1062881201505661 0.012000000104308128 -0.034085750579833984
v 0.08820610493421555 0.012000000104308128 -0.02588394470512867
v 0.09061028063297272 0.012000000104308128 -0.023437758907675743
v 0.09061028063297272 0.012000000104308128 -0.023437758907675743
v 0.08820610493421555 0.012000000104308128 -0.02588394470512867
v 0.07477283477783203 0.012000000104308128 -0.012681372463703156
v 0.12298019230365753 0.012000000104308128 -0.07927758246660233
v 0.10743863135576248 0.012000000104308128 -0.06400292366743088
v 0.12416189163923264 0.012000000104308128 -0.07807523012161255
v 0.12416189163923264 0.012000000104308128 -0.07807523012161255
v 0.10743863135576248 0.012000000104308128 -0.06400292366743088
v 0.10862033069133759 0.012000000104308128 -0.0628005713224411
v 0.12416189163923264 0.012000000104308128 -0.07807523012161255
v 0.10862033069133759 0.012000000104308128 -0.0628005713224411
v 0.12847226858139038 0.012000000104308128 -0.0736895427107811
v 0.12847226858139038 0.012000000104308128 -0.0736895427107811
v 0.10862033069133759 0.012000000104308128 -0.0628005713224411
v 0.11293070763349533 0.012000000104308128 -0.05841488018631935
v 0.12847226858139038 0.012000000104308128 -0.0736895427107811
v 0.11293070763349533 0.012000000104308128 -0.05841488018631935
v 0.128696471452713 0.012000000104308128 -0.07346141338348389
v 0.128696471452713 0.012000000104308128 -0.07346141338348389
v 0.11293070763349533 0.012000000104308128 -0.05841488018631935
v 0.11315491050481796 0.012000000104308128 -0.05818675830960274
v 0.128696471452713 0.012000000104308128 -0.07346141338348389
v 0.11315491050481796 0.012000000104308128 -0.05818675830960274
v 0.13258711993694305 0.012000000104308128 -0.06950278580188751
v 0.13258711993694305 0.012000000104308128 -0.06950278580188751
v 0.11315491050481796 0.012000000104308128 -0.05818675830960274
v 0.117045558989048 0.012000000104308128 -0.054228127002716064
v 0.13258711993694305 0.012000000104308128 -0.06950278580188751
v 0.117045558989048 0.012000000104308128 -0.054228127002716064
v 0.13110992312431335 0.012000000104308128 -0.06760154664516449
v 0.13110992312431335 0.012000000104308128 -0.06760154664516449
v 0.117045558989048 0.012000000104308128 -0.054228127002716064
v 0.1308472454547882 0.012000000104308128 -0.06715552508831024
v 0.13190153241157532 0.012000000104308128 -0.10284533351659775
v 0.12055449932813644 0.012000000104308128 -0.09169316291809082
v 0.1242828369140625 0.012000000104308128 -0.08789967000484467
v 0.1242828369140625 0.012000000104308128 -0.08789967000484467
v 0.12055449932813644 0.012000000104308128 -0.09169316291809082
v 0.11558149009943008 0.012000000104308128 -0.086805559694767
v 0.1242828369140625 0.012000000104308128 -0.08789967000484467
v 0.11558149009943008 0.012000000104308128 -0.086805559694767
v 0.11930983513593674 0.012000000104308128 -0.08301207423210144
v 0.11930983513593674 0.012000000104308128 -0.08301207423210144
v 0.11558149009943008 0.012000000104308128 -0.086805559694767
v 0.10003992915153503 0.012000000104308128 -0.07153090089559555
v 0.11930983513593674 0.012000000104308128 -0.08301207423210144
v 0.10003992915153503 0.012000000104308128 -0.07153090089559555
v 0.10376827418804169 0.012000000104308128 -0.06773741543292999
v 0.10376827418804169 0.012000000104308128 -0.06773741543292999
v 0.10003992915153503 0.012000000104308128 -0.07153090089559555
v 0.08449836820363998 0.012000000104308128 -0.0562562458217144
v 0.10376827418804169 0.012000000104308128 -0.06773741543292999
v 0.08449836820363998 0.012000000104308128 -0.0562562458217144
v 0.08822671324014664 0.012000000104308128 -0.052462752908468246
v 0.08822671324014664 0.012000000104308128 -0.052462752908468246
v 0.08449836820363998 0.012000000104308128 -0.0562562458217144
v 0.07120047509670258 0.012000000104308128 -0.043186724185943604
v 0.08822671324014664 0.012000000104308128 -0.052462752908468246
v 0.07120047509670258 0.012000000104308128 -0.043186724185943604
v 0.07492882013320923 0.012000000104308128 -0.03939323127269745
v 0.07492882013320923 0.012000000104308128 -0.03939323127269745
v 0.07120047509670258 0.012000000104308128 -0.043186724185943604
v 0.06987833231687546 0.012000000104308128 -0.03640180081129074
v 0.07492882013320923 0.012000000104308128 -0.03939323127269745
v 0.06987833231687546 0.012000000104308128 -0.03640180081129074
v 0.07126791030168533 0.012000000104308128 -0.03641439974308014
v 0.12401708215475082 0.012000000104308128 -0.08286228775978088
v 0.12401260435581207 0.012000000104308128 -0.08234468102455139
v 0.1279532015323639 0.012000000104308128 -0.08416517823934555
v 0.12208081781864166 0.012000000104308128 -0.08236140012741089
v 0.12208531051874161 0.012000000104308128 -0.08287902921438217
v 0.11930983513593674 0.012000000104308128 -0.08301207423210144
v 0.11930983513593674 0.012000000104308128 -0.08301207423210144
v 0.12208531051874161 0.012000000104308128 -0.08287902921438217
v 0.12234799563884735 0.012000000104308128 -0.08332505077123642
v 0.11930983513593674 0.012000000104308128 -0.08301207423210144
v 0.12234799563884735 0.012000000104308128 -0.08332505077123642
v 0.1242828369140625 0.012000000104308128 -0.08789967000484467
v 0.12234799563884735 0.012000000104308128 -0.08332505077123642
v 0.12279851734638214 0.012000000104308128 -0.08357997983694077
v 0.1242828369140625 0.012000000104308128 -0.08789967000484467
v 0.1242828369140625 0.012000000104308128 -0.08789967000484467
v 0.12279851734638214 0.012000000104308128 -0.08357997983694077
v 0.12331612408161163 0.012000000104308128 -0.08357549458742142
v 0.1242828369140625 0.012000000104308128 -0.08789967000484467
v 0.12331612408161163 0.012000000104308128 -0.08357549458742142
v 0.1279532015323639 0.012000000104308128 -0.08416517823934555
v 0.1279532015323639 0.012000000104308128 -0.08416517823934555
v 0.12331612408161163 0.012000000104308128 -0.08357549458742142
v 0.12376216053962708 0.012000000104308128 -0.08331280201673508
v 0.1279532015323639 0.012000000104308128 -0.08416517823934555
v 0.12376216053962708 0.012000000104308128 -0.08331280201673508
v 0.12401708215475082 0.012000000104308128 -0.08286228775978088
v 0.12374990433454514 0.012000000104308128 -0.08189864456653595
v 0.12329939752817154 0.012000000104308128 -0.0816437229514122
v 0.12298019230365753 0.012000000104308128 -0.07927758246660233
v 0.12298019230365753 0.012000000104308128 -0.07927758246660233
v 0.12329939752817154 0.012000000104308128 -0.0816437229514122
v 0.12278177589178085 0.012000000104308128 -0.08164820075035095
v 0.12298019230365753 0.012000000104308128 -0.07927758246660233
v 0.12278177589178085 0.012000000104308128 -0.08164820075035095
v 0.12233574688434601 0.012000000104308128 -0.0819108858704567
v 0.07251407951116562 0.012000000104308128 -0.035799480974674225
v 0.07859917730093002 0.012000000104308128 -0.03565874323248863
v 0.07492882013320923 0.012000000104308128 -0.03939323127269745
v 0.07492882013320923 0.012000000104308128 -0.03939323127269745
v 0.07859917730093002 0.012000000104308128 -0.03565874323248863
v 0.09189707040786743 0.012000000104308128 -0.04872826486825943
v 0.07492882013320923 0.012000000104308128 -0.03939323127269745
v 0.09189707040786743 0.012000000104308128 -0.04872826486825943
v 0.08822671324014664 0.012000000104308128 -0.052462752908468246
v 0.08822671324014664 0.012000000104308128 -0.052462752908468246
v 0.09189707040786743 0.012000000104308128 -0.04872826486825943
v 0.10743863135576248 0.012000000104308128 -0.06400292366743088
v 0.08822671324014664 0.012000000104308128 -0.052462752908468246
v 0.10743863135576248 0.012000000104308128 -0.06400292366743088
v 0.10376827418804169 0.012000000104308128 -0.06773741543292999
v 0.10376827418804169 0.012000000104308128 -0.06773741543292999
v 0.10743863135576248 0.012000000104308128 -0.06400292366743088
v 0.12298019230365753 0.012000000104308128 -0.07927758246660233
v 0.10376827418804169 0.012000000104308128 -0.06773741543292999
v 0.12298019230365753 0.012000000104308128 -0.07927758246660233
v 0.11930983513593674 0.012000000104308128 -0.08301207423210144
v 0.11930983513593674 0.012000000104308128 -0.08301207423210144
v 0.12298019230365753 0.012000000104308128 -0.07927758246660233
v 0.12233574688434601 0.012000000104308128 -0.0819108858704567
v 0.11930983513593674 0.012000000104308128 -0.08301207423210144
v 0.12233574688434601 0.012000000104308128 -0.0819108858704567
v 0.12208081781864166 0.012000000104308128 -0.08236140012741089
v 0.1440012902021408 0.012000000104308128 -0.057889174669981
v 0.15012067556381226 0.012000000104308128 -0.06161036342382431
v 0.14391537010669708 0.012000000104308128 -0.05797659233212471
v 0.14391537010669708 0.012000000104308128 -0.05797659233212471
v 0.15012067556381226 0.012000000104308128 -0.06161036342382431
v 0.14888837933540344 0.012000000104308128 -0.06286419183015823
v 0.14391537010669708 0.012000000104308128 -0.05797659233212471
v 0.14888837933540344 0.012000000104308128 -0.06286419183015823
v 0.13828742504119873 0.012000000104308128 -0.06370287388563156
v 0.13828742504119873 0.012000000104308128 -0.06370287388563156
v 0.14888837933540344 0.012000000104308128 -0.06286419183015823
v 0.1432604342699051 0.012000000104308128 -0.06859047710895538
v 0.13828742504119873 0.012000000104308128 -0.06370287388563156
v 0.1432604342699051 0.012000000104308128 -0.06859047710895538
v 0.13258711993694305 0.012000000104308128 -0.06950278580188751
v 0.13258711993694305 0.012000000104308128 -0.06950278580188751
v 0.1432604342699051 0.012000000104308128 -0.06859047710895538
v 0.13756012916564941 0.012000000104308128 -0.07439038157463074
v 0.13258711993694305 0.012000000104308128 -0.06950278580188751
v 0.13756012916564941 0.012000000104308128 -0.07439038157463074
v 0.128696471452713 0.012000000104308128 -0.07346141338348389
v 0.128696471452713 0.012000000104308128 -0.07346141338348389
v 0.13756012916564941 0.012000000104308128 -0.07439038157463074
v 0.13366948068141937 0.012000000104308128 -0.07834901660680771
v 0.128696471452713 0.012000000104308128 -0.07346141338348389
v 0.13366948068141937 0.012000000104308128 -0.07834901660680771
v 0.12847226858139038 0.012000000104308128 -0.0736895427107811
v 0.12847226858139038 0.012000000104308128 -0.0736895427107811
v 0.13366948068141937 0.012000000104308128 -0.07834901660680771
v 0.13344527781009674 0.012000000104308128 -0.07857713848352432
v 0.12847226858139038 0.012000000104308128 -0.0736895427107811
v 0.13344527781009674 0.012000000104308128 -0.07857713848352432
v 0.12416189163923264 0.012000000104308128 -0.07807523012161255
v 0.12416189163923264 0.012000000104308128 -0.07807523012161255
v 0.13344527781009674 0.012000000104308128 -0.07857713848352432
v 0.1291348934173584 0.012000000104308128 -0.08296283334493637
v 0.12416189163923264 0.012000000104308128 -0.07807523012161255
v 0.1291348934173584 0.012000000104308128 -0.08296283334493637
v 0.12298019230365753 0.012000000104308128 -0.07927758246660233
v 0.12298019230365753 0.012000000104308128 -0.07927758246660233
v 0.1291348934173584 0.012000000104308128 -0.08296283334493637
v 0.1279532015323639 0.012000000104308128 -0.08416517823934555
v 0.12298019230365753 0.012000000104308128 -0.07927758246660233
v 0.1279532015323639 0.012000000104308128 -0.08416517823934555
v 0.12374990433454514 0.012000000104308128 -0.08189864456653595
v 0.12374990433454514 0.012000000104308128 -0.08189864456653595
v 0.1279532015323639 0.012000000104308128 -0.08416517823934555
v 0.12401260435581207 0.012000000104308128 -0.08234468102455139
v 0.18630753457546234 0.012000000104308128 -0.12942036986351013
v 0.18778595328330994 0.012000000104308128 -0.1310320794582367
v 0.1813085377216339 0.012000000104308128 -0.12516994774341583
v 0.1813085377216339 0.012000000104308128 -0.12516994774341583
v 0.18778595328330994 0.012000000104308128 -0.1310320794582367
v 0.19184817373752594 0.012000000104308128 -0.1355285942554474
v 0.1813085377216339 0.012000000104308128 -0.12516994774341583
v 0.19184817373752594 0.012000000104308128 -0.1355285942554474
v 0.18108433485031128 0.012000000104308128 -0.12539806962013245
v 0.18108433485031128 0.012000000104308128 -0.12539806962013245
v 0.19184817373752594 0.012000000104308128 -0.1355285942554474
v 0.1916239708662033 0.012000000104308128 -0.135756716132164
v 0.18108433485031128 0.012000000104308128 -0.12539806962013245
v 0.1916239708662033 0.012000000104308128 -0.135756716132164
v 0.17677396535873413 0.012000000104308128 -0.1297837644815445
v 0.17677396535873413 0.012000000104308128 -0.1297837644815445
v 0.1916239708662033 0.012000000104308128 -0.135756716132164
v 0.18731360137462616 0.012000000104308128 -0.14014241099357605
v 0.17677396535873413 0.012000000104308128 -0.1297837644815445
v 0.18731360137462616 0.012000000104308128 -0.14014241099357605
v 0.1771155446767807 0.012000000104308128 -0.1318349689245224
v 0.1771155446767807 0.012000000104308128 -0.1318349689245224
v 0.18731360137462616 0.012000000104308128 -0.14014241099357605
v 0.18613189458847046 0.012000000104308128 -0.14134475588798523
v 0.2017996907234192 0.012000000104308128 -0.1543797254562378
v 0.20061799883842468 0.012000000104308128 -0.15558207035064697
v 0.19337494671344757 0.012000000104308128 -0.1484634131193161
v 0.19337494671344757 0.012000000104308128 -0.1484634131193161
v 0.20061799883842468 0.012000000104308128 -0.15558207035064697
v 0.19335733354091644 0.012000000104308128 -0.15231065452098846
v 0.19337494671344757 0.012000000104308128 -0.1484634131193161
v 0.19335733354091644 0.012000000104308128 -0.15231065452098846
v 0.18589507043361664 0.012000000104308128 -0.14360740780830383
v 0.20611007511615753 0.012000000104308128 -0.14999403059482574
v 0.2017996907234192 0.012000000104308128 -0.1543797254562378
v 0.19455663859844208 0.012000000104308128 -0.14726105332374573
v 0.19455663859844208 0.012000000104308128 -0.14726105332374573
v 0.2017996907234192 0.012000000104308128 -0.1543797254562378
v 0.19337494671344757 0.012000000104308128 -0.1484634131193161
v 0.19455663859844208 0.012000000104308128 -0.14726105332374573
v 0.19337494671344757 0.012000000104308128 -0.1484634131193161
v 0.18613189458847046 0.012000000104308128 -0.14134475588798523
v 0.18613189458847046 0.012000000104308128 -0.14134475588798523
v 0.19337494671344757 0.012000000104308128 -0.1484634131193161
v 0.18589507043361664 0.012000000104308128 -0.14360740780830383
v 0.18613189458847046 0.012000000104308128 -0.14134475588798523
v 0.18589507043361664 0.012000000104308128 -0.14360740780830383
v 0.1771155446767807 0.012000000104308128 -0.1318349689245224
v 0.237370103597641 0.012000000104308128 -0.11818777024745941
v 0.23586232960224152 0.012000000104308128 -0.1141839399933815
v 0.23988759517669678 0.012000000104308128 -0.11562629044055939
v 0.23988759517669678 0.012000000104308128 -0.11562629044055939
v 0.23586232960224152 0.012000000104308128 -0.1141839399933815
v 0.23264454305171967 0.012000000104308128 -0.10850762575864792
v 0.23988759517669678 0.012000000104308128 -0.11562629044055939
v 0.23264454305171967 0.012000000104308128 -0.10850762575864792
v 0.24103614687919617 0.012000000104308128 -0.11445766687393188
v 0.23008519411087036 0.012000000104308128 -0.10743727535009384
v 0.22540150582790375 0.012000000104308128 -0.10138896852731705
v 0.23264454305171967 0.012000000104308128 -0.10850762575864792
v 0.23264454305171967 0.012000000104308128 -0.10850762575864792
v 0.22540150582790375 0.012000000104308128 -0.10138896852731705
v 0.23379309475421906 0.012000000104308128 -0.10733900219202042
v 0.23264454305171967 0.012000000104308128 -0.10850762575864792
v 0.23379309475421906 0.012000000104308128 -0.10733900219202042
v 0.24103614687919617 0.012000000104308128 -0.11445766687393188
v 0.24103614687919617 0.012000000104308128 -0.11445766687393188
v 0.23379309475421906 0.012000000104308128 -0.10733900219202042
v 0.2368174046278 0.012000000104308128 -0.10924685746431351
v 0.24103614687919617 0.012000000104308128 -0.11445766687393188
v 0.2368174046278 0.012000000104308128 -0.10924685746431351
v 0.23771843314170837 0.012000000104308128 -0.1097567155957222
v 0.23948533833026886 0.012000000104308128 -0.10154730081558228
v 0.24672839045524597 0.012000000104308128 -0.10866596549749374
v 0.24014662206172943 0.012000000104308128 -0.10728610306978226
v 0.23771843314170837 0.012000000104308128 -0.1097567155957222
v 0.23875367641448975 0.012000000104308128 -0.1097477450966835
v 0.24103614687919617 0.012000000104308128 -0.11445766687393188
v 0.24103614687919617 0.012000000104308128 -0.11445766687393188
v 0.23875367641448975 0.012000000104308128 -0.1097477450966835
v 0.23964573442935944 0.012000000104308128 -0.10922236740589142
v 0.24103614687919617 0.012000000104308128 -0.11445766687393188
v 0.23964573442935944 0.012000000104308128 -0.10922236740589142
v 0.24672839045524597 0.012000000104308128 -0.10866596549749374
v 0.24672839045524597 0.012000000104308128 -0.10866596549749374
v 0.23964573442935944 0.012000000104308128 -0.10922236740589142
v 0.24015559256076813 0.012000000104308128 -0.10832133889198303
v 0.24672839045524597 0.012000000104308128 -0.10866596549749374
v 0.24015559256076813 0.012000000104308128 -0.10832133889198303
v 0.24014662206172943 0.012000000104308128 -0.10728610306978226
v 0.24014662206172943 0.012000000104308128 -0.10728610306978226
v 0.23962123692035675 0.012000000104308128 -0.10639404505491257
v 0.23948533833026886 0.012000000104308128 -0.10154730081558228
v 0.23948533833026886 0.012000000104308128 -0.10154730081558228
v 0.23962123692035675 0.012000000104308128 -0.10639404505491257
v 0.23872020840644836 0.012000000104308128 -0.10588418692350388
v 0.23948533833026886 0.012000000104308128 -0.10154730081558228
v 0.23872020840644836 0.012000000104308128 -0.10588418692350388
v 0.237684965133667 0.012000000104308128 -0.10589315742254257
v 0.2367929220199585 0.012000000104308128 -0.10641853511333466
v 0.2362830638885498 0.012000000104308128 -0.10731956362724304
v 0.23379309475421906 0.012000000104308128 -0.10733900219202042
v 0.23379309475421906 0.012000000104308128 -0.10733900219202042
v 0.2362830638885498 0.012000000104308128 -0.10731956362724304
v 0.2362920343875885 0.012000000104308128 -0.10835479944944382
v 0.23379309475421906 0.012000000104308128 -0.10733900219202042
v 0.2362920343875885 0.012000000104308128 -0.10835479944944382
v 0.2368174046278 0.012000000104308128 -0.10924685746431351
v 0.2212914675474167 0.012000000104308128 -0.09892083704471588
v 0.22180131077766418 0.012000000104308128 -0.0980198085308075
v 0.22540150582790375 0.012000000104308128 -0.10138896852731705
v 0.22540150582790375 0.012000000104308128 -0.10138896852731705
v 0.22180131077766418 0.012000000104308128 -0.0980198085308075
v 0.22655005753040314 0.012000000104308128 -0.10022035241127014
v 0.22540150582790375 0.012000000104308128 -0.10138896852731705
v 0.22655005753040314 0.012000000104308128 -0.10022035241127014
v 0.23379309475421906 0.012000000104308128 -0.10733900219202042
v 0.23379309475421906 0.012000000104308128 -0.10733900219202042
v 0.22655005753040314 0.012000000104308128 -0.10022035241127014
v 0.23948533833026886 0.012000000104308128 -0.10154730081558228
v 0.23379309475421906 0.012000000104308128 -0.10733900219202042
v 0.23948533833026886 0.012000000104308128 -0.10154730081558228
v 0.2367929220199585 0.012000000104308128 -0.10641853511333466
v 0.2367929220199585 0.012000000104308128 -0.10641853511333466
v 0.23948533833026886 0.012000000104308128 -0.10154730081558228
v 0.237684965133667 0.012000000104308128 -0.10589315742254257
v 0.21726365387439728 0.012000000104308128 -0.16081927716732025
v 0.21684515476226807 0.012000000104308128 -0.1608244776725769
v 0.21284738183021545 0.012000000104308128 -0.1561671644449234
v 0.21284738183021545 0.012000000104308128 -0.1561671644449234
v 0.21684515476226807 0.012000000104308128 -0.1608244776725769
v 0.21262317895889282 0.012000000104308128 -0.15639528632164001
v 0.21284738183021545 0.012000000104308128 -0.1561671644449234
v 0.21262317895889282 0.012000000104308128 -0.15639528632164001
v 0.20611007511615753 0.012000000104308128 -0.14999403059482574
v 0.20611007511615753 0.012000000104308128 -0.14999403059482574
v 0.21262317895889282 0.012000000104308128 -0.15639528632164001
v 0.20638729631900787 0.012000000104308128 -0.1593441665172577
v 0.20611007511615753 0.012000000104308128 -0.14999403059482574
v 0.20638729631900787 0.012000000104308128 -0.1593441665172577
v 0.2017996907234192 0.012000000104308128 -0.1543797254562378
v 0.2017996907234192 0.012000000104308128 -0.1543797254562378
v 0.20638729631900787 0.012000000104308128 -0.1593441665172577
v 0.20334172248840332 0.012000000104308128 -0.15829208493232727
v 0.2017996907234192 0.012000000104308128 -0.1543797254562378
v 0.20334172248840332 0.012000000104308128 -0.15829208493232727
v 0.20061799883842468 0.012000000104308128 -0.15558207035064697
v 0.20061799883842468 0.012000000104308128 -0.15558207035064697
v 0.20334172248840332 0.012000000104308128 -0.15829208493232727
v 0.20317743718624115 0.012000000104308128 -0.15822650492191315
v 0.20061799883842468 0.012000000104308128 -0.15558207035064697
v 0.20317743718624115 0.012000000104308128 -0.15822650492191315
v 0.19335733354091644 0.012000000104308128 -0.15231065452098846
v 0.20633427798748016 0.012000000104308128 -0.14976590871810913
v 0.211421936750412 0.012000000104308128 -0.15266594290733337
v 0.21194733679294586 0.012000000104308128 -0.15355801582336426
v 0.1944940686225891 0.012000000104308128 -0.14376632869243622
v 0.19552931189537048 0.012000000104308128 -0.14375735819339752
v 0.19455663859844208 0.012000000104308128 -0.14726105332374573
v 0.19455663859844208 0.012000000104308128 -0.14726105332374573
v 0.19552931189537048 0.012000000104308128 -0.14375735819339752
v 0.19886702299118042 0.012000000104308128 -0.14287537336349487
v 0.19455663859844208 0.012000000104308128 -0.14726105332374573
v 0.19886702299118042 0.012000000104308128 -0.14287537336349487
v 0.20611007511615753 0.012000000104308128 -0.14999403059482574
v 0.20611007511615753 0.012000000104308128 -0.14999403059482574
v 0.19886702299118042 0.012000000104308128 -0.14287537336349487
v 0.20633427798748016 0.012000000104308128 -0.14976590871810913
v 0.20611007511615753 0.012000000104308128 -0.14999403059482574
v 0.20633427798748016 0.012000000104308128 -0.14976590871810913
v 0.21284738183021545 0.012000000104308128 -0.1561671644449234
v 0.21284738183021545 0.012000000104308128 -0.1561671644449234
v 0.20633427798748016 0.012000000104308128 -0.14976590871810913
v 0.21194733679294586 0.012000000104308128 -0.15355801582336426
v 0.21284738183021545 0.012000000104308128 -0.1561671644449234
v 0.21194733679294586 0.012000000104308128 -0.15355801582336426
v 0.21284835040569305 0.012000000104308128 -0.15406785905361176
v 0.21385012567043304 0.012000000104308128 -0.15019533038139343
v 0.21281489729881287 0.012000000104308128 -0.15020430088043213
v 0.2102249264717102 0.012000000104308128 -0.14580728113651276
v 0.2102249264717102 0.012000000104308128 -0.14580728113651276
v 0.21281489729881287 0.012000000104308128 -0.15020430088043213
v 0.21192283928394318 0.012000000104308128 -0.1507296860218048
v 0.2102249264717102 0.012000000104308128 -0.14580728113651276
v 0.21192283928394318 0.012000000104308128 -0.1507296860218048
v 0.20633427798748016 0.012000000104308128 -0.14976590871810913
v 0.20633427798748016 0.012000000104308128 -0.14976590871810913
v 0.21192283928394318 0.012000000104308128 -0.1507296860218048
v 0.21141298115253448 0.012000000104308128 -0.1516307145357132
v 0.20633427798748016 0.012000000104308128 -0.14976590871810913
v 0.21141298115253448 0.012000000104308128 -0.1516307145357132
v 0.211421936750412 0.012000000104308128 -0.15266594290733337
v 0.21527652442455292 0.012000000104308128 -0.15159724652767181
v 0.21475115418434143 0.012000000104308128 -0.15070518851280212
v 0.2167380303144455 0.012000000104308128 -0.15220853686332703
v 0.21527652442455292 0.012000000104308128 -0.15159724652767181
v 0.2167380303144455 0.012000000104308128 -0.15220853686332703
v 0.21534916758537292 0.012000000104308128 -0.15211427211761475
v 0.23218555748462677 0.012000000104308128 -0.1450355350971222
v 0.23167569935321808 0.012000000104308128 -0.14593656361103058
v 0.22616760432720184 0.012000000104308128 -0.14463934302330017
v 0.22616760432720184 0.012000000104308128 -0.14463934302330017
v 0.23167569935321808 0.012000000104308128 -0.14593656361103058
v 0.22243833541870117 0.012000000104308128 -0.14640861749649048
v 0.22616760432720184 0.012000000104308128 -0.14463934302330017
v 0.22243833541870117 0.012000000104308128 -0.14640861749649048
v 0.21755348145961761 0.012000000104308128 -0.14680488407611847
v 0.21755348145961761 0.012000000104308128 -0.14680488407611847
v 0.22243833541870117 0.012000000104308128 -0.14640861749649048
v 0.2167380303144455 0.012000000104308128 -0.15220853686332703
v 0.21755348145961761 0.012000000104308128 -0.14680488407611847
v 0.2167380303144455 0.012000000104308128 -0.15220853686332703
v 0.2102249264717102 0.012000000104308128 -0.14580728113651276
v 0.2102249264717102 0.012000000104308128 -0.14580728113651276
v 0.2167380303144455 0.012000000104308128 -0.15220853686332703
v 0.21475115418434143 0.012000000104308128 -0.15070518851280212
v 0.2102249264717102 0.012000000104308128 -0.14580728113651276
v 0.21475115418434143 0.012000000104308128 -0.15070518851280212
v 0.21385012567043304 0.012000000104308128 -0.15019533038139343
v 0.21284835040569305 0.012000000104308128 -0.15406785905361176
v 0.21388359367847443 0.012000000104308128 -0.15405890345573425
v 0.21284738183021545 0.012000000104308128 -0.1561671644449234
v 0.21284738183021545 0.012000000104308128 -0.1561671644449234
v 0.21388359367847443 0.012000000104308128 -0.15405890345573425
v 0.21477565169334412 0.012000000104308128 -0.15353351831436157
v 0.21284738183021545 0.012000000104308128 -0.1561671644449234
v 0.21477565169334412 0.012000000104308128 -0.15353351831436157
v 0.2167380303144455 0.012000000104308128 -0.15220853686332703
v 0.2167380303144455 0.012000000104308128 -0.15220853686332703
v 0.21477565169334412 0.012000000104308128 -0.15353351831436157
v 0.2152855098247528 0.012000000104308128 -0.15263248980045319
v 0.2167380303144455 0.012000000104308128 -0.15220853686332703
v 0.2152855098247528 0.012000000104308128 -0.15263248980045319
v 0.21534916758537292 0.012000000104308128 -0.15211427211761475
v 0.2212669551372528 0.012000000104308128 -0.09609252214431763
v 0.2160104215145111 0.012000000104308128 -0.08986171334981918
v 0.22655005753040314 0.012000000104308128 -0.10022035241127014
v 0.22655005753040314 0.012000000104308128 -0.10022035241127014
v 0.2160104215145111 0.012000000104308128 -0.08986171334981918
v 0.22812697291374207 0.012000000104308128 -0.09071817249059677
v 0.22655005753040314 0.012000000104308128 -0.10022035241127014
v 0.22812697291374207 0.012000000104308128 -0.09071817249059677
v 0.23224230110645294 0.012000000104308128 -0.094428651034832
v 0.23224230110645294 0.012000000104308128 -0.094428651034832
v 0.22812697291374207 0.012000000104308128 -0.09071817249059677
v 0.23826582729816437 0.012000000104308128 -0.09606936573982239
v 0.23224230110645294 0.012000000104308128 -0.094428651034832
v 0.23826582729816437 0.012000000104308128 -0.09606936573982239
v 0.23948533833026886 0.012000000104308128 -0.10154730081558228
v 0.23948533833026886 0.012000000104308128 -0.10154730081558228
v 0.23826582729816437 0.012000000104308128 -0.09606936573982239
v 0.24620820581912994 0.012000000104308128 -0.10433679819107056
v 0.23948533833026886 0.012000000104308128 -0.10154730081558228
v 0.24620820581912994 0.012000000104308128 -0.10433679819107056
v 0.24672839045524597 0.012000000104308128 -0.10866596549749374
v 0.24672839045524597 0.012000000104308128 -0.10866596549749374
v 0.24620820581912994 0.012000000104308128 -0.10433679819107056
v 0.25114864110946655 0.012000000104308128 -0.11468204110860825
v 0.24672839045524597 0.012000000104308128 -0.10866596549749374
v 0.25114864110946655 0.012000000104308128 -0.11468204110860825
v 0.24103614687919617 0.012000000104308128 -0.11445766687393188
v 0.24103614687919617 0.012000000104308128 -0.11445766687393188
v 0.25114864110946655 0.012000000104308128 -0.11468204110860825
v 0.24754925072193146 0.012000000104308128 -0.12085892260074615
v 0.24103614687919617 0.012000000104308128 -0.11445766687393188
v 0.24754925072193146 0.012000000104308128 -0.12085892260074615
v 0.23988759517669678 0.012000000104308128 -0.11562629044055939
v 0.23988759517669678 0.012000000104308128 -0.11562629044055939
v 0.24754925072193146 0.012000000104308128 -0.12085892260074615
v 0.24640071392059326 0.012000000104308128 -0.12202754616737366
v 0.23988759517669678 0.012000000104308128 -0.11562629044055939
v 0.24640071392059326 0.012000000104308128 -0.12202754616737366
v 0.237370103597641 0.012000000104308128 -0.11818777024745941
v 0.237370103597641 0.012000000104308128 -0.11818777024745941
v 0.24640071392059326 0.012000000104308128 -0.12202754616737366
v 0.24388322234153748 0.012000000104308128 -0.12458901852369308
v 0.237370103597641 0.012000000104308128 -0.11818777024745941
v 0.24388322234153748 0.012000000104308128 -0.12458901852369308
v 0.23850084841251373 0.012000000104308128 -0.1226651668548584
v 0.23850084841251373 0.012000000104308128 -0.1226651668548584
v 0.24388322234153748 0.012000000104308128 -0.12458901852369308
v 0.24389615654945374 0.012000000104308128 -0.12608323991298676
v 0.23850084841251373 0.012000000104308128 -0.1226651668548584
v 0.24389615654945374 0.012000000104308128 -0.12608323991298676
v 0.2433791309595108 0.012000000104308128 -0.12615586817264557
v 0.19285722076892853 0.006000000052154064 -0.10262363404035568
v 0.1785132884979248 0.006000000052154064 -0.09463046491146088
v 0.1796279400587082 0.006000000052154064 -0.09571171551942825
v 0.17967355251312256 0.006000000052154064 -0.09871137142181396
v 0.17529258131980896 0.006000000052154064 -0.10657312721014023
v 0.1895303875207901 0.006000000052154064 -0.10962815582752228
v 0.18538106977939606 0.006000000052154064 -0.11562928557395935
v 0.186020627617836 0.006000000052154064 -0.11619403213262558
v 0.1895303875207901 0.006000000052154064 -0.10962815582752228
v 0.1895303875207901 0.006000000052154064 -0.10962815582752228
v 0.186020627617836 0.006000000052154064 -0.11619403213262558
v 0.18636661767959595 0.006000000052154064 -0.11697395890951157
v 0.1895303875207901 0.006000000052154064 -0.10962815582752228
v 0.18636661767959595 0.006000000052154064 -0.11697395890951157
v 0.1863560527563095 0.006000000052154064 -0.11782710999250412
v 0.17121167480945587 0.006000000052154064 -0.10773338377475739
v 0.18538106977939606 0.006000000052154064 -0.11562928557395935
v 0.1727176159620285 0.006000000052154064 -0.10811246186494827
v 0.1727176159620285 0.006000000052154064 -0.10811246186494827
v 0.18538106977939606 0.006000000052154064 -0.11562928557395935
v 0.1895303875207901 0.006000000052154064 -0.10962815582752228
v 0.1727176159620285 0.006000000052154064 -0.10811246186494827
v 0.1895303875207901 0.006000000052154064 -0.10962815582752228
v 0.17421133816242218 0.006000000052154064 -0.10768777132034302
v 0.17421133816242218 0.006000000052154064 -0.10768777132034302
v 0.1895303875207901 0.006000000052154064 -0.10962815582752228
v 0.17529258131980896 0.006000000052154064 -0.10657312721014023
v 0.1796279400587082 0.006000000052154064 -0.09571171551942825
v 0.18005262315273285 0.006000000052154064 -0.09720543771982193
v 0.19285722076892853 0.006000000052154064 -0.10262363404035568
v 0.19285722076892853 0.006000000052154064 -0.10262363404035568
v 0.18005262315273285 0.006000000052154064 -0.09720543771982193
v 0.17967355251312256 0.006000000052154064 -0.09871137142181396
v 0.19285722076892853 0.006000000052154064 -0.10262363404035568
v 0.17967355251312256 0.006000000052154064 -0.09871137142181396
v 0.19365999102592468 0.006000000052154064 -0.10286927223205566
v 0.19365999102592468 0.006000000052154064 -0.10286927223205566
v 0.17967355251312256 0.006000000052154064 -0.09871137142181396
v 0.1895303875207901 0.006000000052154064 -0.10962815582752228
v 0.19365999102592468 0.006000000052154064 -0.10286927223205566
v 0.1895303875207901 0.006000000052154064 -0.10962815582752228
v 0.1944928616285324 0.006000000052154064 -0.10276380926370621
v 0.1944928616285324 0.006000000052154064 -0.10276380926370621
v 0.1895303875207901 0.006000000052154064 -0.10962815582752228
v 0.19514380395412445 0.006000000052154064 -0.10238806903362274
v 0.1944928616285324 0.006000000052154064 -0.10276380926370621
v 0.19514380395412445 0.006000000052154064 -0.10238806903362274
v 0.1952090710401535 0.006000000052154064 -0.10232581198215485
v 0.1863560527563095 0.006000000052154064 -0.11782710999250412
v 0.1863560527563095 -1.0430822872109502e-10 -0.11782710999250412
v 0.18627412617206573 -1.0430822872109502e-10 -0.11819121241569519
v 0.18627412617206573 0.012000000104308128 -0.11819121241569519
v 0.1895303875207901 0.012000000104308128 -0.10962815582752228
v 0.1895303875207901 0.006000000052154064 -0.10962815582752228
v 0.1895303875207901 0.006000000052154064 -0.10962815582752228
v 0.1895303875207901 0.012000000104308128 -0.10962815582752228
v 0.19514380395412445 0.006000000052154064 -0.10238806903362274
v 0.1895303875207901 0.012000000104308128 -0.10962815582752228
v 0.19226409494876862 0.012000000104308128 -0.10555045306682587
v 0.19514380395412445 0.006000000052154064 -0.10238806903362274
v 0.19514380395412445 0.006000000052154064 -0.10238806903362274
v 0.19226409494876862 0.012000000104308128 -0.10555045306682587
v 0.19514380395412445 0.012000000104308128 -0.10238806903362274
v 0.19514380395412445 0.006000000052154064 -0.10238806903362274
v 0.19514380395412445 0.012000000104308128 -0.10238806903362274
v 0.1952090710401535 0.006000000052154064 -0.10232581198215485
v 0.1952090710401535 0.006000000052154064 -0.10232581198215485
v 0.19514380395412445 0.012000000104308128 -0.10238806903362274
v 0.20262569189071655 0.012000000104308128 -0.09710123389959335
v 0.1952090710401535 0.006000000052154064 -0.10232581198215485
v 0.20262569189071655 0.012000000104308128 -0.09710123389959335
v 0.1952090710401535 -1.0430822872109502e-10 -0.10232581198215485
v 0.1952090710401535 -1.0430822872109502e-10 -0.10232581198215485
v 0.20262569189071655 0.012000000104308128 -0.09710123389959335
v 0.20262569189071655 -1.0430825647667064e-10 -0.09710123389959335
v 0.1895303875207901 0.006000000052154064 -0.10962815582752228
v 0.1863560527563095 0.006000000052154064 -0.11782710999250412
v 0.18627412617206573 0.012000000104308128 -0.11819121241569519
v 0.18627412617206573 0.012000000104308128 -0.11819121241569519
v 0.1863560527563095 0.006000000052154064 -0.11782710999250412
v 0.18627412617206573 -1.0430822872109502e-10 -0.11819121241569519
v 0.18627412617206573 0.012000000104308128 -0.11819121241569519
v 0.18627412617206573 -1.0430822872109502e-10 -0.11819121241569519
v 0.18565846979618073 0.012000000104308128 -0.12733179330825806
v 0.18565846979618073 0.012000000104308128 -0.12733179330825806
v 0.18627412617206573 -1.0430822872109502e-10 -0.11819121241569519
v 0.18565846979618073 -1.043082009655194e-10 -0.12733179330825806
v -0.058482758700847626 -1.0430828423224625e-10 0.0574784092605114
v -0.058482758700847626 0.012000000104308128 0.0574784092605114
v -0.061627425253391266 0.012000000104308128 0.052741482853889465
v -0.058482758700847626 -1.0430828423224625e-10 0.0574784092605114
v -0.061627425253391266 0.012000000104308128 0.052741482853889465
v -0.061627425253391266 -1.0430828423224625e-10 0.052741482853889465
v -0.061627425253391266 -1.0430828423224625e-10 0.052741482853889465
v -0.061627425253391266 0.012000000104308128 0.052741482853889465
v -0.06278321892023087 0.012000000104308128 0.04717448353767395
v -0.061627425253391266 -1.0430828423224625e-10 0.052741482853889465
v -0.06278321892023087 0.012000000104308128 0.04717448353767395
v -0.06278321892023087 -1.0430828423224625e-10 0.04717448353767395
v -0.06278321892023087 -1.0430828423224625e-10 0.04717448353767395
v -0.06278321892023087 0.012000000104308128 0.04717448353767395
v -0.061784058809280396 0.012000000104308128 0.04157724976539612
v -0.06278321892023087 -1.0430828423224625e-10 0.04717448353767395
v -0.061784058809280396 0.012000000104308128 0.04157724976539612
v -0.061784058809280396 -1.0430828423224625e-10 0.04157724976539612
v -0.058482758700847626 -1.0430828423224625e-10 0.0574784092605114
v -0.058188844472169876 -1.0430828423224625e-10 0.05777745693922043
v -0.058482758700847626 0.012000000104308128 0.0574784092605114
v -0.058482758700847626 0.012000000104308128 0.0574784092605114
v -0.058188844472169876 -1.0430828423224625e-10 0.05777745693922043
v -0.058188844472169876 0.012000000104308128 0.05777745693922043
v -0.02965831756591797 0.012000000104308128 0.058245595544576645
v -0.032687898725271225 0.012000000104308128 0.060303207486867905
v -0.032687898725271225 -1.0430831198782187e-10 0.060303207486867905
v 0.01927187107503414 0.012000000104308128 0.02501346543431282
v 0.011487453244626522 0.012000000104308128 0.0303004402667284
v 0.0031355065293610096 -1.0430828423224625e-10 0.035972870886325836
v -0.032687898725271225 -1.0430831198782187e-10 0.060303207486867905
v -0.02965831756591797 -1.0430831198782187e-10 0.058245595544576645
v -0.02965831756591797 0.012000000104308128 0.058245595544576645
v -0.02965831756591797 0.012000000104308128 0.058245595544576645
v -0.02965831756591797 -1.0430831198782187e-10 0.058245595544576645
v -0.028905969113111496 -1.0430831198782187e-10 0.057734619826078415
v -0.02965831756591797 0.012000000104308128 0.058245595544576645
v -0.028905969113111496 -1.0430831198782187e-10 0.057734619826078415
v -0.01269090548157692 0.012000000104308128 0.04672176390886307
v -0.01269090548157692 0.012000000104308128 0.04672176390886307
v -0.028905969113111496 -1.0430831198782187e-10 0.057734619826078415
v -0.0019329194910824299 -1.0430831198782187e-10 0.03941521421074867
v -0.01269090548157692 0.012000000104308128 0.04672176390886307
v -0.0019329194910824299 -1.0430831198782187e-10 0.03941521421074867
v 0.0031355065293610096 0.012000000104308128 0.035972870886325836
v 0.0031355065293610096 0.012000000104308128 0.035972870886325836
v -0.0019329194910824299 -1.0430831198782187e-10 0.03941521421074867
v 0.0031355065293610096 -1.0430828423224625e-10 0.035972870886325836
v 0.0031355065293610096 0.012000000104308128 0.035972870886325836
v 0.0031355065293610096 -1.0430828423224625e-10 0.035972870886325836
v 0.004621101543307304 0.012000000104308128 0.03496389091014862
v 0.004621101543307304 0.012000000104308128 0.03496389091014862
v 0.0031355065293610096 -1.0430828423224625e-10 0.035972870886325836
v 0.011487453244626522 0.012000000104308128 0.0303004402667284
v 0.0031355065293610096 -1.0430828423224625e-10 0.035972870886325836
v 0.023484498262405396 -1.0430828423224625e-10 0.022152356803417206
v 0.01927187107503414 0.012000000104308128 0.02501346543431282
v 0.01927187107503414 0.012000000104308128 0.02501346543431282
v 0.023484498262405396 -1.0430828423224625e-10 0.022152356803417206
v 0.025286465883255005 -1.0430828423224625e-10 0.020928502082824707
v 0.01927187107503414 0.012000000104308128 0.02501346543431282
v 0.025286465883255005 -1.0430828423224625e-10 0.020928502082824707
v 0.044329240918159485 0.012000000104308128 0.007995137944817543
v 0.044329240918159485 0.012000000104308128 0.007995137944817543
v 0.025286465883255005 -1.0430828423224625e-10 0.020928502082824707
v 0.044329240918159485 -1.0430828423224625e-10 0.007995137944817543
v 0.044329240918159485 0.012000000104308128 0.007995137944817543
v 0.044329240918159485 -1.0430828423224625e-10 0.007995137944817543
v 0.047666359692811966 0.012000000104308128 0.0057286531664431095
v 0.047666359692811966 0.012000000104308128 0.0057286531664431095
v 0.044329240918159485 -1.0430828423224625e-10 0.007995137944817543
v 0.05131694674491882 -1.0430828423224625e-10 0.003249267814680934
v 0.07477283477783203 0.012000000104308128 -0.012681372463703156
v 0.06891810148954391 0.012000000104308128 -0.00870498362928629
v 0.06891810148954391 -1.0430828423224625e-10 -0.00870498362928629
v 0.06891810148954391 -1.0430828423224625e-10 -0.00870498362928629
v 0.06891810148954391 0.012000000104308128 -0.00870498362928629
v 0.06326621770858765 0.012000000104308128 -0.004866369068622589
v 0.06891810148954391 -1.0430828423224625e-10 -0.00870498362928629
v 0.06326621770858765 0.012000000104308128 -0.004866369068622589
v 0.06008162721991539 -1.0430828423224625e-10 -0.00270347879268229
v 0.06008162721991539 -1.0430828423224625e-10 -0.00270347879268229
v 0.06326621770858765 0.012000000104308128 -0.004866369068622589
v 0.06008162721991539 0.012000000104308128 -0.00270347879268229
v 0.06008162721991539 -1.0430828423224625e-10 -0.00270347879268229
v 0.06008162721991539 0.012000000104308128 -0.00270347879268229
v 0.05131694674491882 -1.0430828423224625e-10 0.003249267814680934
v 0.05131694674491882 -1.0430828423224625e-10 0.003249267814680934
v 0.06008162721991539 0.012000000104308128 -0.00270347879268229
v 0.04914331063628197 0.012000000104308128 0.0047255465760827065
v 0.05131694674491882 -1.0430828423224625e-10 0.003249267814680934
v 0.04914331063628197 0.012000000104308128 0.0047255465760827065
v 0.047666359692811966 0.012000000104308128 0.0057286531664431095
v 0.07477283477783203 0.012000000104308128 -0.012681372463703156
v 0.06891810148954391 -1.0430828423224625e-10 -0.00870498362928629
v 0.09061028063297272 0.012000000104308128 -0.023437758907675743
v 0.09061028063297272 0.012000000104308128 -0.023437758907675743
v 0.06891810148954391 -1.0430828423224625e-10 -0.00870498362928629
v 0.08906335383653641 -1.0430828423224625e-10 -0.022387122735381126
v 0.09061028063297272 0.012000000104308128 -0.023437758907675743
v 0.08906335383653641 -1.0430828423224625e-10 -0.022387122735381126
v 0.1062881201505661 0.012000000104308128 -0.034085750579833984
v 0.1062881201505661 0.012000000104308128 -0.034085750579833984
v 0.08906335383653641 -1.0430828423224625e-10 -0.022387122735381126
v 0.10622588545084 -1.0430828423224625e-10 -0.034043483436107635
v 0.1062881201505661 0.012000000104308128 -0.034085750579833984
v 0.10622588545084 -1.0430828423224625e-10 -0.034043483436107635
v 0.11232344061136246 0.012000000104308128 -0.03818478435277939
v 0.11232344061136246 0.012000000104308128 -0.03818478435277939
v 0.10622588545084 -1.0430828423224625e-10 -0.034043483436107635
v 0.11748999357223511 -1.0430825647667064e-10 -0.04169377312064171
v 0.11232344061136246 0.012000000104308128 -0.03818478435277939
v 0.11748999357223511 -1.0430825647667064e-10 -0.04169377312064171
v 0.11748999357223511 0.012000000104308128 -0.04169377312064171
v 0.1440012902021408 0.012000000104308128 -0.057889174669981
v 0.11960337311029434 -1.0430825647667064e-10 -0.043052807450294495
v 0.15012067556381226 0.012000000104308128 -0.06161036342382431
v 0.15012067556381226 0.012000000104308128 -0.06161036342382431
v 0.11960337311029434 -1.0430825647667064e-10 -0.043052807450294495
v 0.1757264882326126 -1.0430825647667064e-10 -0.07718125730752945
v 0.15012067556381226 0.012000000104308128 -0.06161036342382431
v 0.1757264882326126 -1.0430825647667064e-10 -0.07718125730752945
v 0.1757264882326126 0.012000000104308128 -0.07718125730752945
v 0.1440012902021408 0.012000000104308128 -0.057889174669981
v 0.14354264736175537 0.012000000104308128 -0.057610273361206055
v 0.11960337311029434 -1.0430825647667064e-10 -0.043052807450294495
v 0.11960337311029434 -1.0430825647667064e-10 -0.043052807450294495
v 0.14354264736175537 0.012000000104308128 -0.057610273361206055
v 0.12487708777189255 0.012000000104308128 -0.04625975340604782
v 0.11960337311029434 -1.0430825647667064e-10 -0.043052807450294495
v 0.12487708777189255 0.012000000104308128 -0.04625975340604782
v 0.11960337311029434 0.012000000104308128 -0.043052807450294495
v -0.020296650007367134 -1.0430822872109502e-10 -0.025451110675930977
v -0.022644314914941788 -1.0430822872109502e-10 -0.024257300421595573
v -0.022644314914941788 0.012000000104308128 -0.024257300421595573
v 0.14762479066848755 0.012000000104308128 -0.11084075272083282
v 0.15390774607658386 0.012000000104308128 -0.1140357032418251
v 0.15390774607658386 -1.043082009655194e-10 -0.1140357032418251
v 0.14762479066848755 0.012000000104308128 -0.11084075272083282
v 0.15390774607658386 -1.043082009655194e-10 -0.1140357032418251
v 0.13190153241157532 0.012000000104308128 -0.10284533351659775
v 0.13190153241157532 0.012000000104308128 -0.10284533351659775
v 0.15390774607658386 -1.043082009655194e-10 -0.1140357032418251
v 0.1372440904378891 -1.043082009655194e-10 -0.10556207597255707
v 0.13190153241157532 0.012000000104308128 -0.10284533351659775
v 0.1372440904378891 -1.043082009655194e-10 -0.10556207597255707
v 0.11702752858400345 0.012000000104308128 -0.09528175741434097
v 0.11702752858400345 0.012000000104308128 -0.09528175741434097
v 0.1372440904378891 -1.043082009655194e-10 -0.10556207597255707
v 0.12031405419111252 -1.043082009655194e-10 -0.09695298969745636
v 0.11702752858400345 0.012000000104308128 -0.09528175741434097
v 0.12031405419111252 -1.043082009655194e-10 -0.09695298969745636
v 0.11050877720117569 0.012000000104308128 -0.091966912150383
v 0.11050877720117569 0.012000000104308128 -0.091966912150383
v 0.12031405419111252 -1.043082009655194e-10 -0.09695298969745636
v 0.10330503433942795 -1.043082009655194e-10 -0.08830373734235764
v 0.11050877720117569 0.012000000104308128 -0.091966912150383
v 0.10330503433942795 -1.043082009655194e-10 -0.08830373734235764
v 0.10982527583837509 0.012000000104308128 -0.0916193425655365
v 0.050613000988960266 -1.043082009655194e-10 -0.06150934100151062
v 0.052332937717437744 0.012000000104308128 -0.062383946031332016
v 0.06976418197154999 0.012000000104308128 -0.071247898042202
v 0.050613000988960266 -1.043082009655194e-10 -0.06150934100151062
v 0.06976418197154999 0.012000000104308128 -0.071247898042202
v 0.10330503433942795 -1.043082009655194e-10 -0.08830373734235764
v 0.10330503433942795 -1.043082009655194e-10 -0.08830373734235764
v 0.06976418197154999 0.012000000104308128 -0.071247898042202
v 0.09013648331165314 0.012000000104308128 -0.0816074013710022
v 0.10330503433942795 -1.043082009655194e-10 -0.08830373734235764
v 0.09013648331165314 0.012000000104308128 -0.0816074013710022
v 0.10982527583837509 0.012000000104308128 -0.0916193425655365
v 0.052332937717437744 0.012000000104308128 -0.062383946031332016
v 0.050613000988960266 -1.043082009655194e-10 -0.06150934100151062
v 0.046582967042922974 0.012000000104308128 -0.059460029006004333
v 0.046582967042922974 0.012000000104308128 -0.059460029006004333
v 0.050613000988960266 -1.043082009655194e-10 -0.06150934100151062
v 0.046582967042922974 -1.043082009655194e-10 -0.059460029006004333
v 0.046582967042922974 0.012000000104308128 -0.059460029006004333
v 0.046582967042922974 -1.043082009655194e-10 -0.059460029006004333
v 0.0282147154211998 0.012000000104308128 -0.05011959746479988
v 0.0282147154211998 0.012000000104308128 -0.05011959746479988
v 0.046582967042922974 -1.043082009655194e-10 -0.059460029006004333
v 0.0282147154211998 -1.0430822872109502e-10 -0.05011959746479988
v 0.0282147154211998 0.012000000104308128 -0.05011959746479988
v 0.0282147154211998 -1.0430822872109502e-10 -0.05011959746479988
v 0.02193072810769081 0.012000000104308128 -0.046924132853746414
v 0.02193072810769081 0.012000000104308128 -0.046924132853746414
v 0.0282147154211998 -1.0430822872109502e-10 -0.05011959746479988
v 0.020513996481895447 -1.0430822872109502e-10 -0.04620371013879776
v 0.02193072810769081 0.012000000104308128 -0.046924132853746414
v 0.020513996481895447 -1.0430822872109502e-10 -0.04620371013879776
v 0.020513996481895447 0.012000000104308128 -0.04620371013879776
v 0.020513996481895447 0.012000000104308128 -0.04620371013879776
v 0.020513996481895447 -1.0430822872109502e-10 -0.04620371013879776
v 0.018389977514743805 0.012000000104308128 -0.0451236292719841
v 0.018389977514743805 0.012000000104308128 -0.0451236292719841
v 0.020513996481895447 -1.0430822872109502e-10 -0.04620371013879776
v 0.018389977514743805 -1.0430822872109502e-10 -0.0451236292719841
v 0.018389977514743805 0.012000000104308128 -0.0451236292719841
v 0.018389977514743805 -1.0430822872109502e-10 -0.0451236292719841
v 0.0008758580079302192 0.012000000104308128 -0.03621752932667732
v 0.0008758580079302192 0.012000000104308128 -0.03621752932667732
v 0.018389977514743805 -1.0430822872109502e-10 -0.0451236292719841
v 0.0008758580079302192 -1.0430822872109502e-10 -0.03621752932667732
v 0.0008758580079302192 0.012000000104308128 -0.03621752932667732
v 0.0008758580079302192 -1.0430822872109502e-10 -0.03621752932667732
v -0.022644314914941788 0.012000000104308128 -0.024257300421595573
v -0.022644314914941788 0.012000000104308128 -0.024257300421595573
v 0.0008758580079302192 -1.0430822872109502e-10 -0.03621752932667732
v -0.011621413752436638 -1.0430822872109502e-10 -0.029862551018595695
v -0.022644314914941788 0.012000000104308128 -0.024257300421595573
v -0.011621413752436638 -1.0430822872109502e-10 -0.029862551018595695
v -0.020296650007367134 -1.0430822872109502e-10 -0.025451110675930977
v 0.01578553393483162 -1.0430828423224625e-10 0.016061361879110336
v 0.01578553393483162 0.012000000104308128 0.016061361879110336
v 0.02073034830391407 -1.0430828423224625e-10 0.008797901682555676
v 0.02073034830391407 -1.0430828423224625e-10 0.008797901682555676
v 0.01578553393483162 0.012000000104308128 0.016061361879110336
v 0.02073034830391407 0.012000000104308128 0.008797901682555676
v 0.02073034830391407 -1.0430828423224625e-10 0.008797901682555676
v 0.02073034830391407 0.012000000104308128 0.008797901682555676
v 0.022519154474139214 -1.0430825647667064e-10 0.00019504058582242578
v 0.022519154474139214 -1.0430825647667064e-10 0.00019504058582242578
v 0.02073034830391407 0.012000000104308128 0.008797901682555676
v 0.022519154474139214 0.012000000104308128 0.00019504058582242578
v 0.022519154474139214 -1.0430825647667064e-10 0.00019504058582242578
v 0.022519154474139214 0.012000000104308128 0.00019504058582242578
v 0.020879624411463737 -1.0430825647667064e-10 -0.008437513373792171
v 0.020879624411463737 -1.0430825647667064e-10 -0.008437513373792171
v 0.022519154474139214 0.012000000104308128 0.00019504058582242578
v 0.020879624411463737 0.012000000104308128 -0.008437513373792171
v 0.020879624411463737 -1.0430825647667064e-10 -0.008437513373792171
v 0.020879624411463737 0.012000000104308128 -0.008437513373792171
v 0.016061361879110336 -1.0430825647667064e-10 -0.01578553393483162
v 0.016061361879110336 -1.0430825647667064e-10 -0.01578553393483162
v 0.020879624411463737 0.012000000104308128 -0.008437513373792171
v 0.016061361879110336 0.012000000104308128 -0.01578553393483162
v 0.016061361879110336 -1.0430825647667064e-10 -0.01578553393483162
v 0.016061361879110336 0.012000000104308128 -0.01578553393483162
v 0.008797901682555676 -1.0430822872109502e-10 -0.02073034830391407
v 0.008797901682555676 -1.0430822872109502e-10 -0.02073034830391407
v 0.016061361879110336 0.012000000104308128 -0.01578553393483162
v 0.008797901682555676 0.012000000104308128 -0.02073034830391407
v 0.008797901682555676 -1.0430822872109502e-10 -0.02073034830391407
v 0.008797901682555676 0.012000000104308128 -0.02073034830391407
v 0.00019504058582242578 -1.0430822872109502e-10 -0.022519154474139214
v 0.00019504058582242578 -1.0430822872109502e-10 -0.022519154474139214
v 0.008797901682555676 0.012000000104308128 -0.02073034830391407
v 0.00019504058582242578 0.012000000104308128 -0.022519154474139214
v 0.00019504058582242578 -1.0430822872109502e-10 -0.022519154474139214
v 0.00019504058582242578 0.012000000104308128 -0.022519154474139214
v -0.008437513373792171 -1.0430822872109502e-10 -0.020879624411463737
v -0.008437513373792171 -1.0430822872109502e-10 -0.020879624411463737
v 0.00019504058582242578 0.012000000104308128 -0.022519154474139214
v -0.008437513373792171 0.012000000104308128 -0.020879624411463737
v -0.008437513373792171 -1.0430822872109502e-10 -0.020879624411463737
v -0.008437513373792171 0.012000000104308128 -0.020879624411463737
v -0.01578553393483162 -1.0430822872109502e-10 -0.016061361879110336
v -0.01578553393483162 -1.0430822872109502e-10 -0.016061361879110336
v -0.008437513373792171 0.012000000104308128 -0.020879624411463737
v -0.01578553393483162 0.012000000104308128 -0.016061361879110336
v -0.01578553393483162 -1.0430822872109502e-10 -0.016061361879110336
v -0.01578553393483162 0.012000000104308128 -0.016061361879110336
v -0.02073034830391407 -1.0430822872109502e-10 -0.008797901682555676
v -0.02073034830391407 -1.0430822872109502e-10 -0.008797901682555676
v -0.01578553393483162 0.012000000104308128 -0.016061361879110336
v -0.02073034830391407 0.012000000104308128 -0.008797901682555676
v -0.02073034830391407 -1.0430822872109502e-10 -0.008797901682555676
v -0.02073034830391407 0.012000000104308128 -0.008797901682555676
v -0.022519154474139214 -1.0430825647667064e-10 -0.00019504058582242578
v -0.022519154474139214 -1.0430825647667064e-10 -0.00019504058582242578
v -0.02073034830391407 0.012000000104308128 -0.008797901682555676
v -0.022519154474139214 0.012000000104308128 -0.00019504058582242578
v -0.022519154474139214 -1.0430825647667064e-10 -0.00019504058582242578
v -0.022519154474139214 0.012000000104308128 -0.00019504058582242578
v -0.020879624411463737 -1.0430825647667064e-10 0.008437513373792171
v -0.020879624411463737 -1.0430825647667064e-10 0.008437513373792171
v -0.022519154474139214 0.012000000104308128 -0.00019504058582242578
v -0.020879624411463737 0.012000000104308128 0.008437513373792171
v -0.020879624411463737 -1.0430825647667064e-10 0.008437513373792171
v -0.020879624411463737 0.012000000104308128 0.008437513373792171
v -0.016061361879110336 -1.0430825647667064e-10 0.01578553393483162
v -0.016061361879110336 -1.0430825647667064e-10 0.01578553393483162
v -0.020879624411463737 0.012000000104308128 0.008437513373792171
v -0.016061361879110336 0.012000000104308128 0.01578553393483162
v -0.016061361879110336 -1.0430825647667064e-10 0.01578553393483162
v -0.016061361879110336 0.012000000104308128 0.01578553393483162
v -0.008797901682555676 -1.0430828423224625e-10 0.02073034830391407
v -0.008797901682555676 -1.0430828423224625e-10 0.02073034830391407
v -0.016061361879110336 0.012000000104308128 0.01578553393483162
v -0.008797901682555676 0.012000000104308128 0.02073034830391407
v -0.008797901682555676 -1.0430828423224625e-10 0.02073034830391407
v -0.008797901682555676 0.012000000104308128 0.02073034830391407
v -0.00019504058582242578 -1.0430828423224625e-10 0.022519154474139214
v -0.00019504058582242578 -1.0430828423224625e-10 0.022519154474139214
v -0.008797901682555676 0.012000000104308128 0.02073034830391407
v -0.00019504058582242578 0.012000000104308128 0.022519154474139214
v -0.00019504058582242578 -1.0430828423224625e-10 0.022519154474139214
v -0.00019504058582242578 0.012000000104308128 0.022519154474139214
v 0.008437513373792171 -1.0430828423224625e-10 0.020879624411463737
v 0.008437513373792171 -1.0430828423224625e-10 0.020879624411463737
v -0.00019504058582242578 0.012000000104308128 0.022519154474139214
v 0.008437513373792171 0.012000000104308128 0.020879624411463737
v 0.008437513373792171 -1.0430828423224625e-10 0.020879624411463737
v 0.008437513373792171 0.012000000104308128 0.020879624411463737
v 0.01578553393483162 -1.0430828423224625e-10 0.016061361879110336
v 0.01578553393483162 -1.0430828423224625e-10 0.016061361879110336
v 0.008437513373792171 0.012000000104308128 0.020879624411463737
v 0.01578553393483162 0.012000000104308128 0.016061361879110336
v -0.061784058809280396 -1.0430828423224625e-10 0.04157724976539612
v -0.061784058809280396 0.012000000104308128 0.04157724976539612
v -0.05751655623316765 -1.0430825647667064e-10 0.030486788600683212
v -0.05751655623316765 -1.0430825647667064e-10 0.030486788600683212
v -0.061784058809280396 0.012000000104308128 0.04157724976539612
v -0.05735445395112038 0.012000000104308128 0.03006551042199135
v -0.05751655623316765 -1.0430825647667064e-10 0.030486788600683212
v -0.05735445395112038 0.012000000104308128 0.03006551042199135
v -0.05735445395112038 -1.0430825647667064e-10 0.03006551042199135
v -0.05735445395112038 -1.0430825647667064e-10 0.03006551042199135
v -0.05735445395112038 0.012000000104308128 0.03006551042199135
v -0.04808435216546059 -1.0430822872109502e-10 0.0059741949662566185
v -0.04808435216546059 -1.0430822872109502e-10 0.0059741949662566185
v -0.05735445395112038 0.012000000104308128 0.03006551042199135
v -0.04704602062702179 0.012000000104308128 0.0032757532317191362
v -0.04808435216546059 -1.0430822872109502e-10 0.0059741949662566185
v -0.04704602062702179 0.012000000104308128 0.0032757532317191362
v -0.04704602062702179 -1.0430822872109502e-10 0.0032757532317191362
v -0.045681823045015335 -1.0430828423224625e-10 0.04910367727279663
v -0.045681823045015335 0.012000000104308128 0.04910367727279663
v -0.044893745332956314 -1.0430828423224625e-10 0.0477655865252018
v -0.044893745332956314 -1.0430828423224625e-10 0.0477655865252018
v -0.045681823045015335 0.012000000104308128 0.04910367727279663
v -0.044893745332956314 0.012000000104308128 0.0477655865252018
v -0.044893745332956314 -1.0430828423224625e-10 0.0477655865252018
v -0.044893745332956314 0.012000000104308128 0.0477655865252018
v -0.04488029703497887 -1.0430828423224625e-10 0.046212732791900635
v -0.04488029703497887 -1.0430828423224625e-10 0.046212732791900635
v -0.044893745332956314 0.012000000104308128 0.0477655865252018
v -0.04488029703497887 0.012000000104308128 0.046212732791900635
v -0.04488029703497887 -1.0430828423224625e-10 0.046212732791900635
v -0.04488029703497887 0.012000000104308128 0.046212732791900635
v -0.045645080506801605 -1.0430828423224625e-10 0.04486119747161865
v -0.045645080506801605 -1.0430828423224625e-10 0.04486119747161865
v -0.04488029703497887 0.012000000104308128 0.046212732791900635
v -0.045645080506801605 0.012000000104308128 0.04486119747161865
v -0.045645080506801605 -1.0430828423224625e-10 0.04486119747161865
v -0.045645080506801605 0.012000000104308128 0.04486119747161865
v -0.04698316752910614 -1.0430828423224625e-10 0.04407311975955963
v -0.04698316752910614 -1.0430828423224625e-10 0.04407311975955963
v -0.045645080506801605 0.012000000104308128 0.04486119747161865
v -0.04698316752910614 0.012000000104308128 0.04407311975955963
v -0.04698316752910614 -1.0430828423224625e-10 0.04407311975955963
v -0.04698316752910614 0.012000000104308128 0.04407311975955963
v -0.0485360212624073 -1.0430828423224625e-10 0.044059667736291885
v -0.0485360212624073 -1.0430828423224625e-10 0.044059667736291885
v -0.04698316752910614 0.012000000104308128 0.04407311975955963
v -0.0485360212624073 0.012000000104308128 0.044059667736291885
v -0.0485360212624073 -1.0430828423224625e-10 0.044059667736291885
v -0.0485360212624073 0.012000000104308128 0.044059667736291885
v -0.049887560307979584 -1.0430828423224625e-10 0.044824451208114624
v -0.049887560307979584 -1.0430828423224625e-10 0.044824451208114624
v -0.0485360212624073 0.012000000104308128 0.044059667736291885
v -0.049887560307979584 0.012000000104308128 0.044824451208114624
v -0.049887560307979584 -1.0430828423224625e-10 0.044824451208114624
v -0.049887560307979584 0.012000000104308128 0.044824451208114624
v -0.050675634294748306 -1.0430828423224625e-10 0.04616253823041916
v -0.050675634294748306 -1.0430828423224625e-10 0.04616253823041916
v -0.049887560307979584 0.012000000104308128 0.044824451208114624
v -0.050675634294748306 0.012000000104308128 0.04616253823041916
v -0.050675634294748306 -1.0430828423224625e-10 0.04616253823041916
v -0.050675634294748306 0.012000000104308128 0.04616253823041916
v -0.05068908631801605 -1.0430828423224625e-10 0.04771539568901062
v -0.05068908631801605 -1.0430828423224625e-10 0.04771539568901062
v -0.050675634294748306 0.012000000104308128 0.04616253823041916
v -0.05068908631801605 0.012000000104308128 0.04771539568901062
v -0.05068908631801605 -1.0430828423224625e-10 0.04771539568901062
v -0.05068908631801605 0.012000000104308128 0.04771539568901062
v -0.04992430657148361 -1.0430828423224625e-10 0.0490669310092926
v -0.04992430657148361 -1.0430828423224625e-10 0.0490669310092926
v -0.05068908631801605 0.012000000104308128 0.04771539568901062
v -0.04992430657148361 0.012000000104308128 0.0490669310092926
v -0.04992430657148361 -1.0430828423224625e-10 0.0490669310092926
v -0.04992430657148361 0.012000000104308128 0.0490669310092926
v -0.04858621954917908 -1.0430828423224625e-10 0.049855008721351624
v -0.04858621954917908 -1.0430828423224625e-10 0.049855008721351624
v -0.04992430657148361 0.012000000104308128 0.0490669310092926
v -0.04858621954917908 0.012000000104308128 0.049855008721351624
v -0.04858621954917908 -1.0430828423224625e-10 0.049855008721351624
v -0.04858621954917908 0.012000000104308128 0.049855008721351624
v -0.04703335836529732 -1.0430828423224625e-10 0.04986845329403877
v -0.04703335836529732 -1.0430828423224625e-10 0.04986845329403877
v -0.04858621954917908 0.012000000104308128 0.049855008721351624
v -0.04703335836529732 0.012000000104308128 0.04986845329403877
v -0.04703335836529732 -1.0430828423224625e-10 0.04986845329403877
v -0.04703335836529732 0.012000000104308128 0.04986845329403877
v -0.045681823045015335 -1.0430828423224625e-10 0.04910367727279663
v -0.045681823045015335 -1.0430828423224625e-10 0.04910367727279663
v -0.04703335836529732 0.012000000104308128 0.04986845329403877
v -0.045681823045015335 0.012000000104308128 0.04910367727279663
v 0.18589507043361664 -1.0430817320994379e-10 -0.14360740780830383
v 0.18589507043361664 0.012000000104308128 -0.14360740780830383
v 0.19335733354091644 0.012000000104308128 -0.15231065452098846
v 0.18589507043361664 -1.0430817320994379e-10 -0.14360740780830383
v 0.19335733354091644 0.012000000104308128 -0.15231065452098846
v 0.19335733354091644 -1.0430817320994379e-10 -0.15231065452098846
v 0.19335733354091644 -1.0430817320994379e-10 -0.15231065452098846
v 0.19335733354091644 0.012000000104308128 -0.15231065452098846
v 0.20317743718624115 0.012000000104308128 -0.15822650492191315
v 0.19335733354091644 -1.0430817320994379e-10 -0.15231065452098846
v 0.20317743718624115 0.012000000104308128 -0.15822650492191315
v 0.20317743718624115 -1.0430817320994379e-10 -0.15822650492191315
v 0.20933325588703156 0.012000000104308128 -0.16008274257183075
v 0.20806191861629486 -1.0430817320994379e-10 -0.15979637205600739
v 0.20638729631900787 0.012000000104308128 -0.1593441665172577
v 0.20638729631900787 0.012000000104308128 -0.1593441665172577
v 0.20806191861629486 -1.0430817320994379e-10 -0.15979637205600739
v 0.20317743718624115 -1.0430817320994379e-10 -0.15822650492191315
v 0.20638729631900787 0.012000000104308128 -0.1593441665172577
v 0.20317743718624115 -1.0430817320994379e-10 -0.15822650492191315
v 0.20334172248840332 0.012000000104308128 -0.15829208493232727
v 0.20334172248840332 0.012000000104308128 -0.15829208493232727
v 0.20317743718624115 -1.0430817320994379e-10 -0.15822650492191315
v 0.20317743718624115 0.012000000104308128 -0.15822650492191315
v 0.21684515476226807 0.012000000104308128 -0.1608244776725769
v 0.21435949206352234 -1.0430817320994379e-10 -0.16075502336025238
v 0.21435949206352234 0.012000000104308128 -0.16075502336025238
v 0.21435949206352234 0.012000000104308128 -0.16075502336025238
v 0.21435949206352234 -1.0430817320994379e-10 -0.16075502336025238
v 0.21385158598423004 -1.0430817320994379e-10 -0.16071964800357819
v 0.21435949206352234 0.012000000104308128 -0.16075502336025238
v 0.21385158598423004 -1.0430817320994379e-10 -0.16071964800357819
v 0.20933325588703156 0.012000000104308128 -0.16008274257183075
v 0.20933325588703156 0.012000000104308128 -0.16008274257183075
v 0.21385158598423004 -1.0430817320994379e-10 -0.16071964800357819
v 0.20933325588703156 -1.0430817320994379e-10 -0.16008274257183075
v 0.20933325588703156 0.012000000104308128 -0.16008274257183075
v 0.20933325588703156 -1.0430817320994379e-10 -0.16008274257183075
v 0.20806191861629486 -1.0430817320994379e-10 -0.15979637205600739
v 0.21684515476226807 0.012000000104308128 -0.1608244776725769
v 0.21726365387439728 0.012000000104308128 -0.16081927716732025
v 0.21435949206352234 -1.0430817320994379e-10 -0.16075502336025238
v 0.21435949206352234 -1.0430817320994379e-10 -0.16075502336025238
v 0.21726365387439728 0.012000000104308128 -0.16081927716732025
v 0.2244507074356079 0.012000000104308128 -0.15996041893959045
v 0.21435949206352234 -1.0430817320994379e-10 -0.16075502336025238
v 0.2244507074356079 0.012000000104308128 -0.15996041893959045
v 0.22576949000358582 -1.043082009655194e-10 -0.15963979065418243
v 0.25037482380867004 0.012000000104308128 -0.13730502128601074
v 0.24473902583122253 -1.043082009655194e-10 -0.1472884863615036
v 0.24473902583122253 0.012000000104308128 -0.1472884863615036
v 0.24473902583122253 0.012000000104308128 -0.1472884863615036
v 0.24473902583122253 -1.043082009655194e-10 -0.1472884863615036
v 0.23625031113624573 -1.043082009655194e-10 -0.1549939066171646
v 0.24473902583122253 0.012000000104308128 -0.1472884863615036
v 0.23625031113624573 -1.043082009655194e-10 -0.1549939066171646
v 0.23625031113624573 0.012000000104308128 -0.1549939066171646
v 0.23625031113624573 0.012000000104308128 -0.1549939066171646
v 0.23625031113624573 -1.043082009655194e-10 -0.1549939066171646
v 0.22576949000358582 -1.043082009655194e-10 -0.15963979065418243
v 0.23625031113624573 0.012000000104308128 -0.1549939066171646
v 0.22576949000358582 -1.043082009655194e-10 -0.15963979065418243
v 0.22576949000358582 0.012000000104308128 -0.15963979065418243
v 0.22576949000358582 0.012000000104308128 -0.15963979065418243
v 0.22576949000358582 -1.043082009655194e-10 -0.15963979065418243
v 0.2244507074356079 0.012000000104308128 -0.15996041893959045
v 0.25247499346733093 -1.0430825647667064e-10 -0.12174370139837265
v 0.2525947690010071 -1.0430822872109502e-10 -0.12576869130134583
v 0.25258609652519226 0.012000000104308128 -0.12605592608451843
v 0.25258609652519226 0.012000000104308128 -0.12605592608451843
v 0.2525947690010071 -1.0430822872109502e-10 -0.12576869130134583
v 0.25258609652519226 -1.0430822872109502e-10 -0.12605592608451843
v 0.25258609652519226 0.012000000104308128 -0.12605592608451843
v 0.25258609652519226 -1.0430822872109502e-10 -0.12605592608451843
v 0.2518678903579712 0.012000000104308128 -0.13208332657814026
v 0.2518678903579712 0.012000000104308128 -0.13208332657814026
v 0.25258609652519226 -1.0430822872109502e-10 -0.12605592608451843
v 0.2518678903579712 -1.0430822872109502e-10 -0.13208332657814026
v 0.2518678903579712 0.012000000104308128 -0.13208332657814026
v 0.2518678903579712 -1.0430822872109502e-10 -0.13208332657814026
v 0.25037482380867004 0.012000000104308128 -0.13730502128601074
v 0.25037482380867004 0.012000000104308128 -0.13730502128601074
v 0.2518678903579712 -1.0430822872109502e-10 -0.13208332657814026
v 0.25037482380867004 -1.0430822872109502e-10 -0.13730502128601074
v 0.25037482380867004 0.012000000104308128 -0.13730502128601074
v 0.25037482380867004 -1.0430822872109502e-10 -0.13730502128601074
v 0.24473902583122253 -1.043082009655194e-10 -0.1472884863615036
v 0.25247499346733093 -1.0430825647667064e-10 -0.12174370139837265
v 0.25258609652519226 0.012000000104308128 -0.12605592608451843
v 0.25171804428100586 -1.0430825647667064e-10 -0.11687377095222473
v 0.25171804428100586 -1.0430825647667064e-10 -0.11687377095222473
v 0.25258609652519226 0.012000000104308128 -0.12605592608451843
v 0.25114864110946655 0.012000000104308128 -0.11468204110860825
v 0.25171804428100586 -1.0430825647667064e-10 -0.11687377095222473
v 0.25114864110946655 0.012000000104308128 -0.11468204110860825
v 0.25114864110946655 -1.0430825647667064e-10 -0.11468204110860825
v 0.25114864110946655 -1.0430825647667064e-10 -0.11468204110860825
v 0.25114864110946655 0.012000000104308128 -0.11468204110860825
v 0.24620820581912994 0.012000000104308128 -0.10433679819107056
v 0.25114864110946655 -1.0430825647667064e-10 -0.11468204110860825
v 0.24620820581912994 0.012000000104308128 -0.10433679819107056
v 0.24620820581912994 -1.0430825647667064e-10 -0.10433679819107056
v 0.24620820581912994 -1.0430825647667064e-10 -0.10433679819107056
v 0.24620820581912994 0.012000000104308128 -0.10433679819107056
v 0.23826582729816437 0.012000000104308128 -0.09606936573982239
v 0.24620820581912994 -1.0430825647667064e-10 -0.10433679819107056
v 0.23826582729816437 0.012000000104308128 -0.09606936573982239
v 0.23826582729816437 -1.0430825647667064e-10 -0.09606936573982239
v 0.23826582729816437 -1.0430825647667064e-10 -0.09606936573982239
v 0.23826582729816437 0.012000000104308128 -0.09606936573982239
v 0.22812697291374207 0.012000000104308128 -0.09071817249059677
v 0.23826582729816437 -1.0430825647667064e-10 -0.09606936573982239
v 0.22812697291374207 0.012000000104308128 -0.09071817249059677
v 0.22812697291374207 -1.0430825647667064e-10 -0.09071817249059677
v 0.22812697291374207 -1.0430825647667064e-10 -0.09071817249059677
v 0.22812697291374207 0.012000000104308128 -0.09071817249059677
v 0.2168198525905609 0.012000000104308128 -0.08882588893175125
v 0.22812697291374207 -1.0430825647667064e-10 -0.09071817249059677
v 0.2168198525905609 0.012000000104308128 -0.08882588893175125
v 0.2168198525905609 -1.0430825647667064e-10 -0.08882588893175125
v 0.15390774607658386 -1.043082009655194e-10 -0.1140357032418251
v 0.15390774607658386 0.012000000104308128 -0.1140357032418251
v 0.1663319617509842 -1.043082009655194e-10 -0.12186574190855026
v 0.1663319617509842 -1.043082009655194e-10 -0.12186574190855026
v 0.15390774607658386 0.012000000104308128 -0.1140357032418251
v 0.1663319617509842 0.012000000104308128 -0.12186574190855026
v 0.1663319617509842 -1.043082009655194e-10 -0.12186574190855026
v 0.1663319617509842 0.012000000104308128 -0.12186574190855026
v 0.1771155446767807 -1.043082009655194e-10 -0.1318349689245224
v 0.1771155446767807 -1.043082009655194e-10 -0.1318349689245224
v 0.1663319617509842 0.012000000104308128 -0.12186574190855026
v 0.1771155446767807 0.012000000104308128 -0.1318349689245224
v 0.1771155446767807 -1.043082009655194e-10 -0.1318349689245224
v 0.1771155446767807 0.012000000104308128 -0.1318349689245224
v 0.18589507043361664 -1.0430817320994379e-10 -0.14360740780830383
v 0.18589507043361664 -1.0430817320994379e-10 -0.14360740780830383
v 0.1771155446767807 0.012000000104308128 -0.1318349689245224
v 0.18589507043361664 0.012000000104308128 -0.14360740780830383
v 0.2168198525905609 -1.0430825647667064e-10 -0.08882588893175125
v 0.2168198525905609 0.012000000104308128 -0.08882588893175125
v 0.21473877131938934 -1.0430825647667064e-10 -0.08878651261329651
v 0.21473877131938934 -1.0430825647667064e-10 -0.08878651261329651
v 0.2168198525905609 0.012000000104308128 -0.08882588893175125
v 0.21473877131938934 0.012000000104308128 -0.08878651261329651
v 0.21473877131938934 -1.0430825647667064e-10 -0.08878651261329651
v 0.21473877131938934 0.012000000104308128 -0.08878651261329651
v 0.21257175505161285 -1.0430825647667064e-10 -0.08868788182735443
v 0.21257175505161285 -1.0430825647667064e-10 -0.08868788182735443
v 0.21473877131938934 0.012000000104308128 -0.08878651261329651
v 0.21213538944721222 0.012000000104308128 -0.08866088092327118
v 0.21257175505161285 -1.0430825647667064e-10 -0.08868788182735443
v 0.21213538944721222 0.012000000104308128 -0.08866088092327118
v 0.20645754039287567 -1.0430825647667064e-10 -0.08809015154838562
v 0.20645754039287567 -1.0430825647667064e-10 -0.08809015154838562
v 0.21213538944721222 0.012000000104308128 -0.08866088092327118
v 0.20645754039287567 0.012000000104308128 -0.08809015154838562
v 0.20645754039287567 -1.0430825647667064e-10 -0.08809015154838562
v 0.20645754039287567 0.012000000104308128 -0.08809015154838562
v 0.20249369740486145 -1.0430825647667064e-10 -0.08744659274816513
v 0.20249369740486145 -1.0430825647667064e-10 -0.08744659274816513
v 0.20645754039287567 0.012000000104308128 -0.08809015154838562
v 0.20249369740486145 0.012000000104308128 -0.08744659274816513
v 0.20249369740486145 -1.0430825647667064e-10 -0.08744659274816513
v 0.20249369740486145 0.012000000104308128 -0.08744659274816513
v 0.18864651024341583 -1.0430825647667064e-10 -0.08352271467447281
v 0.18864651024341583 -1.0430825647667064e-10 -0.08352271467447281
v 0.20249369740486145 0.012000000104308128 -0.08744659274816513
v 0.18864651024341583 0.012000000104308128 -0.08352271467447281
v 0.18864651024341583 -1.0430825647667064e-10 -0.08352271467447281
v 0.18864651024341583 0.012000000104308128 -0.08352271467447281
v 0.1757264882326126 -1.0430825647667064e-10 -0.07718125730752945
v 0.1757264882326126 -1.0430825647667064e-10 -0.07718125730752945
v 0.18864651024341583 0.012000000104308128 -0.08352271467447281
v 0.1757264882326126 0.012000000104308128 -0.07718125730752945
v 0.0454736053943634 0.012000000104308128 -0.02506294846534729
v 0.0454736053943634 -1.0430825647667064e-10 -0.02506294846534729
v 0.046825140714645386 0.012000000104308128 -0.02582772821187973
v 0.046825140714645386 0.012000000104308128 -0.02582772821187973
v 0.0454736053943634 -1.0430825647667064e-10 -0.02506294846534729
v 0.046825140714645386 -1.0430825647667064e-10 -0.02582772821187973
v 0.046825140714645386 0.012000000104308128 -0.02582772821187973
v 0.046825140714645386 -1.0430825647667064e-10 -0.02582772821187973
v 0.04837799817323685 0.012000000104308128 -0.025814279913902283
v 0.04837799817323685 0.012000000104308128 -0.025814279913902283
v 0.046825140714645386 -1.0430825647667064e-10 -0.02582772821187973
v 0.04837799817323685 -1.0430825647667064e-10 -0.025814279913902283
v 0.04837799817323685 0.012000000104308128 -0.025814279913902283
v 0.04837799817323685 -1.0430825647667064e-10 -0.025814279913902283
v 0.04971608519554138 0.012000000104308128 -0.02502620220184326
v 0.04971608519554138 0.012000000104308128 -0.02502620220184326
v 0.04837799817323685 -1.0430825647667064e-10 -0.025814279913902283
v 0.04971608519554138 -1.0430825647667064e-10 -0.02502620220184326
v 0.04971608519554138 0.012000000104308128 -0.02502620220184326
v 0.04971608519554138 -1.0430825647667064e-10 -0.02502620220184326
v 0.05048086866736412 0.012000000104308128 -0.02367466688156128
v 0.05048086866736412 0.012000000104308128 -0.02367466688156128
v 0.04971608519554138 -1.0430825647667064e-10 -0.02502620220184326
v 0.05048086866736412 -1.0430825647667064e-10 -0.02367466688156128
v 0.05048086866736412 0.012000000104308128 -0.02367466688156128
v 0.05048086866736412 -1.0430825647667064e-10 -0.02367466688156128
v 0.050467416644096375 0.012000000104308128 -0.022121809422969818
v 0.050467416644096375 0.012000000104308128 -0.022121809422969818
v 0.05048086866736412 -1.0430825647667064e-10 -0.02367466688156128
v 0.050467416644096375 -1.0430825647667064e-10 -0.022121809422969818
v 0.050467416644096375 0.012000000104308128 -0.022121809422969818
v 0.050467416644096375 -1.0430825647667064e-10 -0.022121809422969818
v 0.04967934265732765 0.012000000104308128 -0.020783722400665283
v 0.04967934265732765 0.012000000104308128 -0.020783722400665283
v 0.050467416644096375 -1.0430825647667064e-10 -0.022121809422969818
v 0.04967934265732765 -1.0430825647667064e-10 -0.020783722400665283
v 0.04967934265732765 0.012000000104308128 -0.020783722400665283
v 0.04967934265732765 -1.0430825647667064e-10 -0.020783722400665283
v 0.04832780361175537 0.012000000104308128 -0.020018942654132843
v 0.04832780361175537 0.012000000104308128 -0.020018942654132843
v 0.04967934265732765 -1.0430825647667064e-10 -0.020783722400665283
v 0.04832780361175537 -1.0430825647667064e-10 -0.020018942654132843
v 0.04832780361175537 0.012000000104308128 -0.020018942654132843
v 0.04832780361175537 -1.0430825647667064e-10 -0.020018942654132843
v 0.04677494615316391 0.012000000104308128 -0.02003239095211029
v 0.04677494615316391 0.012000000104308128 -0.02003239095211029
v 0.04832780361175537 -1.0430825647667064e-10 -0.020018942654132843
v 0.04677494615316391 -1.0430825647667064e-10 -0.02003239095211029
v 0.04677494615316391 0.012000000104308128 -0.02003239095211029
v 0.04677494615316391 -1.0430825647667064e-10 -0.02003239095211029
v 0.045436859130859375 0.012000000104308128 -0.020820464938879013
v 0.045436859130859375 0.012000000104308128 -0.020820464938879013
v 0.04677494615316391 -1.0430825647667064e-10 -0.02003239095211029
v 0.045436859130859375 -1.0430825647667064e-10 -0.020820464938879013
v 0.045436859130859375 0.012000000104308128 -0.020820464938879013
v 0.045436859130859375 -1.0430825647667064e-10 -0.020820464938879013
v 0.044672079384326935 0.012000000104308128 -0.022172003984451294
v 0.044672079384326935 0.012000000104308128 -0.022172003984451294
v 0.045436859130859375 -1.0430825647667064e-10 -0.020820464938879013
v 0.044672079384326935 -1.0430825647667064e-10 -0.022172003984451294
v 0.044672079384326935 0.012000000104308128 -0.022172003984451294
v 0.044672079384326935 -1.0430825647667064e-10 -0.022172003984451294
v 0.04468552768230438 0.012000000104308128 -0.023724859580397606
v 0.04468552768230438 0.012000000104308128 -0.023724859580397606
v 0.044672079384326935 -1.0430825647667064e-10 -0.022172003984451294
v 0.04468552768230438 -1.0430825647667064e-10 -0.023724859580397606
v 0.04468552768230438 0.012000000104308128 -0.023724859580397606
v 0.04468552768230438 -1.0430825647667064e-10 -0.023724859580397606
v 0.0454736053943634 0.012000000104308128 -0.02506294846534729
v 0.0454736053943634 0.012000000104308128 -0.02506294846534729
v 0.04468552768230438 -1.0430825647667064e-10 -0.023724859580397606
v 0.0454736053943634 -1.0430825647667064e-10 -0.02506294846534729
v 0.20989260077476501 -1.0430825647667064e-10 -0.10093144327402115
v 0.20969069004058838 -1.0430825647667064e-10 -0.10021296888589859
v 0.20989260077476501 0.012000000104308128 -0.10093144327402115
v 0.20989260077476501 0.012000000104308128 -0.10093144327402115
v 0.20969069004058838 -1.0430825647667064e-10 -0.10021296888589859
v 0.20969069004058838 0.012000000104308128 -0.10021296888589859
v 0.19199484586715698 0.012000000104308128 -0.1317417174577713
v 0.19199484586715698 -1.043082009655194e-10 -0.1317417174577713
v 0.19271332025527954 0.012000000104308128 -0.13153980672359467
v 0.19271332025527954 0.012000000104308128 -0.13153980672359467
v 0.19199484586715698 -1.043082009655194e-10 -0.1317417174577713
v 0.19271332025527954 -1.043082009655194e-10 -0.13153980672359467
v 0.23501387238502502 -1.043082009655194e-10 -0.1450110375881195
v 0.23501387238502502 0.012000000104308128 -0.1450110375881195
v 0.2355392426252365 -1.043082009655194e-10 -0.1459030956029892
v 0.2355392426252365 -1.043082009655194e-10 -0.1459030956029892
v 0.23501387238502502 0.012000000104308128 -0.1450110375881195
v 0.2355392426252365 0.012000000104308128 -0.1459030956029892
v 0.2355392426252365 -1.043082009655194e-10 -0.1459030956029892
v 0.2355392426252365 0.012000000104308128 -0.1459030956029892
v 0.2355482280254364 -1.043082009655194e-10 -0.14693833887577057
v 0.2355482280254364 -1.043082009655194e-10 -0.14693833887577057
v 0.2355392426252365 0.012000000104308128 -0.1459030956029892
v 0.2355482280254364 0.012000000104308128 -0.14693833887577057
v 0.2355482280254364 -1.043082009655194e-10 -0.14693833887577057
v 0.2355482280254364 0.012000000104308128 -0.14693833887577057
v 0.23503835499286652 -1.043082009655194e-10 -0.14783935248851776
v 0.23503835499286652 -1.043082009655194e-10 -0.14783935248851776
v 0.2355482280254364 0.012000000104308128 -0.14693833887577057
v 0.23503835499286652 0.012000000104308128 -0.14783935248851776
v 0.23503835499286652 -1.043082009655194e-10 -0.14783935248851776
v 0.23503835499286652 0.012000000104308128 -0.14783935248851776
v 0.23414631187915802 -1.043082009655194e-10 -0.14836475253105164
v 0.23414631187915802 -1.043082009655194e-10 -0.14836475253105164
v 0.23503835499286652 0.012000000104308128 -0.14783935248851776
v 0.23414631187915802 0.012000000104308128 -0.14836475253105164
v 0.23414631187915802 -1.043082009655194e-10 -0.14836475253105164
v 0.23414631187915802 0.012000000104308128 -0.14836475253105164
v 0.23311106860637665 -1.043082009655194e-10 -0.14837370812892914
v 0.23311106860637665 -1.043082009655194e-10 -0.14837370812892914
v 0.23414631187915802 0.012000000104308128 -0.14836475253105164
v 0.23311106860637665 0.012000000104308128 -0.14837370812892914
v 0.23311106860637665 -1.043082009655194e-10 -0.14837370812892914
v 0.23311106860637665 0.012000000104308128 -0.14837370812892914
v 0.23221005499362946 -1.043082009655194e-10 -0.14786386489868164
v 0.23221005499362946 -1.043082009655194e-10 -0.14786386489868164
v 0.23311106860637665 0.012000000104308128 -0.14837370812892914
v 0.23221005499362946 0.012000000104308128 -0.14786386489868164
v 0.23221005499362946 -1.043082009655194e-10 -0.14786386489868164
v 0.23221005499362946 0.012000000104308128 -0.14786386489868164
v 0.23168465495109558 -1.043082009655194e-10 -0.14697179198265076
v 0.23168465495109558 -1.043082009655194e-10 -0.14697179198265076
v 0.23221005499362946 0.012000000104308128 -0.14786386489868164
v 0.23168465495109558 0.012000000104308128 -0.14697179198265076
v 0.23168465495109558 -1.043082009655194e-10 -0.14697179198265076
v 0.23168465495109558 0.012000000104308128 -0.14697179198265076
v 0.23167569935321808 -1.043082009655194e-10 -0.14593656361103058
v 0.23167569935321808 -1.043082009655194e-10 -0.14593656361103058
v 0.23168465495109558 0.012000000104308128 -0.14697179198265076
v 0.23167569935321808 0.012000000104308128 -0.14593656361103058
v 0.23167569935321808 -1.043082009655194e-10 -0.14593656361103058
v 0.23167569935321808 0.012000000104308128 -0.14593656361103058
v 0.23218555748462677 -1.043082009655194e-10 -0.1450355350971222
v 0.23218555748462677 -1.043082009655194e-10 -0.1450355350971222
v 0.23167569935321808 0.012000000104308128 -0.14593656361103058
v 0.23218555748462677 0.012000000104308128 -0.1450355350971222
v 0.23218555748462677 -1.043082009655194e-10 -0.1450355350971222
v 0.23218555748462677 0.012000000104308128 -0.1450355350971222
v 0.23307761549949646 -1.043082009655194e-10 -0.1445101499557495
v 0.23307761549949646 -1.043082009655194e-10 -0.1445101499557495
v 0.23218555748462677 0.012000000104308128 -0.1450355350971222
v 0.23307761549949646 0.012000000104308128 -0.1445101499557495
v 0.23307761549949646 -1.043082009655194e-10 -0.1445101499557495
v 0.23307761549949646 0.012000000104308128 -0.1445101499557495
v 0.23411282896995544 -1.043082009655194e-10 -0.14450117945671082
v 0.23411282896995544 -1.043082009655194e-10 -0.14450117945671082
v 0.23307761549949646 0.012000000104308128 -0.1445101499557495
v 0.23411282896995544 0.012000000104308128 -0.14450117945671082
v 0.23411282896995544 -1.043082009655194e-10 -0.14450117945671082
v 0.23411282896995544 0.012000000104308128 -0.14450117945671082
v 0.23501387238502502 -1.043082009655194e-10 -0.1450110375881195
v 0.23501387238502502 -1.043082009655194e-10 -0.1450110375881195
v 0.23411282896995544 0.012000000104308128 -0.14450117945671082
v 0.23501387238502502 0.012000000104308128 -0.1450110375881195
v 0.21475115418434143 0.012000000104308128 -0.15070518851280212
v 0.21527652442455292 0.012000000104308128 -0.15159724652767181
v 0.21527652442455292 -1.043082009655194e-10 -0.15159724652767181
v 0.21527652442455292 -1.043082009655194e-10 -0.15159724652767181
v 0.21527652442455292 0.012000000104308128 -0.15159724652767181
v 0.21534916758537292 0.012000000104308128 -0.15211427211761475
v 0.21527652442455292 -1.043082009655194e-10 -0.15159724652767181
v 0.21534916758537292 0.012000000104308128 -0.15211427211761475
v 0.2152855098247528 -1.043082009655194e-10 -0.15263248980045319
v 0.2152855098247528 -1.043082009655194e-10 -0.15263248980045319
v 0.21534916758537292 0.012000000104308128 -0.15211427211761475
v 0.2152855098247528 0.012000000104308128 -0.15263248980045319
v 0.2152855098247528 -1.043082009655194e-10 -0.15263248980045319
v 0.2152855098247528 0.012000000104308128 -0.15263248980045319
v 0.21477565169334412 -1.043082009655194e-10 -0.15353351831436157
v 0.21477565169334412 -1.043082009655194e-10 -0.15353351831436157
v 0.2152855098247528 0.012000000104308128 -0.15263248980045319
v 0.21477565169334412 0.012000000104308128 -0.15353351831436157
v 0.21477565169334412 -1.043082009655194e-10 -0.15353351831436157
v 0.21477565169334412 0.012000000104308128 -0.15353351831436157
v 0.21388359367847443 -1.043082009655194e-10 -0.15405890345573425
v 0.21388359367847443 -1.043082009655194e-10 -0.15405890345573425
v 0.21477565169334412 0.012000000104308128 -0.15353351831436157
v 0.21388359367847443 0.012000000104308128 -0.15405890345573425
v 0.21388359367847443 -1.043082009655194e-10 -0.15405890345573425
v 0.21388359367847443 0.012000000104308128 -0.15405890345573425
v 0.21284835040569305 -1.043082009655194e-10 -0.15406785905361176
v 0.21284835040569305 -1.043082009655194e-10 -0.15406785905361176
v 0.21388359367847443 0.012000000104308128 -0.15405890345573425
v 0.21284835040569305 0.012000000104308128 -0.15406785905361176
v 0.21284835040569305 -1.043082009655194e-10 -0.15406785905361176
v 0.21284835040569305 0.012000000104308128 -0.15406785905361176
v 0.21194733679294586 -1.043082009655194e-10 -0.15355801582336426
v 0.21194733679294586 -1.043082009655194e-10 -0.15355801582336426
v 0.21284835040569305 0.012000000104308128 -0.15406785905361176
v 0.21194733679294586 0.012000000104308128 -0.15355801582336426
v 0.21194733679294586 -1.043082009655194e-10 -0.15355801582336426
v 0.21194733679294586 0.012000000104308128 -0.15355801582336426
v 0.211421936750412 -1.043082009655194e-10 -0.15266594290733337
v 0.211421936750412 -1.043082009655194e-10 -0.15266594290733337
v 0.21194733679294586 0.012000000104308128 -0.15355801582336426
v 0.211421936750412 0.012000000104308128 -0.15266594290733337
v 0.211421936750412 -1.043082009655194e-10 -0.15266594290733337
v 0.211421936750412 0.012000000104308128 -0.15266594290733337
v 0.21141298115253448 -1.043082009655194e-10 -0.1516307145357132
v 0.21141298115253448 -1.043082009655194e-10 -0.1516307145357132
v 0.211421936750412 0.012000000104308128 -0.15266594290733337
v 0.21141298115253448 0.012000000104308128 -0.1516307145357132
v 0.21141298115253448 -1.043082009655194e-10 -0.1516307145357132
v 0.21141298115253448 0.012000000104308128 -0.1516307145357132
v 0.21192283928394318 -1.043082009655194e-10 -0.1507296860218048
v 0.21192283928394318 -1.043082009655194e-10 -0.1507296860218048
v 0.21141298115253448 0.012000000104308128 -0.1516307145357132
v 0.21192283928394318 0.012000000104308128 -0.1507296860218048
v 0.21192283928394318 -1.043082009655194e-10 -0.1507296860218048
v 0.21192283928394318 0.012000000104308128 -0.1507296860218048
v 0.21281489729881287 -1.043082009655194e-10 -0.15020430088043213
v 0.21281489729881287 -1.043082009655194e-10 -0.15020430088043213
v 0.21192283928394318 0.012000000104308128 -0.1507296860218048
v 0.21281489729881287 0.012000000104308128 -0.15020430088043213
v 0.21281489729881287 -1.043082009655194e-10 -0.15020430088043213
v 0.21281489729881287 0.012000000104308128 -0.15020430088043213
v 0.21385012567043304 -1.043082009655194e-10 -0.15019533038139343
v 0.21385012567043304 -1.043082009655194e-10 -0.15019533038139343
v 0.21281489729881287 0.012000000104308128 -0.15020430088043213
v 0.21385012567043304 0.012000000104308128 -0.15019533038139343
v 0.21385012567043304 -1.043082009655194e-10 -0.15019533038139343
v 0.21385012567043304 0.012000000104308128 -0.15019533038139343
v 0.21475115418434143 -1.043082009655194e-10 -0.15070518851280212
v 0.21475115418434143 -1.043082009655194e-10 -0.15070518851280212
v 0.21385012567043304 0.012000000104308128 -0.15019533038139343
v 0.21475115418434143 0.012000000104308128 -0.15070518851280212
v 0.21475115418434143 -1.043082009655194e-10 -0.15070518851280212
v 0.21475115418434143 0.012000000104308128 -0.15070518851280212
v 0.21527652442455292 -1.043082009655194e-10 -0.15159724652767181
v 0.1963968724012375 -1.043082009655194e-10 -0.1404036581516266
v 0.1963968724012375 0.012000000104308128 -0.1404036581516266
v 0.19692225754261017 -1.043082009655194e-10 -0.14129571616649628
v 0.19692225754261017 -1.043082009655194e-10 -0.14129571616649628
v 0.1963968724012375 0.012000000104308128 -0.1404036581516266
v 0.19692225754261017 0.012000000104308128 -0.14129571616649628
v 0.19692225754261017 -1.043082009655194e-10 -0.14129571616649628
v 0.19692225754261017 0.012000000104308128 -0.14129571616649628
v 0.19693122804164886 -1.043082009655194e-10 -0.14233095943927765
v 0.19693122804164886 -1.043082009655194e-10 -0.14233095943927765
v 0.19692225754261017 0.012000000104308128 -0.14129571616649628
v 0.19693122804164886 0.012000000104308128 -0.14233095943927765
v 0.19693122804164886 -1.043082009655194e-10 -0.14233095943927765
v 0.19693122804164886 0.012000000104308128 -0.14233095943927765
v 0.19642136991024017 -1.043082009655194e-10 -0.14323198795318604
v 0.19642136991024017 -1.043082009655194e-10 -0.14323198795318604
v 0.19693122804164886 0.012000000104308128 -0.14233095943927765
v 0.19642136991024017 0.012000000104308128 -0.14323198795318604
v 0.19642136991024017 -1.043082009655194e-10 -0.14323198795318604
v 0.19642136991024017 0.012000000104308128 -0.14323198795318604
v 0.19552931189537048 -1.043082009655194e-10 -0.14375735819339752
v 0.19552931189537048 -1.043082009655194e-10 -0.14375735819339752
v 0.19642136991024017 0.012000000104308128 -0.14323198795318604
v 0.19552931189537048 0.012000000104308128 -0.14375735819339752
v 0.19552931189537048 -1.043082009655194e-10 -0.14375735819339752
v 0.19552931189537048 0.012000000104308128 -0.14375735819339752
v 0.1944940686225891 -1.043082009655194e-10 -0.14376632869243622
v 0.1944940686225891 -1.043082009655194e-10 -0.14376632869243622
v 0.19552931189537048 0.012000000104308128 -0.14375735819339752
v 0.1944940686225891 0.012000000104308128 -0.14376632869243622
v 0.1944940686225891 -1.043082009655194e-10 -0.14376632869243622
v 0.1944940686225891 0.012000000104308128 -0.14376632869243622
v 0.19359304010868073 -1.043082009655194e-10 -0.14325648546218872
v 0.19359304010868073 -1.043082009655194e-10 -0.14325648546218872
v 0.1944940686225891 0.012000000104308128 -0.14376632869243622
v 0.19359304010868073 0.012000000104308128 -0.14325648546218872
v 0.19359304010868073 -1.043082009655194e-10 -0.14325648546218872
v 0.19359304010868073 0.012000000104308128 -0.14325648546218872
v 0.19306765496730804 -1.043082009655194e-10 -0.14236441254615784
v 0.19306765496730804 -1.043082009655194e-10 -0.14236441254615784
v 0.19359304010868073 0.012000000104308128 -0.14325648546218872
v 0.19306765496730804 0.012000000104308128 -0.14236441254615784
v 0.19306765496730804 -1.043082009655194e-10 -0.14236441254615784
v 0.19306765496730804 0.012000000104308128 -0.14236441254615784
v 0.19305869936943054 -1.043082009655194e-10 -0.14132918417453766
v 0.19305869936943054 -1.043082009655194e-10 -0.14132918417453766
v 0.19306765496730804 0.012000000104308128 -0.14236441254615784
v 0.19305869936943054 0.012000000104308128 -0.14132918417453766
v 0.19305869936943054 -1.043082009655194e-10 -0.14132918417453766
v 0.19305869936943054 0.012000000104308128 -0.14132918417453766
v 0.19356854259967804 -1.043082009655194e-10 -0.14042815566062927
v 0.19356854259967804 -1.043082009655194e-10 -0.14042815566062927
v 0.19305869936943054 0.012000000104308128 -0.14132918417453766
v 0.19356854259967804 0.012000000104308128 -0.14042815566062927
v 0.19356854259967804 -1.043082009655194e-10 -0.14042815566062927
v 0.19356854259967804 0.012000000104308128 -0.14042815566062927
v 0.19446061551570892 -1.043082009655194e-10 -0.1399027705192566
v 0.19446061551570892 -1.043082009655194e-10 -0.1399027705192566
v 0.19356854259967804 0.012000000104308128 -0.14042815566062927
v 0.19446061551570892 0.012000000104308128 -0.1399027705192566
v 0.19446061551570892 -1.043082009655194e-10 -0.1399027705192566
v 0.19446061551570892 0.012000000104308128 -0.1399027705192566
v 0.1954958438873291 -1.043082009655194e-10 -0.1398938000202179
v 0.1954958438873291 -1.043082009655194e-10 -0.1398938000202179
v 0.19446061551570892 0.012000000104308128 -0.1399027705192566
v 0.1954958438873291 0.012000000104308128 -0.1398938000202179
v 0.1954958438873291 -1.043082009655194e-10 -0.1398938000202179
v 0.1954958438873291 0.012000000104308128 -0.1398938000202179
v 0.1963968724012375 -1.043082009655194e-10 -0.1404036581516266
v 0.1963968724012375 -1.043082009655194e-10 -0.1404036581516266
v 0.1954958438873291 0.012000000104308128 -0.1398938000202179
v 0.1963968724012375 0.012000000104308128 -0.1404036581516266
v 0.21846313774585724 0.012000000104308128 -0.09894533455371857
v 0.21793775260448456 0.012000000104308128 -0.09805327653884888
v 0.21793775260448456 -1.0430825647667064e-10 -0.09805327653884888
v 0.21793775260448456 -1.0430825647667064e-10 -0.09805327653884888
v 0.21793775260448456 0.012000000104308128 -0.09805327653884888
v 0.21786512434482574 0.012000000104308128 -0.09753625094890594
v 0.21793775260448456 -1.0430825647667064e-10 -0.09805327653884888
v 0.21786512434482574 0.012000000104308128 -0.09753625094890594
v 0.21792878210544586 -1.0430825647667064e-10 -0.0970180407166481
v 0.21792878210544586 -1.0430825647667064e-10 -0.0970180407166481
v 0.21786512434482574 0.012000000104308128 -0.09753625094890594
v 0.21792878210544586 0.012000000104308128 -0.0970180407166481
v 0.21792878210544586 -1.0430825647667064e-10 -0.0970180407166481
v 0.21792878210544586 0.012000000104308128 -0.0970180407166481
v 0.21843864023685455 -1.0430825647667064e-10 -0.09611701220273972
v 0.21843864023685455 -1.0430825647667064e-10 -0.09611701220273972
v 0.21792878210544586 0.012000000104308128 -0.0970180407166481
v 0.21843864023685455 0.012000000104308128 -0.09611701220273972
v 0.21843864023685455 -1.0430825647667064e-10 -0.09611701220273972
v 0.21843864023685455 0.012000000104308128 -0.09611701220273972
v 0.21933069825172424 -1.0430825647667064e-10 -0.09559162706136703
v 0.21933069825172424 -1.0430825647667064e-10 -0.09559162706136703
v 0.21843864023685455 0.012000000104308128 -0.09611701220273972
v 0.21933069825172424 0.012000000104308128 -0.09559162706136703
v 0.21933069825172424 -1.0430825647667064e-10 -0.09559162706136703
v 0.21933069825172424 0.012000000104308128 -0.09559162706136703
v 0.22036594152450562 -1.0430825647667064e-10 -0.09558266401290894
v 0.22036594152450562 -1.0430825647667064e-10 -0.09558266401290894
v 0.21933069825172424 0.012000000104308128 -0.09559162706136703
v 0.22036594152450562 0.012000000104308128 -0.09558266401290894
v 0.22036594152450562 -1.0430825647667064e-10 -0.09558266401290894
v 0.22036594152450562 0.012000000104308128 -0.09558266401290894
v 0.2212669551372528 -1.0430825647667064e-10 -0.09609252214431763
v 0.2212669551372528 -1.0430825647667064e-10 -0.09609252214431763
v 0.22036594152450562 0.012000000104308128 -0.09558266401290894
v 0.2212669551372528 0.012000000104308128 -0.09609252214431763
v 0.2212669551372528 -1.0430825647667064e-10 -0.09609252214431763
v 0.2212669551372528 0.012000000104308128 -0.09609252214431763
v 0.22179235517978668 -1.0430825647667064e-10 -0.09698457270860672
v 0.22179235517978668 -1.0430825647667064e-10 -0.09698457270860672
v 0.2212669551372528 0.012000000104308128 -0.09609252214431763
v 0.22179235517978668 0.012000000104308128 -0.09698457270860672
v 0.22179235517978668 -1.0430825647667064e-10 -0.09698457270860672
v 0.22179235517978668 0.012000000104308128 -0.09698457270860672
v 0.22180131077766418 -1.0430825647667064e-10 -0.0980198085308075
v 0.22180131077766418 -1.0430825647667064e-10 -0.0980198085308075
v 0.22179235517978668 0.012000000104308128 -0.09698457270860672
v 0.22180131077766418 0.012000000104308128 -0.0980198085308075
v 0.22180131077766418 -1.0430825647667064e-10 -0.0980198085308075
v 0.22180131077766418 0.012000000104308128 -0.0980198085308075
v 0.2212914675474167 -1.0430825647667064e-10 -0.09892083704471588
v 0.2212914675474167 -1.0430825647667064e-10 -0.09892083704471588
v 0.22180131077766418 0.012000000104308128 -0.0980198085308075
v 0.2212914675474167 0.012000000104308128 -0.09892083704471588
v 0.2212914675474167 -1.0430825647667064e-10 -0.09892083704471588
v 0.2212914675474167 0.012000000104308128 -0.09892083704471588
v 0.2203993946313858 -1.0430825647667064e-10 -0.09944622218608856
v 0.2203993946313858 -1.0430825647667064e-10 -0.09944622218608856
v 0.2212914675474167 0.012000000104308128 -0.09892083704471588
v 0.2203993946313858 0.012000000104308128 -0.09944622218608856
v 0.2203993946313858 -1.0430825647667064e-10 -0.09944622218608856
v 0.2203993946313858 0.012000000104308128 -0.09944622218608856
v 0.21936416625976562 -1.0430825647667064e-10 -0.09945519268512726
v 0.21936416625976562 -1.0430825647667064e-10 -0.09945519268512726
v 0.2203993946313858 0.012000000104308128 -0.09944622218608856
v 0.21936416625976562 0.012000000104308128 -0.09945519268512726
v 0.21936416625976562 -1.0430825647667064e-10 -0.09945519268512726
v 0.21936416625976562 0.012000000104308128 -0.09945519268512726
v 0.21846313774585724 -1.0430825647667064e-10 -0.09894533455371857
v 0.21846313774585724 -1.0430825647667064e-10 -0.09894533455371857
v 0.21936416625976562 0.012000000104308128 -0.09945519268512726
v 0.21846313774585724 0.012000000104308128 -0.09894533455371857
v 0.21846313774585724 -1.0430825647667064e-10 -0.09894533455371857
v 0.21846313774585724 0.012000000104308128 -0.09894533455371857
v 0.21793775260448456 -1.0430825647667064e-10 -0.09805327653884888
v 0.23962123692035675 -1.0430825647667064e-10 -0.10639404505491257
v 0.23962123692035675 0.012000000104308128 -0.10639404505491257
v 0.24014662206172943 -1.0430825647667064e-10 -0.10728610306978226
v 0.24014662206172943 -1.0430825647667064e-10 -0.10728610306978226
v 0.23962123692035675 0.012000000104308128 -0.10639404505491257
v 0.24014662206172943 0.012000000104308128 -0.10728610306978226
v 0.24014662206172943 -1.0430825647667064e-10 -0.10728610306978226
v 0.24014662206172943 0.012000000104308128 -0.10728610306978226
v 0.24015559256076813 -1.0430825647667064e-10 -0.10832133889198303
v 0.24015559256076813 -1.0430825647667064e-10 -0.10832133889198303
v 0.24014662206172943 0.012000000104308128 -0.10728610306978226
v 0.24015559256076813 0.012000000104308128 -0.10832133889198303
v 0.24015559256076813 -1.0430825647667064e-10 -0.10832133889198303
v 0.24015559256076813 0.012000000104308128 -0.10832133889198303
v 0.23964573442935944 -1.0430825647667064e-10 -0.10922236740589142
v 0.23964573442935944 -1.0430825647667064e-10 -0.10922236740589142
v 0.24015559256076813 0.012000000104308128 -0.10832133889198303
v 0.23964573442935944 0.012000000104308128 -0.10922236740589142
v 0.23964573442935944 -1.0430825647667064e-10 -0.10922236740589142
v 0.23964573442935944 0.012000000104308128 -0.10922236740589142
v 0.23875367641448975 -1.0430825647667064e-10 -0.1097477450966835
v 0.23875367641448975 -1.0430825647667064e-10 -0.1097477450966835
v 0.23964573442935944 0.012000000104308128 -0.10922236740589142
v 0.23875367641448975 0.012000000104308128 -0.1097477450966835
v 0.23875367641448975 -1.0430825647667064e-10 -0.1097477450966835
v 0.23875367641448975 0.012000000104308128 -0.1097477450966835
v 0.23771843314170837 -1.0430825647667064e-10 -0.1097567155957222
v 0.23771843314170837 -1.0430825647667064e-10 -0.1097567155957222
v 0.23875367641448975 0.012000000104308128 -0.1097477450966835
v 0.23771843314170837 0.012000000104308128 -0.1097567155957222
v 0.23771843314170837 -1.0430825647667064e-10 -0.1097567155957222
v 0.23771843314170837 0.012000000104308128 -0.1097567155957222
v 0.2368174046278 -1.0430825647667064e-10 -0.10924685746431351
v 0.2368174046278 -1.0430825647667064e-10 -0.10924685746431351
v 0.23771843314170837 0.012000000104308128 -0.1097567155957222
v 0.2368174046278 0.012000000104308128 -0.10924685746431351
v 0.2368174046278 -1.0430825647667064e-10 -0.10924685746431351
v 0.2368174046278 0.012000000104308128 -0.10924685746431351
v 0.2362920343875885 -1.0430825647667064e-10 -0.10835479944944382
v 0.2362920343875885 -1.0430825647667064e-10 -0.10835479944944382
v 0.2368174046278 0.012000000104308128 -0.10924685746431351
v 0.2362920343875885 0.012000000104308128 -0.10835479944944382
v 0.2362920343875885 -1.0430825647667064e-10 -0.10835479944944382
v 0.2362920343875885 0.012000000104308128 -0.10835479944944382
v 0.2362830638885498 -1.0430825647667064e-10 -0.10731956362724304
v 0.2362830638885498 -1.0430825647667064e-10 -0.10731956362724304
v 0.2362920343875885 0.012000000104308128 -0.10835479944944382
v 0.2362830638885498 0.012000000104308128 -0.10731956362724304
v 0.2362830638885498 -1.0430825647667064e-10 -0.10731956362724304
v 0.2362830638885498 0.012000000104308128 -0.10731956362724304
v 0.2367929220199585 -1.0430825647667064e-10 -0.10641853511333466
v 0.2367929220199585 -1.0430825647667064e-10 -0.10641853511333466
v 0.2362830638885498 0.012000000104308128 -0.10731956362724304
v 0.2367929220199585 0.012000000104308128 -0.10641853511333466
v 0.2367929220199585 -1.0430825647667064e-10 -0.10641853511333466
v 0.2367929220199585 0.012000000104308128 -0.10641853511333466
v 0.237684965133667 -1.0430825647667064e-10 -0.10589315742254257
v 0.237684965133667 -1.0430825647667064e-10 -0.10589315742254257
v 0.2367929220199585 0.012000000104308128 -0.10641853511333466
v 0.237684965133667 0.012000000104308128 -0.10589315742254257
v 0.237684965133667 -1.0430825647667064e-10 -0.10589315742254257
v 0.237684965133667 0.012000000104308128 -0.10589315742254257
v 0.23872020840644836 -1.0430825647667064e-10 -0.10588418692350388
v 0.23872020840644836 -1.0430825647667064e-10 -0.10588418692350388
v 0.237684965133667 0.012000000104308128 -0.10589315742254257
v 0.23872020840644836 0.012000000104308128 -0.10588418692350388
v 0.23872020840644836 -1.0430825647667064e-10 -0.10588418692350388
v 0.23872020840644836 0.012000000104308128 -0.10588418692350388
v 0.23962123692035675 -1.0430825647667064e-10 -0.10639404505491257
v 0.23962123692035675 -1.0430825647667064e-10 -0.10639404505491257
v 0.23872020840644836 0.012000000104308128 -0.10588418692350388
v 0.23962123692035675 0.012000000104308128 -0.10639404505491257
v 0.24248705804347992 0.012000000104308128 -0.12668125331401825
v 0.2433791309595108 0.012000000104308128 -0.12615586817264557
v 0.2433791309595108 -1.0430822872109502e-10 -0.12615586817264557
v 0.2433791309595108 -1.0430822872109502e-10 -0.12615586817264557
v 0.2433791309595108 0.012000000104308128 -0.12615586817264557
v 0.24389615654945374 0.012000000104308128 -0.12608323991298676
v 0.2433791309595108 -1.0430822872109502e-10 -0.12615586817264557
v 0.24389615654945374 0.012000000104308128 -0.12608323991298676
v 0.24441437423229218 -1.0430822872109502e-10 -0.12614691257476807
v 0.24441437423229218 -1.0430822872109502e-10 -0.12614691257476807
v 0.24389615654945374 0.012000000104308128 -0.12608323991298676
v 0.24441437423229218 0.012000000104308128 -0.12614691257476807
v 0.24441437423229218 -1.0430822872109502e-10 -0.12614691257476807
v 0.24441437423229218 0.012000000104308128 -0.12614691257476807
v 0.24531538784503937 -1.0430822872109502e-10 -0.12665675580501556
v 0.24531538784503937 -1.0430822872109502e-10 -0.12665675580501556
v 0.24441437423229218 0.012000000104308128 -0.12614691257476807
v 0.24531538784503937 0.012000000104308128 -0.12665675580501556
v 0.24531538784503937 -1.0430822872109502e-10 -0.12665675580501556
v 0.24531538784503937 0.012000000104308128 -0.12665675580501556
v 0.24584078788757324 -1.0430822872109502e-10 -0.12754882872104645
v 0.24584078788757324 -1.0430822872109502e-10 -0.12754882872104645
v 0.24531538784503937 0.012000000104308128 -0.12665675580501556
v 0.24584078788757324 0.012000000104308128 -0.12754882872104645
v 0.24584078788757324 -1.0430822872109502e-10 -0.12754882872104645
v 0.24584078788757324 0.012000000104308128 -0.12754882872104645
v 0.24584974348545074 -1.0430822872109502e-10 -0.12858405709266663
v 0.24584974348545074 -1.0430822872109502e-10 -0.12858405709266663
v 0.24584078788757324 0.012000000104308128 -0.12754882872104645
v 0.24584974348545074 0.012000000104308128 -0.12858405709266663
v 0.24584974348545074 -1.0430822872109502e-10 -0.12858405709266663
v 0.24584974348545074 0.012000000104308128 -0.12858405709266663
v 0.24533988535404205 -1.0430822872109502e-10 -0.129485085606575
v 0.24533988535404205 -1.0430822872109502e-10 -0.129485085606575
v 0.24584974348545074 0.012000000104308128 -0.12858405709266663
v 0.24533988535404205 0.012000000104308128 -0.129485085606575
v 0.24533988535404205 -1.0430822872109502e-10 -0.129485085606575
v 0.24533988535404205 0.012000000104308128 -0.129485085606575
v 0.24444782733917236 -1.0430822872109502e-10 -0.1300104558467865
v 0.24444782733917236 -1.0430822872109502e-10 -0.1300104558467865
v 0.24533988535404205 0.012000000104308128 -0.129485085606575
v 0.24444782733917236 0.012000000104308128 -0.1300104558467865
v 0.24444782733917236 -1.0430822872109502e-10 -0.1300104558467865
v 0.24444782733917236 0.012000000104308128 -0.1300104558467865
v 0.24341259896755219 -1.0430822872109502e-10 -0.1300194412469864
v 0.24341259896755219 -1.0430822872109502e-10 -0.1300194412469864
v 0.24444782733917236 0.012000000104308128 -0.1300104558467865
v 0.24341259896755219 0.012000000104308128 -0.1300194412469864
v 0.24341259896755219 -1.0430822872109502e-10 -0.1300194412469864
v 0.24341259896755219 0.012000000104308128 -0.1300194412469864
v 0.2425115704536438 -1.0430822872109502e-10 -0.1295095682144165
v 0.2425115704536438 -1.0430822872109502e-10 -0.1295095682144165
v 0.24341259896755219 0.012000000104308128 -0.1300194412469864
v 0.2425115704536438 0.012000000104308128 -0.1295095682144165
v 0.2425115704536438 -1.0430822872109502e-10 -0.1295095682144165
v 0.2425115704536438 0.012000000104308128 -0.1295095682144165
v 0.24198618531227112 -1.0430822872109502e-10 -0.128617525100708
v 0.24198618531227112 -1.0430822872109502e-10 -0.128617525100708
v 0.2425115704536438 0.012000000104308128 -0.1295095682144165
v 0.24198618531227112 0.012000000104308128 -0.128617525100708
v 0.24198618531227112 -1.0430822872109502e-10 -0.128617525100708
v 0.24198618531227112 0.012000000104308128 -0.128617525100708
v 0.24197721481323242 -1.0430822872109502e-10 -0.12758226692676544
v 0.24197721481323242 -1.0430822872109502e-10 -0.12758226692676544
v 0.24198618531227112 0.012000000104308128 -0.128617525100708
v 0.24197721481323242 0.012000000104308128 -0.12758226692676544
v 0.24197721481323242 -1.0430822872109502e-10 -0.12758226692676544
v 0.24197721481323242 0.012000000104308128 -0.12758226692676544
v 0.24248705804347992 -1.0430822872109502e-10 -0.12668125331401825
v 0.24248705804347992 -1.0430822872109502e-10 -0.12668125331401825
v 0.24197721481323242 0.012000000104308128 -0.12758226692676544
v 0.24248705804347992 0.012000000104308128 -0.12668125331401825
v 0.24248705804347992 -1.0430822872109502e-10 -0.12668125331401825
v 0.24248705804347992 0.012000000104308128 -0.12668125331401825
v 0.2433791309595108 -1.0430822872109502e-10 -0.12615586817264557
v 0.21037150919437408 -1.0430825647667064e-10 -0.10190749168395996
v 0.20989260077476501 -1.0430825647667064e-10 -0.10093144327402115
v 0.21037150919437408 0.001199999707750976 -0.10190749168395996
v 0.21037150919437408 0.001199999707750976 -0.10190749168395996
v 0.20989260077476501 -1.0430825647667064e-10 -0.10093144327402115
v 0.20989260077476501 0.012000000104308128 -0.10093144327402115
v 0.21037150919437408 0.001199999707750976 -0.10190749168395996
v 0.20989260077476501 0.012000000104308128 -0.10093144327402115
v 0.21060094237327576 0.001199999707750976 -0.10218103975057602
v 0.21060094237327576 0.001199999707750976 -0.10218103975057602
v 0.20989260077476501 0.012000000104308128 -0.10093144327402115
v 0.21060094237327576 0.012000000104308128 -0.10218103975057602
v 0.21060094237327576 0.001199999707750976 -0.10218103975057602
v 0.21060094237327576 0.012000000104308128 -0.10218103975057602
v 0.21115779876708984 0.001199999707750976 -0.1026429533958435
v 0.21115779876708984 0.001199999707750976 -0.1026429533958435
v 0.21060094237327576 0.012000000104308128 -0.10218103975057602
v 0.21180903911590576 0.012000000104308128 -0.10295811295509338
v 0.21115779876708984 0.001199999707750976 -0.1026429533958435
v 0.21180903911590576 0.012000000104308128 -0.10295811295509338
v 0.21180903911590576 0.001199999707750976 -0.10295811295509338
v 0.21180903911590576 0.001199999707750976 -0.10295811295509338
v 0.21180903911590576 0.012000000104308128 -0.10295811295509338
v 0.2132398933172226 0.012000000104308128 -0.10308448225259781
v 0.21180903911590576 0.001199999707750976 -0.10295811295509338
v 0.2132398933172226 0.012000000104308128 -0.10308448225259781
v 0.2132398933172226 0.001199999707750976 -0.10308448225259781
v 0.19629479944705963 0.001199999707750976 -0.13327562808990479
v 0.19629479944705963 0.012000000104308128 -0.13327562808990479
v 0.1954415887594223 0.012000000104308128 -0.1321200430393219
v 0.19414900243282318 0.012000000104308128 -0.13149358332157135
v 0.19271332025527954 0.012000000104308128 -0.13153980672359467
v 0.19379596412181854 0.001199999707750976 -0.13144022226333618
v 0.19379596412181854 0.001199999707750976 -0.13144022226333618
v 0.19271332025527954 0.012000000104308128 -0.13153980672359467
v 0.19271332025527954 -1.043082009655194e-10 -0.13153980672359467
v 0.19379596412181854 0.001199999707750976 -0.13144022226333618
v 0.19271332025527954 -1.043082009655194e-10 -0.13153980672359467
v 0.19379596412181854 -1.043082009655194e-10 -0.13144022226333618
v 0.19379596412181854 0.001199999707750976 -0.13144022226333618
v 0.19414900243282318 0.001199999707750976 -0.13149358332157135
v 0.19414900243282318 0.012000000104308128 -0.13149358332157135
v 0.19414900243282318 0.012000000104308128 -0.13149358332157135
v 0.19414900243282318 0.001199999707750976 -0.13149358332157135
v 0.19483333826065063 0.001199999707750976 -0.13172830641269684
v 0.19414900243282318 0.012000000104308128 -0.13149358332157135
v 0.19483333826065063 0.001199999707750976 -0.13172830641269684
v 0.1954415887594223 0.012000000104308128 -0.1321200430393219
v 0.1954415887594223 0.012000000104308128 -0.1321200430393219
v 0.19483333826065063 0.001199999707750976 -0.13172830641269684
v 0.1954415887594223 0.001199999707750976 -0.1321200430393219
v 0.1954415887594223 0.012000000104308128 -0.1321200430393219
v 0.1954415887594223 0.001199999707750976 -0.1321200430393219
v 0.19629479944705963 0.001199999707750976 -0.13327562808990479
v 0.08089489489793777 -1.0430822872109502e-10 -0.06026625260710716
v 0.07992134988307953 -1.0430822872109502e-10 -0.06201330944895744
v 0.08089489489793777 0.006000000052154064 -0.06026625260710716
v 0.08089489489793777 0.006000000052154064 -0.06026625260710716
v 0.07992134988307953 -1.0430822872109502e-10 -0.06201330944895744
v 0.07992134988307953 0.008999999612569809 -0.06201330944895744
v 0.08089489489793777 0.006000000052154064 -0.06026625260710716
v 0.07992134988307953 0.008999999612569809 -0.06201330944895744
v 0.09063037484884262 0.006000000052154064 -0.04279569908976555
v 0.09063037484884262 0.006000000052154064 -0.04279569908976555
v 0.07992134988307953 0.008999999612569809 -0.06201330944895744
v 0.09160392731428146 0.008999999612569809 -0.04104864224791527
v 0.09063037484884262 0.006000000052154064 -0.04279569908976555
v 0.09160392731428146 0.008999999612569809 -0.04104864224791527
v 0.09063037484884262 -1.0430825647667064e-10 -0.04279569908976555
v 0.09063037484884262 -1.0430825647667064e-10 -0.04279569908976555
v 0.09160392731428146 0.008999999612569809 -0.04104864224791527
v 0.09160392731428146 -1.0430825647667064e-10 -0.04104864224791527
v 0.08108160644769669 -1.0430822872109502e-10 -0.06609421223402023
v 0.11951684206724167 -1.0430822872109502e-10 -0.08751227706670761
v 0.08108160644769669 0.008999999612569809 -0.06609421223402023
v 0.08108160644769669 0.008999999612569809 -0.06609421223402023
v 0.11951684206724167 -1.0430822872109502e-10 -0.08751227706670761
v 0.11951684206724167 0.008999999612569809 -0.08751227706670761
v 0.13455015420913696 -1.0430825647667064e-10 -0.0666976347565651
v 0.1352803260087967 -1.0430825647667064e-10 -0.06538734585046768
v 0.13455015420913696 0.006000000052154064 -0.0666976347565651
v 0.13455015420913696 0.006000000052154064 -0.0666976347565651
v 0.1352803260087967 -1.0430825647667064e-10 -0.06538734585046768
v 0.1352803260087967 0.008999999612569809 -0.06538734585046768
v 0.13455015420913696 0.006000000052154064 -0.0666976347565651
v 0.1352803260087967 0.008999999612569809 -0.06538734585046768
v 0.12432790547609329 0.006000000052154064 -0.08504172414541245
v 0.12432790547609329 0.006000000052154064 -0.08504172414541245
v 0.1352803260087967 0.008999999612569809 -0.06538734585046768
v 0.12359774112701416 0.008999999612569809 -0.08635200560092926
v 0.12432790547609329 0.006000000052154064 -0.08504172414541245
v 0.12359774112701416 0.008999999612569809 -0.08635200560092926
v 0.12432790547609329 -1.0430822872109502e-10 -0.08504172414541245
v 0.12432790547609329 -1.0430822872109502e-10 -0.08504172414541245
v 0.12359774112701416 0.008999999612569809 -0.08635200560092926
v 0.12359774112701416 -1.0430822872109502e-10 -0.08635200560092926
v 0.13412006199359894 -1.0430825647667064e-10 -0.061306439340114594
v 0.09568483382463455 -1.0430825647667064e-10 -0.039888378232717514
v 0.13412006199359894 0.008999999612569809 -0.061306439340114594
v 0.13412006199359894 0.008999999612569809 -0.061306439340114594
v 0.09568483382463455 -1.0430825647667064e-10 -0.039888378232717514
v 0.09568483382463455 0.008999999612569809 -0.039888378232717514
v 0.09257786720991135 0.008999999612569809 -0.043918024748563766
v 0.09302838146686554 0.008999999612569809 -0.04417295381426811
v 0.09568483382463455 0.008999999612569809 -0.039888378232717514
v 0.09304063022136688 0.008999999612569809 -0.04558711498975754
v 0.08426644653081894 0.008999999612569809 -0.05989645794034004
v 0.08452913910150528 0.008999999612569809 -0.06034248694777489
v 0.12278177589178085 0.008999999612569809 -0.08164820075035095
v 0.12329939752817154 0.008999999612569809 -0.0816437229514122
v 0.13252408802509308 0.008999999612569809 -0.06758929789066315
v 0.09160392731428146 0.008999999612569809 -0.04104864224791527
v 0.09206024557352066 0.008999999612569809 -0.043922509998083115
v 0.09268517792224884 0.008999999612569809 -0.03993399441242218
v 0.09268517792224884 0.008999999612569809 -0.03993399441242218
v 0.09206024557352066 0.008999999612569809 -0.043922509998083115
v 0.09257786720991135 0.008999999612569809 -0.043918024748563766
v 0.09268517792224884 0.008999999612569809 -0.03993399441242218
v 0.09257786720991135 0.008999999612569809 -0.043918024748563766
v 0.09417890012264252 0.008999999612569809 -0.03950931131839752
v 0.09417890012264252 0.008999999612569809 -0.03950931131839752
v 0.09257786720991135 0.008999999612569809 -0.043918024748563766
v 0.09568483382463455 0.008999999612569809 -0.039888378232717514
v 0.09302838146686554 0.008999999612569809 -0.04417295381426811
v 0.09329107403755188 0.008999999612569809 -0.04461898282170296
v 0.13110992312431335 0.008999999612569809 -0.06760154664516449
v 0.13110992312431335 0.008999999612569809 -0.06760154664516449
v 0.09329107403755188 0.008999999612569809 -0.04461898282170296
v 0.09329555183649063 0.008999999612569809 -0.045136600732803345
v 0.09302838146686554 0.008999999612569809 -0.04417295381426811
v 0.13110992312431335 0.008999999612569809 -0.06760154664516449
v 0.09568483382463455 0.008999999612569809 -0.039888378232717514
v 0.09568483382463455 0.008999999612569809 -0.039888378232717514
v 0.13110992312431335 0.008999999612569809 -0.06760154664516449
v 0.1308472454547882 0.008999999612569809 -0.06715552508831024
v 0.09568483382463455 0.008999999612569809 -0.039888378232717514
v 0.1308472454547882 0.008999999612569809 -0.06715552508831024
v 0.13084274530410767 0.008999999612569809 -0.06663790345191956
v 0.08329831808805466 0.008999999612569809 -0.059646014124155045
v 0.09160392731428146 0.008999999612569809 -0.04104864224791527
v 0.08285228908061981 0.008999999612569809 -0.059908702969551086
v 0.08285228908061981 0.008999999612569809 -0.059908702969551086
v 0.09160392731428146 0.008999999612569809 -0.04104864224791527
v 0.07992134988307953 0.008999999612569809 -0.06201330944895744
v 0.13251183927059174 0.008999999612569809 -0.06617514044046402
v 0.13277453184127808 0.008999999612569809 -0.06662117689847946
v 0.1352803260087967 0.008999999612569809 -0.06538734585046768
v 0.08329831808805466 0.008999999612569809 -0.059646014124155045
v 0.09135928750038147 0.008999999612569809 -0.04463571682572365
v 0.09160392731428146 0.008999999612569809 -0.04104864224791527
v 0.09160392731428146 0.008999999612569809 -0.04104864224791527
v 0.09135928750038147 0.008999999612569809 -0.04463571682572365
v 0.09161422401666641 0.008999999612569809 -0.04418520629405975
v 0.09160392731428146 0.008999999612569809 -0.04104864224791527
v 0.09161422401666641 0.008999999612569809 -0.04418520629405975
v 0.09206024557352066 0.008999999612569809 -0.043922509998083115
v 0.13084274530410767 0.008999999612569809 -0.06663790345191956
v 0.131097674369812 0.008999999612569809 -0.06618738919496536
v 0.09568483382463455 0.008999999612569809 -0.039888378232717514
v 0.09568483382463455 0.008999999612569809 -0.039888378232717514
v 0.131097674369812 0.008999999612569809 -0.06618738919496536
v 0.13154371082782745 0.008999999612569809 -0.06592469662427902
v 0.09568483382463455 0.008999999612569809 -0.039888378232717514
v 0.13154371082782745 0.008999999612569809 -0.06592469662427902
v 0.13412006199359894 0.008999999612569809 -0.061306439340114594
v 0.13412006199359894 0.008999999612569809 -0.061306439340114594
v 0.13154371082782745 0.008999999612569809 -0.06592469662427902
v 0.13206133246421814 0.008999999612569809 -0.06592021882534027
v 0.13412006199359894 0.008999999612569809 -0.061306439340114594
v 0.13206133246421814 0.008999999612569809 -0.06592021882534027
v 0.13523471355438232 0.008999999612569809 -0.06238768994808197
v 0.13523471355438232 0.008999999612569809 -0.06238768994808197
v 0.13206133246421814 0.008999999612569809 -0.06592021882534027
v 0.13251183927059174 0.008999999612569809 -0.06617514044046402
v 0.13523471355438232 0.008999999612569809 -0.06238768994808197
v 0.13251183927059174 0.008999999612569809 -0.06617514044046402
v 0.13565939664840698 0.008999999612569809 -0.06388140469789505
v 0.13565939664840698 0.008999999612569809 -0.06388140469789505
v 0.13251183927059174 0.008999999612569809 -0.06617514044046402
v 0.1352803260087967 0.008999999612569809 -0.06538734585046768
v 0.08286453783512115 0.008999999612569809 -0.06132286787033081
v 0.08260184526443481 0.008999999612569809 -0.06087683513760567
v 0.07992134988307953 0.008999999612569809 -0.06201330944895744
v 0.07992134988307953 0.008999999612569809 -0.06201330944895744
v 0.08260184526443481 0.008999999612569809 -0.06087683513760567
v 0.08259736001491547 0.008999999612569809 -0.06035921722650528
v 0.07992134988307953 0.008999999612569809 -0.06201330944895744
v 0.08259736001491547 0.008999999612569809 -0.06035921722650528
v 0.08285228908061981 0.008999999612569809 -0.059908702969551086
v 0.12329939752817154 0.008999999612569809 -0.0816437229514122
v 0.12374990433454514 0.008999999612569809 -0.08189864456653595
v 0.13252408802509308 0.008999999612569809 -0.06758929789066315
v 0.13252408802509308 0.008999999612569809 -0.06758929789066315
v 0.12374990433454514 0.008999999612569809 -0.08189864456653595
v 0.1352803260087967 0.008999999612569809 -0.06538734585046768
v 0.13252408802509308 0.008999999612569809 -0.06758929789066315
v 0.1352803260087967 0.008999999612569809 -0.06538734585046768
v 0.13277901709079742 0.008999999612569809 -0.06713878363370895
v 0.13277901709079742 0.008999999612569809 -0.06713878363370895
v 0.1352803260087967 0.008999999612569809 -0.06538734585046768
v 0.13277453184127808 0.008999999612569809 -0.06662117689847946
v 0.12374990433454514 0.008999999612569809 -0.08189864456653595
v 0.12401260435581207 0.008999999612569809 -0.08234468102455139
v 0.1352803260087967 0.008999999612569809 -0.06538734585046768
v 0.1352803260087967 0.008999999612569809 -0.06538734585046768
v 0.12401260435581207 0.008999999612569809 -0.08234468102455139
v 0.12401708215475082 0.008999999612569809 -0.08286228775978088
v 0.1352803260087967 0.008999999612569809 -0.06538734585046768
v 0.12401708215475082 0.008999999612569809 -0.08286228775978088
v 0.12359774112701416 0.008999999612569809 -0.08635200560092926
v 0.12279851734638214 0.008999999612569809 -0.08357997983694077
v 0.12234799563884735 0.008999999612569809 -0.08332505077123642
v 0.11951684206724167 0.008999999612569809 -0.08751227706670761
v 0.11951684206724167 0.008999999612569809 -0.08751227706670761
v 0.12234799563884735 0.008999999612569809 -0.08332505077123642
v 0.08383266627788544 0.008999999612569809 -0.06157331168651581
v 0.11951684206724167 0.008999999612569809 -0.08751227706670761
v 0.08383266627788544 0.008999999612569809 -0.06157331168651581
v 0.08108160644769669 0.008999999612569809 -0.06609421223402023
v 0.08108160644769669 0.008999999612569809 -0.06609421223402023
v 0.08383266627788544 0.008999999612569809 -0.06157331168651581
v 0.08331504464149475 0.008999999612569809 -0.06157779321074486
v 0.08108160644769669 0.008999999612569809 -0.06609421223402023
v 0.08331504464149475 0.008999999612569809 -0.06157779321074486
v 0.0799669623374939 0.008999999612569809 -0.06501296162605286
v 0.0799669623374939 0.008999999612569809 -0.06501296162605286
v 0.08331504464149475 0.008999999612569809 -0.06157779321074486
v 0.08286453783512115 0.008999999612569809 -0.06132286787033081
v 0.0799669623374939 0.008999999612569809 -0.06501296162605286
v 0.08286453783512115 0.008999999612569809 -0.06132286787033081
v 0.07954227924346924 0.008999999612569809 -0.06351925432682037
v 0.07954227924346924 0.008999999612569809 -0.06351925432682037
v 0.08286453783512115 0.008999999612569809 -0.06132286787033081
v 0.07992134988307953 0.008999999612569809 -0.06201330944895744
v 0.09304063022136688 0.008999999612569809 -0.04558711498975754
v 0.09259459376335144 0.008999999612569809 -0.04584980756044388
v 0.08426644653081894 0.008999999612569809 -0.05989645794034004
v 0.08426644653081894 0.008999999612569809 -0.05989645794034004
v 0.09259459376335144 0.008999999612569809 -0.04584980756044388
v 0.09207697957754135 0.008999999612569809 -0.04585428908467293
v 0.08426644653081894 0.008999999612569809 -0.05989645794034004
v 0.09207697957754135 0.008999999612569809 -0.04585428908467293
v 0.08381593227386475 0.008999999612569809 -0.059641528874635696
v 0.08381593227386475 0.008999999612569809 -0.059641528874635696
v 0.09207697957754135 0.008999999612569809 -0.04585428908467293
v 0.09162646532058716 0.008999999612569809 -0.04559936001896858
v 0.08381593227386475 0.008999999612569809 -0.059641528874635696
v 0.09162646532058716 0.008999999612569809 -0.04559936001896858
v 0.08329831808805466 0.008999999612569809 -0.059646014124155045
v 0.08329831808805466 0.008999999612569809 -0.059646014124155045
v 0.09162646532058716 0.008999999612569809 -0.04559936001896858
v 0.09136377274990082 0.008999999612569809 -0.045153334736824036
v 0.08329831808805466 0.008999999612569809 -0.059646014124155045
v 0.09136377274990082 0.008999999612569809 -0.045153334736824036
v 0.09135928750038147 0.008999999612569809 -0.04463571682572365
v 0.12401708215475082 0.008999999612569809 -0.08286228775978088
v 0.12376216053962708 0.008999999612569809 -0.08331280201673508
v 0.12359774112701416 0.008999999612569809 -0.08635200560092926
v 0.12359774112701416 0.008999999612569809 -0.08635200560092926
v 0.12376216053962708 0.008999999612569809 -0.08331280201673508
v 0.12331612408161163 0.008999999612569809 -0.08357549458742142
v 0.12359774112701416 0.008999999612569809 -0.08635200560092926
v 0.12331612408161163 0.008999999612569809 -0.08357549458742142
v 0.12251649051904678 0.008999999612569809 -0.08746665716171265
v 0.12251649051904678 0.008999999612569809 -0.08746665716171265
v 0.12331612408161163 0.008999999612569809 -0.08357549458742142
v 0.12279851734638214 0.008999999612569809 -0.08357997983694077
v 0.12251649051904678 0.008999999612569809 -0.08746665716171265
v 0.12279851734638214 0.008999999612569809 -0.08357997983694077
v 0.1210227757692337 0.008999999612569809 -0.0878913402557373
v 0.1210227757692337 0.008999999612569809 -0.0878913402557373
v 0.12279851734638214 0.008999999612569809 -0.08357997983694077
v 0.11951684206724167 0.008999999612569809 -0.08751227706670761
v 0.12278177589178085 0.008999999612569809 -0.08164820075035095
v 0.13252408802509308 0.008999999612569809 -0.06758929789066315
v 0.12233574688434601 0.008999999612569809 -0.0819108858704567
v 0.12233574688434601 0.008999999612569809 -0.0819108858704567
v 0.13252408802509308 0.008999999612569809 -0.06758929789066315
v 0.13207805156707764 0.008999999612569809 -0.06785199046134949
v 0.12233574688434601 0.008999999612569809 -0.0819108858704567
v 0.13207805156707764 0.008999999612569809 -0.06785199046134949
v 0.13156044483184814 0.008999999612569809 -0.06785648316144943
v 0.12234799563884735 0.008999999612569809 -0.08332505077123642
v 0.12208531051874161 0.008999999612569809 -0.08287902921438217
v 0.08383266627788544 0.008999999612569809 -0.06157331168651581
v 0.08383266627788544 0.008999999612569809 -0.06157331168651581
v 0.12208531051874161 0.008999999612569809 -0.08287902921438217
v 0.12208081781864166 0.008999999612569809 -0.08236140012741089
v 0.08383266627788544 0.008999999612569809 -0.06157331168651581
v 0.12208081781864166 0.008999999612569809 -0.08236140012741089
v 0.08427869528532028 0.008999999612569809 -0.06131061911582947
v 0.08427869528532028 0.008999999612569809 -0.06131061911582947
v 0.12208081781864166 0.008999999612569809 -0.08236140012741089
v 0.08453362435102463 0.008999999612569809 -0.060860104858875275
v 0.09329555183649063 0.008999999612569809 -0.045136600732803345
v 0.09304063022136688 0.008999999612569809 -0.04558711498975754
v 0.13110992312431335 0.008999999612569809 -0.06760154664516449
v 0.13110992312431335 0.008999999612569809 -0.06760154664516449
v 0.09304063022136688 0.008999999612569809 -0.04558711498975754
v 0.08452913910150528 0.008999999612569809 -0.06034248694777489
v 0.13110992312431335 0.008999999612569809 -0.06760154664516449
v 0.08452913910150528 0.008999999612569809 -0.06034248694777489
v 0.13156044483184814 0.008999999612569809 -0.06785648316144943
v 0.13156044483184814 0.008999999612569809 -0.06785648316144943
v 0.08452913910150528 0.008999999612569809 -0.06034248694777489
v 0.08453362435102463 0.008999999612569809 -0.060860104858875275
v 0.13156044483184814 0.008999999612569809 -0.06785648316144943
v 0.08453362435102463 0.008999999612569809 -0.060860104858875275
v 0.12233574688434601 0.008999999612569809 -0.0819108858704567
v 0.12233574688434601 0.008999999612569809 -0.0819108858704567
v 0.08453362435102463 0.008999999612569809 -0.060860104858875275
v 0.12208081781864166 0.008999999612569809 -0.08236140012741089
v 0.08286453783512115 0.012000000104308128 -0.06132286787033081
v 0.08286453783512115 0.008999999612569809 -0.06132286787033081
v 0.08331504464149475 0.012000000104308128 -0.06157779321074486
v 0.08331504464149475 0.012000000104308128 -0.06157779321074486
v 0.08286453783512115 0.008999999612569809 -0.06132286787033081
v 0.08331504464149475 0.008999999612569809 -0.06157779321074486
v 0.08331504464149475 0.012000000104308128 -0.06157779321074486
v 0.08331504464149475 0.008999999612569809 -0.06157779321074486
v 0.08383266627788544 0.012000000104308128 -0.06157331168651581
v 0.08383266627788544 0.012000000104308128 -0.06157331168651581
v 0.08331504464149475 0.008999999612569809 -0.06157779321074486
v 0.08383266627788544 0.008999999612569809 -0.06157331168651581
v 0.08383266627788544 0.012000000104308128 -0.06157331168651581
v 0.08383266627788544 0.008999999612569809 -0.06157331168651581
v 0.08427869528532028 0.012000000104308128 -0.06131061911582947
v 0.08427869528532028 0.012000000104308128 -0.06131061911582947
v 0.08383266627788544 0.008999999612569809 -0.06157331168651581
v 0.08427869528532028 0.008999999612569809 -0.06131061911582947
v 0.08427869528532028 0.012000000104308128 -0.06131061911582947
v 0.08427869528532028 0.008999999612569809 -0.06131061911582947
v 0.08453362435102463 0.012000000104308128 -0.060860104858875275
v 0.08453362435102463 0.012000000104308128 -0.060860104858875275
v 0.08427869528532028 0.008999999612569809 -0.06131061911582947
v 0.08453362435102463 0.008999999612569809 -0.060860104858875275
v 0.08453362435102463 0.012000000104308128 -0.060860104858875275
v 0.08453362435102463 0.008999999612569809 -0.060860104858875275
v 0.08452913910150528 0.012000000104308128 -0.06034248694777489
v 0.08452913910150528 0.012000000104308128 -0.06034248694777489
v 0.08453362435102463 0.008999999612569809 -0.060860104858875275
v 0.08452913910150528 0.008999999612569809 -0.06034248694777489
v 0.08452913910150528 0.012000000104308128 -0.06034248694777489
v 0.08452913910150528 0.008999999612569809 -0.06034248694777489
v 0.08426644653081894 0.012000000104308128 -0.05989645794034004
v 0.08426644653081894 0.012000000104308128 -0.05989645794034004
v 0.08452913910150528 0.008999999612569809 -0.06034248694777489
v 0.08426644653081894 0.008999999612569809 -0.05989645794034004
v 0.08426644653081894 0.012000000104308128 -0.05989645794034004
v 0.08426644653081894 0.008999999612569809 -0.05989645794034004
v 0.08381593227386475 0.012000000104308128 -0.059641528874635696
v 0.08381593227386475 0.012000000104308128 -0.059641528874635696
v 0.08426644653081894 0.008999999612569809 -0.05989645794034004
v 0.08381593227386475 0.008999999612569809 -0.059641528874635696
v 0.08381593227386475 0.012000000104308128 -0.059641528874635696
v 0.08381593227386475 0.008999999612569809 -0.059641528874635696
v 0.08329831808805466 0.012000000104308128 -0.059646014124155045
v 0.08329831808805466 0.012000000104308128 -0.059646014124155045
v 0.08381593227386475 0.008999999612569809 -0.059641528874635696
v 0.08329831808805466 0.008999999612569809 -0.059646014124155045
v 0.08329831808805466 0.012000000104308128 -0.059646014124155045
v 0.08329831808805466 0.008999999612569809 -0.059646014124155045
v 0.08285228908061981 0.012000000104308128 -0.059908702969551086
v 0.08285228908061981 0.012000000104308128 -0.059908702969551086
v 0.08329831808805466 0.008999999612569809 -0.059646014124155045
v 0.08285228908061981 0.008999999612569809 -0.059908702969551086
v 0.08285228908061981 0.012000000104308128 -0.059908702969551086
v 0.08285228908061981 0.008999999612569809 -0.059908702969551086
v 0.08259736001491547 0.012000000104308128 -0.06035921722650528
v 0.08259736001491547 0.012000000104308128 -0.06035921722650528
v 0.08285228908061981 0.008999999612569809 -0.059908702969551086
v 0.08259736001491547 0.008999999612569809 -0.06035921722650528
v 0.08259736001491547 0.012000000104308128 -0.06035921722650528
v 0.08259736001491547 0.008999999612569809 -0.06035921722650528
v 0.08260184526443481 0.012000000104308128 -0.06087683513760567
v 0.08260184526443481 0.012000000104308128 -0.06087683513760567
v 0.08259736001491547 0.008999999612569809 -0.06035921722650528
v 0.08260184526443481 0.008999999612569809 -0.06087683513760567
v 0.08260184526443481 0.012000000104308128 -0.06087683513760567
v 0.08260184526443481 0.008999999612569809 -0.06087683513760567
v 0.08286453783512115 0.012000000104308128 -0.06132286787033081
v 0.08286453783512115 0.012000000104308128 -0.06132286787033081
v 0.08260184526443481 0.008999999612569809 -0.06087683513760567
v 0.08286453783512115 0.008999999612569809 -0.06132286787033081
v 0.13110992312431335 0.012000000104308128 -0.06760154664516449
v 0.13110992312431335 0.008999999612569809 -0.06760154664516449
v 0.13156044483184814 0.012000000104308128 -0.06785648316144943
v 0.13156044483184814 0.012000000104308128 -0.06785648316144943
v 0.13110992312431335 0.008999999612569809 -0.06760154664516449
v 0.13156044483184814 0.008999999612569809 -0.06785648316144943
v 0.13156044483184814 0.012000000104308128 -0.06785648316144943
v 0.13156044483184814 0.008999999612569809 -0.06785648316144943
v 0.13207805156707764 0.012000000104308128 -0.06785199046134949
v 0.13207805156707764 0.012000000104308128 -0.06785199046134949
v 0.13156044483184814 0.008999999612569809 -0.06785648316144943
v 0.13207805156707764 0.008999999612569809 -0.06785199046134949
v 0.13207805156707764 0.012000000104308128 -0.06785199046134949
v 0.13207805156707764 0.008999999612569809 -0.06785199046134949
v 0.13252408802509308 0.012000000104308128 -0.06758929789066315
v 0.13252408802509308 0.012000000104308128 -0.06758929789066315
v 0.13207805156707764 0.008999999612569809 -0.06785199046134949
v 0.13252408802509308 0.008999999612569809 -0.06758929789066315
v 0.13252408802509308 0.012000000104308128 -0.06758929789066315
v 0.13252408802509308 0.008999999612569809 -0.06758929789066315
v 0.13277901709079742 0.012000000104308128 -0.06713878363370895
v 0.13277901709079742 0.012000000104308128 -0.06713878363370895
v 0.13252408802509308 0.008999999612569809 -0.06758929789066315
v 0.13277901709079742 0.008999999612569809 -0.06713878363370895
v 0.13277901709079742 0.012000000104308128 -0.06713878363370895
v 0.13277901709079742 0.008999999612569809 -0.06713878363370895
v 0.13277453184127808 0.012000000104308128 -0.06662117689847946
v 0.13277453184127808 0.012000000104308128 -0.06662117689847946
v 0.13277901709079742 0.008999999612569809 -0.06713878363370895
v 0.13277453184127808 0.008999999612569809 -0.06662117689847946
v 0.13277453184127808 0.012000000104308128 -0.06662117689847946
v 0.13277453184127808 0.008999999612569809 -0.06662117689847946
v 0.13251183927059174 0.012000000104308128 -0.06617514044046402
v 0.13251183927059174 0.012000000104308128 -0.06617514044046402
v 0.13277453184127808 0.008999999612569809 -0.06662117689847946
v 0.13251183927059174 0.008999999612569809 -0.06617514044046402
v 0.13251183927059174 0.012000000104308128 -0.06617514044046402
v 0.13251183927059174 0.008999999612569809 -0.06617514044046402
v 0.13206133246421814 0.012000000104308128 -0.06592021882534027
v 0.13206133246421814 0.012000000104308128 -0.06592021882534027
v 0.13251183927059174 0.008999999612569809 -0.06617514044046402
v 0.13206133246421814 0.008999999612569809 -0.06592021882534027
v 0.13206133246421814 0.012000000104308128 -0.06592021882534027
v 0.13206133246421814 0.008999999612569809 -0.06592021882534027
v 0.13154371082782745 0.012000000104308128 -0.06592469662427902
v 0.13154371082782745 0.012000000104308128 -0.06592469662427902
v 0.13206133246421814 0.008999999612569809 -0.06592021882534027
v 0.13154371082782745 0.008999999612569809 -0.06592469662427902
v 0.13154371082782745 0.012000000104308128 -0.06592469662427902
v 0.13154371082782745 0.008999999612569809 -0.06592469662427902
v 0.131097674369812 0.012000000104308128 -0.06618738919496536
v 0.131097674369812 0.012000000104308128 -0.06618738919496536
v 0.13154371082782745 0.008999999612569809 -0.06592469662427902
v 0.131097674369812 0.008999999612569809 -0.06618738919496536
v 0.131097674369812 0.012000000104308128 -0.06618738919496536
v 0.131097674369812 0.008999999612569809 -0.06618738919496536
v 0.13084274530410767 0.012000000104308128 -0.06663790345191956
v 0.13084274530410767 0.012000000104308128 -0.06663790345191956
v 0.131097674369812 0.008999999612569809 -0.06618738919496536
v 0.13084274530410767 0.008999999612569809 -0.06663790345191956
v 0.13084274530410767 0.012000000104308128 -0.06663790345191956
v 0.13084274530410767 0.008999999612569809 -0.06663790345191956
v 0.1308472454547882 0.012000000104308128 -0.06715552508831024
v 0.1308472454547882 0.012000000104308128 -0.06715552508831024
v 0.13084274530410767 0.008999999612569809 -0.06663790345191956
v 0.1308472454547882 0.008999999612569809 -0.06715552508831024
v 0.1308472454547882 0.012000000104308128 -0.06715552508831024
v 0.1308472454547882 0.008999999612569809 -0.06715552508831024
v 0.13110992312431335 0.012000000104308128 -0.06760154664516449
v 0.13110992312431335 0.012000000104308128 -0.06760154664516449
v 0.1308472454547882 0.008999999612569809 -0.06715552508831024
v 0.13110992312431335 0.008999999612569809 -0.06760154664516449
v 0.12234799563884735 0.012000000104308128 -0.08332505077123642
v 0.12234799563884735 0.008999999612569809 -0.08332505077123642
v 0.12279851734638214 0.012000000104308128 -0.08357997983694077
v 0.12279851734638214 0.012000000104308128 -0.08357997983694077
v 0.12234799563884735 0.008999999612569809 -0.08332505077123642
v 0.12279851734638214 0.008999999612569809 -0.08357997983694077
v 0.12279851734638214 0.012000000104308128 -0.08357997983694077
v 0.12279851734638214 0.008999999612569809 -0.08357997983694077
v 0.12331612408161163 0.012000000104308128 -0.08357549458742142
v 0.12331612408161163 0.012000000104308128 -0.08357549458742142
v 0.12279851734638214 0.008999999612569809 -0.08357997983694077
v 0.12331612408161163 0.008999999612569809 -0.08357549458742142
v 0.12331612408161163 0.012000000104308128 -0.08357549458742142
v 0.12331612408161163 0.008999999612569809 -0.08357549458742142
v 0.12376216053962708 0.012000000104308128 -0.08331280201673508
v 0.12376216053962708 0.012000000104308128 -0.08331280201673508
v 0.12331612408161163 0.008999999612569809 -0.08357549458742142
v 0.12376216053962708 0.008999999612569809 -0.08331280201673508
v 0.12376216053962708 0.012000000104308128 -0.08331280201673508
v 0.12376216053962708 0.008999999612569809 -0.08331280201673508
v 0.12401708215475082 0.012000000104308128 -0.08286228775978088
v 0.12401708215475082 0.012000000104308128 -0.08286228775978088
v 0.12376216053962708 0.008999999612569809 -0.08331280201673508
v 0.12401708215475082 0.008999999612569809 -0.08286228775978088
v 0.12401708215475082 0.012000000104308128 -0.08286228775978088
v 0.12401708215475082 0.008999999612569809 -0.08286228775978088
v 0.12401260435581207 0.012000000104308128 -0.08234468102455139
v 0.12401260435581207 0.012000000104308128 -0.08234468102455139
v 0.12401708215475082 0.008999999612569809 -0.08286228775978088
v 0.12401260435581207 0.008999999612569809 -0.08234468102455139
v 0.12401260435581207 0.012000000104308128 -0.08234468102455139
v 0.12401260435581207 0.008999999612569809 -0.08234468102455139
v 0.12374990433454514 0.012000000104308128 -0.08189864456653595
v 0.12374990433454514 0.012000000104308128 -0.08189864456653595
v 0.12401260435581207 0.008999999612569809 -0.08234468102455139
v 0.12374990433454514 0.008999999612569809 -0.08189864456653595
v 0.12374990433454514 0.012000000104308128 -0.08189864456653595
v 0.12374990433454514 0.008999999612569809 -0.08189864456653595
v 0.12329939752817154 0.012000000104308128 -0.0816437229514122
v 0.12329939752817154 0.012000000104308128 -0.0816437229514122
v 0.12374990433454514 0.008999999612569809 -0.08189864456653595
v 0.12329939752817154 0.008999999612569809 -0.0816437229514122
v 0.12329939752817154 0.012000000104308128 -0.0816437229514122
v 0.12329939752817154 0.008999999612569809 -0.0816437229514122
v 0.12278177589178085 0.012000000104308128 -0.08164820075035095
v 0.12278177589178085 0.012000000104308128 -0.08164820075035095
v 0.12329939752817154 0.008999999612569809 -0.0816437229514122
v 0.12278177589178085 0.008999999612569809 -0.08164820075035095
v 0.12278177589178085 0.012000000104308128 -0.08164820075035095
v 0.12278177589178085 0.008999999612569809 -0.08164820075035095
v 0.12233574688434601 0.012000000104308128 -0.0819108858704567
v 0.12233574688434601 0.012000000104308128 -0.0819108858704567
v 0.12278177589178085 0.008999999612569809 -0.08164820075035095
v 0.12233574688434601 0.008999999612569809 -0.0819108858704567
v 0.12233574688434601 0.012000000104308128 -0.0819108858704567
v 0.12233574688434601 0.008999999612569809 -0.0819108858704567
v 0.12208081781864166 0.012000000104308128 -0.08236140012741089
v 0.12208081781864166 0.012000000104308128 -0.08236140012741089
v 0.12233574688434601 0.008999999612569809 -0.0819108858704567
v 0.12208081781864166 0.008999999612569809 -0.08236140012741089
v 0.12208081781864166 0.012000000104308128 -0.08236140012741089
v 0.12208081781864166 0.008999999612569809 -0.08236140012741089
v 0.12208531051874161 0.012000000104308128 -0.08287902921438217
v 0.12208531051874161 0.012000000104308128 -0.08287902921438217
v 0.12208081781864166 0.008999999612569809 -0.08236140012741089
v 0.12208531051874161 0.008999999612569809 -0.08287902921438217
v 0.12208531051874161 0.012000000104308128 -0.08287902921438217
v 0.12208531051874161 0.008999999612569809 -0.08287902921438217
v 0.12234799563884735 0.012000000104308128 -0.08332505077123642
v 0.12234799563884735 0.012000000104308128 -0.08332505077123642
v 0.12208531051874161 0.008999999612569809 -0.08287902921438217
v 0.12234799563884735 0.008999999612569809 -0.08332505077123642
v 0.09162646532058716 0.012000000104308128 -0.04559936001896858
v 0.09162646532058716 0.008999999612569809 -0.04559936001896858
v 0.09207697957754135 0.012000000104308128 -0.04585428908467293
v 0.09207697957754135 0.012000000104308128 -0.04585428908467293
v 0.09162646532058716 0.008999999612569809 -0.04559936001896858
v 0.09207697957754135 0.008999999612569809 -0.04585428908467293
v 0.09207697957754135 0.012000000104308128 -0.04585428908467293
v 0.09207697957754135 0.008999999612569809 -0.04585428908467293
v 0.09259459376335144 0.012000000104308128 -0.04584980756044388
v 0.09259459376335144 0.012000000104308128 -0.04584980756044388
v 0.09207697957754135 0.008999999612569809 -0.04585428908467293
v 0.09259459376335144 0.008999999612569809 -0.04584980756044388
v 0.09259459376335144 0.012000000104308128 -0.04584980756044388
v 0.09259459376335144 0.008999999612569809 -0.04584980756044388
v 0.09304063022136688 0.012000000104308128 -0.04558711498975754
v 0.09304063022136688 0.012000000104308128 -0.04558711498975754
v 0.09259459376335144 0.008999999612569809 -0.04584980756044388
v 0.09304063022136688 0.008999999612569809 -0.04558711498975754
v 0.09304063022136688 0.012000000104308128 -0.04558711498975754
v 0.09304063022136688 0.008999999612569809 -0.04558711498975754
v 0.09329555183649063 0.012000000104308128 -0.045136600732803345
v 0.09329555183649063 0.012000000104308128 -0.045136600732803345
v 0.09304063022136688 0.008999999612569809 -0.04558711498975754
v 0.09329555183649063 0.008999999612569809 -0.045136600732803345
v 0.09329555183649063 0.012000000104308128 -0.045136600732803345
v 0.09329555183649063 0.008999999612569809 -0.045136600732803345
v 0.09329107403755188 0.012000000104308128 -0.04461898282170296
v 0.09329107403755188 0.012000000104308128 -0.04461898282170296
v 0.09329555183649063 0.008999999612569809 -0.045136600732803345
v 0.09329107403755188 0.008999999612569809 -0.04461898282170296
v 0.09329107403755188 0.012000000104308128 -0.04461898282170296
v 0.09329107403755188 0.008999999612569809 -0.04461898282170296
v 0.09302838146686554 0.012000000104308128 -0.04417295381426811
v 0.09302838146686554 0.012000000104308128 -0.04417295381426811
v 0.09329107403755188 0.008999999612569809 -0.04461898282170296
v 0.09302838146686554 0.008999999612569809 -0.04417295381426811
v 0.09302838146686554 0.012000000104308128 -0.04417295381426811
v 0.09302838146686554 0.008999999612569809 -0.04417295381426811
v 0.09257786720991135 0.012000000104308128 -0.043918024748563766
v 0.09257786720991135 0.012000000104308128 -0.043918024748563766
v 0.09302838146686554 0.008999999612569809 -0.04417295381426811
v 0.09257786720991135 0.008999999612569809 -0.043918024748563766
v 0.09257786720991135 0.012000000104308128 -0.043918024748563766
v 0.09257786720991135 0.008999999612569809 -0.043918024748563766
v 0.09206024557352066 0.012000000104308128 -0.043922509998083115
v 0.09206024557352066 0.012000000104308128 -0.043922509998083115
v 0.09257786720991135 0.008999999612569809 -0.043918024748563766
v 0.09206024557352066 0.008999999612569809 -0.043922509998083115
v 0.09206024557352066 0.012000000104308128 -0.043922509998083115
v 0.09206024557352066 0.008999999612569809 -0.043922509998083115
v 0.09161422401666641 0.012000000104308128 -0.04418520629405975
v 0.09161422401666641 0.012000000104308128 -0.04418520629405975
v 0.09206024557352066 0.008999999612569809 -0.043922509998083115
v 0.09161422401666641 0.008999999612569809 -0.04418520629405975
v 0.09161422401666641 0.012000000104308128 -0.04418520629405975
v 0.09161422401666641 0.008999999612569809 -0.04418520629405975
v 0.09135928750038147 0.012000000104308128 -0.04463571682572365
v 0.09135928750038147 0.012000000104308128 -0.04463571682572365
v 0.09161422401666641 0.008999999612569809 -0.04418520629405975
v 0.09135928750038147 0.008999999612569809 -0.04463571682572365
v 0.09135928750038147 0.012000000104308128 -0.04463571682572365
v 0.09135928750038147 0.008999999612569809 -0.04463571682572365
v 0.09136377274990082 0.012000000104308128 -0.045153334736824036
v 0.09136377274990082 0.012000000104308128 -0.045153334736824036
v 0.09135928750038147 0.008999999612569809 -0.04463571682572365
v 0.09136377274990082 0.008999999612569809 -0.045153334736824036
v 0.09136377274990082 0.012000000104308128 -0.045153334736824036
v 0.09136377274990082 0.008999999612569809 -0.045153334736824036
v 0.09162646532058716 0.012000000104308128 -0.04559936001896858
v 0.09162646532058716 0.012000000104308128 -0.04559936001896858
v 0.09136377274990082 0.008999999612569809 -0.045153334736824036
v 0.09162646532058716 0.008999999612569809 -0.04559936001896858
v 0.1429397612810135 0.006000000052154064 -0.07526721060276031
v 0.14444570243358612 0.006000000052154064 -0.0756462886929512
v 0.13571041822433472 0.006000000052154064 -0.07077853381633759
v 0.141446053981781 0.006000000052154064 -0.07569189369678497
v 0.12540915608406067 0.006000000052154064 -0.08392707258462906
v 0.12690287828445435 0.006000000052154064 -0.0835023894906044
v 0.13571877777576447 0.006000000052154064 -0.08694905042648315
v 0.12840881943702698 0.006000000052154064 -0.08388146758079529
v 0.13625238835811615 0.006000000052154064 -0.08799087256193161
v 0.13625238835811615 0.006000000052154064 -0.08799087256193161
v 0.12840881943702698 0.006000000052154064 -0.08388146758079529
v 0.1371440887451172 0.006000000052154064 -0.08874920010566711
v 0.13455015420913696 0.006000000052154064 -0.0666976347565651
v 0.12432790547609329 0.006000000052154064 -0.08504172414541245
v 0.13419079780578613 0.006000000052154064 -0.06781164556741714
v 0.13419079780578613 0.006000000052154064 -0.06781164556741714
v 0.12432790547609329 0.006000000052154064 -0.08504172414541245
v 0.134285107254982 0.006000000052154064 -0.06897839158773422
v 0.13571877777576447 0.006000000052154064 -0.08694905042648315
v 0.1356244683265686 0.006000000052154064 -0.08578230440616608
v 0.12840881943702698 0.006000000052154064 -0.08388146758079529
v 0.12840881943702698 0.006000000052154064 -0.08388146758079529
v 0.1356244683265686 0.006000000052154064 -0.08578230440616608
v 0.13598383963108063 0.006000000052154064 -0.08466830104589462
v 0.12840881943702698 0.006000000052154064 -0.08388146758079529
v 0.13598383963108063 0.006000000052154064 -0.08466830104589462
v 0.12690287828445435 0.006000000052154064 -0.0835023894906044
v 0.12690287828445435 0.006000000052154064 -0.0835023894906044
v 0.13598383963108063 0.006000000052154064 -0.08466830104589462
v 0.14036479592323303 0.006000000052154064 -0.07680653780698776
v 0.12690287828445435 0.006000000052154064 -0.0835023894906044
v 0.14036479592323303 0.006000000052154064 -0.07680653780698776
v 0.141446053981781 0.006000000052154064 -0.07569189369678497
v 0.134285107254982 0.006000000052154064 -0.06897839158773422
v 0.12432790547609329 0.006000000052154064 -0.08504172414541245
v 0.13481873273849487 0.006000000052154064 -0.07002022117376328
v 0.13481873273849487 0.006000000052154064 -0.07002022117376328
v 0.12432790547609329 0.006000000052154064 -0.08504172414541245
v 0.12540915608406067 0.006000000052154064 -0.08392707258462906
v 0.13481873273849487 0.006000000052154064 -0.07002022117376328
v 0.12540915608406067 0.006000000052154064 -0.08392707258462906
v 0.13571041822433472 0.006000000052154064 -0.07077853381633759
v 0.13571041822433472 0.006000000052154064 -0.07077853381633759
v 0.12540915608406067 0.006000000052154064 -0.08392707258462906
v 0.141446053981781 0.006000000052154064 -0.07569189369678497
v 0.13571041822433472 0.006000000052154064 -0.07077853381633759
v 0.141446053981781 0.006000000052154064 -0.07569189369678497
v 0.1429397612810135 0.006000000052154064 -0.07526721060276031
v 0.19285722076892853 -1.0430822872109502e-10 -0.10262363404035568
v 0.13571041822433472 -1.0430825647667064e-10 -0.07077853381633759
v 0.14444570243358612 0.006000000052154064 -0.0756462886929512
v 0.14444570243358612 0.006000000052154064 -0.0756462886929512
v 0.13571041822433472 -1.0430825647667064e-10 -0.07077853381633759
v 0.13571041822433472 0.006000000052154064 -0.07077853381633759
v 0.19285722076892853 0.006000000052154064 -0.10262363404035568
v 0.19285722076892853 -1.0430822872109502e-10 -0.10262363404035568
v 0.1785132884979248 0.006000000052154064 -0.09463046491146088
v 0.1785132884979248 0.006000000052154064 -0.09463046491146088
v 0.19285722076892853 -1.0430822872109502e-10 -0.10262363404035568
v 0.14444570243358612 0.006000000052154064 -0.0756462886929512
v 0.1785132884979248 0.006000000052154064 -0.09463046491146088
v 0.14444570243358612 0.006000000052154064 -0.0756462886929512
v 0.1785132884979248 0.012000000104308128 -0.09463046491146088
v 0.1785132884979248 0.012000000104308128 -0.09463046491146088
v 0.14444570243358612 0.006000000052154064 -0.0756462886929512
v 0.14444570243358612 0.012000000104308128 -0.0756462886929512
v 0.15510861575603485 -1.0430822872109502e-10 -0.09875994175672531
v 0.18538106977939606 -1.0430822872109502e-10 -0.11562928557395935
v 0.18538106977939606 0.006000000052154064 -0.11562928557395935
v 0.12840881943702698 0.006000000052154064 -0.08388146758079529
v 0.12840881943702698 -1.0430822872109502e-10 -0.08388146758079529
v 0.1314793974161148 -1.0430822872109502e-10 -0.08559254556894302
v 0.1371440887451172 0.012000000104308128 -0.08874920010566711
v 0.1371440887451172 0.006000000052154064 -0.08874920010566711
v 0.17121167480945587 0.012000000104308128 -0.10773338377475739
v 0.17121167480945587 0.012000000104308128 -0.10773338377475739
v 0.1371440887451172 0.006000000052154064 -0.08874920010566711
v 0.15510861575603485 -1.0430822872109502e-10 -0.09875994175672531
v 0.17121167480945587 0.012000000104308128 -0.10773338377475739
v 0.15510861575603485 -1.0430822872109502e-10 -0.09875994175672531
v 0.17121167480945587 0.006000000052154064 -0.10773338377475739
v 0.17121167480945587 0.006000000052154064 -0.10773338377475739
v 0.15510861575603485 -1.0430822872109502e-10 -0.09875994175672531
v 0.18538106977939606 0.006000000052154064 -0.11562928557395935
v 0.12840881943702698 0.006000000052154064 -0.08388146758079529
v 0.1314793974161148 -1.0430822872109502e-10 -0.08559254556894302
v 0.1371440887451172 0.006000000052154064 -0.08874920010566711
v 0.1371440887451172 0.006000000052154064 -0.08874920010566711
v 0.1314793974161148 -1.0430822872109502e-10 -0.08559254556894302
v 0.13524992763996124 -1.0430822872109502e-10 -0.08769366890192032
v 0.1371440887451172 0.006000000052154064 -0.08874920010566711
v 0.13524992763996124 -1.0430822872109502e-10 -0.08769366890192032
v 0.15510861575603485 -1.0430822872109502e-10 -0.09875994175672531
v 0.09063037484884262 0.006000000052154064 -0.04279569908976555
v 0.08954912424087524 0.006000000052154064 -0.04391034319996834
v 0.08089489489793777 0.006000000052154064 -0.06026625260710716
v 0.08089489489793777 0.006000000052154064 -0.06026625260710716
v 0.08954912424087524 0.006000000052154064 -0.04391034319996834
v 0.08805540949106216 0.006000000052154064 -0.044335026293992996
v 0.08089489489793777 0.006000000052154064 -0.06026625260710716
v 0.08805540949106216 0.006000000052154064 -0.044335026293992996
v 0.08127396553754807 0.006000000052154064 -0.05876031890511513
v 0.07781419157981873 0.006000000052154064 -0.03908821567893028
v 0.07099936157464981 0.006000000052154064 -0.05131760984659195
v 0.08654947578907013 0.006000000052154064 -0.043955959379673004
v 0.08654947578907013 0.006000000052154064 -0.043955959379673004
v 0.07099936157464981 0.006000000052154064 -0.05131760984659195
v 0.07973463833332062 0.006000000052154064 -0.05618534982204437
v 0.08654947578907013 0.006000000052154064 -0.043955959379673004
v 0.07973463833332062 0.006000000052154064 -0.05618534982204437
v 0.08805540949106216 0.006000000052154064 -0.044335026293992996
v 0.08805540949106216 0.006000000052154064 -0.044335026293992996
v 0.07973463833332062 0.006000000052154064 -0.05618534982204437
v 0.08084928244352341 0.006000000052154064 -0.05726660043001175
v 0.08805540949106216 0.006000000052154064 -0.044335026293992996
v 0.08084928244352341 0.006000000052154064 -0.05726660043001175
v 0.08127396553754807 0.006000000052154064 -0.05876031890511513
v 0.06983909010887146 0.006000000052154064 -0.04723669961094856
v 0.06947973370552063 0.006000000052154064 -0.04835071787238121
v 0.06957404315471649 0.006000000052154064 -0.04951745271682739
v 0.07630825787782669 0.006000000052154064 -0.03870914876461029
v 0.07481454312801361 0.006000000052154064 -0.03913383185863495
v 0.07781419157981873 0.006000000052154064 -0.03908821567893028
v 0.07781419157981873 0.006000000052154064 -0.03908821567893028
v 0.07481454312801361 0.006000000052154064 -0.03913383185863495
v 0.07373328506946564 0.006000000052154064 -0.04024847596883774
v 0.07781419157981873 0.006000000052154064 -0.03908821567893028
v 0.07373328506946564 0.006000000052154064 -0.04024847596883774
v 0.07099936157464981 0.006000000052154064 -0.05131760984659195
v 0.07099936157464981 0.006000000052154064 -0.05131760984659195
v 0.07373328506946564 0.006000000052154064 -0.04024847596883774
v 0.06983909010887146 0.006000000052154064 -0.04723669961094856
v 0.07099936157464981 0.006000000052154064 -0.05131760984659195
v 0.06983909010887146 0.006000000052154064 -0.04723669961094856
v 0.07010766118764877 0.006000000052154064 -0.050559286028146744
v 0.07010766118764877 0.006000000052154064 -0.050559286028146744
v 0.06983909010887146 0.006000000052154064 -0.04723669961094856
v 0.06957404315471649 0.006000000052154064 -0.04951745271682739
v 0.08654947578907013 -1.0430825647667064e-10 -0.043955959379673004
v 0.07781419157981873 -1.0430825647667064e-10 -0.03908821567893028
v 0.08654947578907013 0.006000000052154064 -0.043955959379673004
v 0.08654947578907013 0.006000000052154064 -0.043955959379673004
v 0.07781419157981873 -1.0430825647667064e-10 -0.03908821567893028
v 0.07781419157981873 0.006000000052154064 -0.03908821567893028
v 0.07373328506946564 -1.0430825647667064e-10 -0.04024847596883774
v 0.06983909010887146 -1.0430822872109502e-10 -0.04723669961094856
v 0.07373328506946564 0.006000000052154064 -0.04024847596883774
v 0.07373328506946564 0.006000000052154064 -0.04024847596883774
v 0.06983909010887146 -1.0430822872109502e-10 -0.04723669961094856
v 0.06983909010887146 0.006000000052154064 -0.04723669961094856
v 0.07099936157464981 -1.0430822872109502e-10 -0.05131760984659195
v 0.07973463833332062 -1.0430822872109502e-10 -0.05618534982204437
v 0.07099936157464981 0.006000000052154064 -0.05131760984659195
v 0.07099936157464981 0.006000000052154064 -0.05131760984659195
v 0.07973463833332062 -1.0430822872109502e-10 -0.05618534982204437
v 0.07973463833332062 0.006000000052154064 -0.05618534982204437
v 0.18538106977939606 0.006000000052154064 -0.11562928557395935
v 0.18538106977939606 -1.0430822872109502e-10 -0.11562928557395935
v 0.186020627617836 -1.0430822872109502e-10 -0.11619403213262558
v 0.18538106977939606 0.006000000052154064 -0.11562928557395935
v 0.186020627617836 -1.0430822872109502e-10 -0.11619403213262558
v 0.186020627617836 0.006000000052154064 -0.11619403213262558
v 0.186020627617836 0.006000000052154064 -0.11619403213262558
v 0.186020627617836 -1.0430822872109502e-10 -0.11619403213262558
v 0.18636661767959595 -1.0430822872109502e-10 -0.11697395890951157
v 0.186020627617836 0.006000000052154064 -0.11619403213262558
v 0.18636661767959595 -1.0430822872109502e-10 -0.11697395890951157
v 0.18636661767959595 0.006000000052154064 -0.11697395890951157
v 0.18636661767959595 0.006000000052154064 -0.11697395890951157
v 0.18636661767959595 -1.0430822872109502e-10 -0.11697395890951157
v 0.1863560527563095 -1.0430822872109502e-10 -0.11782710999250412
v 0.18636661767959595 0.006000000052154064 -0.11697395890951157
v 0.1863560527563095 -1.0430822872109502e-10 -0.11782710999250412
v 0.1863560527563095 0.006000000052154064 -0.11782710999250412
v 0.1952090710401535 0.006000000052154064 -0.10232581198215485
v 0.1952090710401535 -1.0430822872109502e-10 -0.10232581198215485
v 0.1944928616285324 -1.0430822872109502e-10 -0.10276380926370621
v 0.1952090710401535 0.006000000052154064 -0.10232581198215485
v 0.1944928616285324 -1.0430822872109502e-10 -0.10276380926370621
v 0.1944928616285324 0.006000000052154064 -0.10276380926370621
v 0.1944928616285324 0.006000000052154064 -0.10276380926370621
v 0.1944928616285324 -1.0430822872109502e-10 -0.10276380926370621
v 0.19365999102592468 -1.0430822872109502e-10 -0.10286927223205566
v 0.1944928616285324 0.006000000052154064 -0.10276380926370621
v 0.19365999102592468 -1.0430822872109502e-10 -0.10286927223205566
v 0.19365999102592468 0.006000000052154064 -0.10286927223205566
v 0.19365999102592468 0.006000000052154064 -0.10286927223205566
v 0.19365999102592468 -1.0430822872109502e-10 -0.10286927223205566
v 0.19285722076892853 -1.0430822872109502e-10 -0.10262363404035568
v 0.19365999102592468 0.006000000052154064 -0.10286927223205566
v 0.19285722076892853 -1.0430822872109502e-10 -0.10262363404035568
v 0.19285722076892853 0.006000000052154064 -0.10262363404035568
v 0.17967355251312256 0.012000000104308128 -0.09871137142181396
v 0.17529258131980896 0.012000000104308128 -0.10657312721014023
v 0.17967355251312256 0.006000000052154064 -0.09871137142181396
v 0.17967355251312256 0.006000000052154064 -0.09871137142181396
v 0.17529258131980896 0.012000000104308128 -0.10657312721014023
v 0.17529258131980896 0.006000000052154064 -0.10657312721014023
v 0.13598383963108063 0.006000000052154064 -0.08466830104589462
v 0.13598383963108063 0.012000000104308128 -0.08466830104589462
v 0.13727866113185883 0.012000000104308128 -0.08234469592571259
v 0.14036479592323303 0.012000000104308128 -0.07680653780698776
v 0.14036479592323303 0.006000000052154064 -0.07680653780698776
v 0.14024224877357483 0.012000000104308128 -0.07702644914388657
v 0.14024224877357483 0.012000000104308128 -0.07702644914388657
v 0.14036479592323303 0.006000000052154064 -0.07680653780698776
v 0.13598383963108063 0.006000000052154064 -0.08466830104589462
v 0.14024224877357483 0.012000000104308128 -0.07702644914388657
v 0.13598383963108063 0.006000000052154064 -0.08466830104589462
v 0.13744014501571655 0.012000000104308128 -0.08205492049455643
v 0.13744014501571655 0.012000000104308128 -0.08205492049455643
v 0.13598383963108063 0.006000000052154064 -0.08466830104589462
v 0.13727866113185883 0.012000000104308128 -0.08234469592571259
v -0.03809411823749542 0.012000000104308128 -0.021479634568095207
v -0.030039584264159203 0.012000000104308128 -0.022154606878757477
v -0.03809411823749542 -1.043082009655194e-10 -0.021479634568095207
v -0.03809411823749542 -1.043082009655194e-10 -0.021479634568095207
v -0.030039584264159203 0.012000000104308128 -0.022154606878757477
v -0.030039584264159203 -1.0430822872109502e-10 -0.022154606878757477
v -0.04495079070329666 -1.0430822872109502e-10 -0.014510780572891235
v -0.045757219195365906 -1.0430822872109502e-10 -0.0025601356755942106
v -0.04495079070329666 0.012000000104308128 -0.014510780572891235
v -0.04495079070329666 0.012000000104308128 -0.014510780572891235
v -0.045757219195365906 -1.0430822872109502e-10 -0.0025601356755942106
v -0.045757219195365906 0.012000000104308128 -0.0025601356755942106
v -0.03809411823749542 0.012000000104308128 -0.021479634568095207
v -0.03809411823749542 -1.043082009655194e-10 -0.021479634568095207
v -0.041431836783885956 -1.043082009655194e-10 -0.020372657105326653
v -0.03809411823749542 0.012000000104308128 -0.021479634568095207
v -0.041431836783885956 -1.043082009655194e-10 -0.020372657105326653
v -0.041431836783885956 0.012000000104308128 -0.020372657105326653
v -0.041431836783885956 0.012000000104308128 -0.020372657105326653
v -0.041431836783885956 -1.043082009655194e-10 -0.020372657105326653
v -0.043898120522499084 -1.0430822872109502e-10 -0.017866022884845734
v -0.041431836783885956 0.012000000104308128 -0.020372657105326653
v -0.043898120522499084 -1.0430822872109502e-10 -0.017866022884845734
v -0.043898120522499084 0.012000000104308128 -0.017866022884845734
v -0.043898120522499084 0.012000000104308128 -0.017866022884845734
v -0.043898120522499084 -1.0430822872109502e-10 -0.017866022884845734
v -0.04495079070329666 -1.0430822872109502e-10 -0.014510780572891235
v -0.043898120522499084 0.012000000104308128 -0.017866022884845734
v -0.04495079070329666 -1.0430822872109502e-10 -0.014510780572891235
v -0.04495079070329666 0.012000000104308128 -0.014510780572891235
v -0.039570678025484085 0.012000000104308128 -0.01614544354379177
v -0.039570678025484085 -1.0430822872109502e-10 -0.01614544354379177
v -0.038219138979911804 0.012000000104308128 -0.01691022701561451
v -0.038219138979911804 0.012000000104308128 -0.01691022701561451
v -0.039570678025484085 -1.0430822872109502e-10 -0.01614544354379177
v -0.038219138979911804 -1.0430822872109502e-10 -0.01691022701561451
v -0.038219138979911804 0.012000000104308128 -0.01691022701561451
v -0.038219138979911804 -1.0430822872109502e-10 -0.01691022701561451
v -0.03666628524661064 0.012000000104308128 -0.016896774992346764
v -0.03666628524661064 0.012000000104308128 -0.016896774992346764
v -0.038219138979911804 -1.0430822872109502e-10 -0.01691022701561451
v -0.03666628524661064 -1.0430822872109502e-10 -0.016896774992346764
v -0.03666628524661064 0.012000000104308128 -0.016896774992346764
v -0.03666628524661064 -1.0430822872109502e-10 -0.016896774992346764
v -0.03532819822430611 0.012000000104308128 -0.01610870100557804
v -0.03532819822430611 0.012000000104308128 -0.01610870100557804
v -0.03666628524661064 -1.0430822872109502e-10 -0.016896774992346764
v -0.03532819822430611 -1.0430822872109502e-10 -0.01610870100557804
v -0.03532819822430611 0.012000000104308128 -0.01610870100557804
v -0.03532819822430611 -1.0430822872109502e-10 -0.01610870100557804
v -0.03456341475248337 0.012000000104308128 -0.01475716382265091
v -0.03456341475248337 0.012000000104308128 -0.01475716382265091
v -0.03532819822430611 -1.0430822872109502e-10 -0.01610870100557804
v -0.03456341475248337 -1.0430822872109502e-10 -0.01475716382265091
v -0.03456341475248337 0.012000000104308128 -0.01475716382265091
v -0.03456341475248337 -1.0430822872109502e-10 -0.01475716382265091
v -0.034576863050460815 0.012000000104308128 -0.013204306364059448
v -0.034576863050460815 0.012000000104308128 -0.013204306364059448
v -0.03456341475248337 -1.0430822872109502e-10 -0.01475716382265091
v -0.034576863050460815 -1.0430822872109502e-10 -0.013204306364059448
v -0.034576863050460815 0.012000000104308128 -0.013204306364059448
v -0.034576863050460815 -1.0430822872109502e-10 -0.013204306364059448
v -0.035364940762519836 0.012000000104308128 -0.011866217479109764
v -0.035364940762519836 0.012000000104308128 -0.011866217479109764
v -0.034576863050460815 -1.0430822872109502e-10 -0.013204306364059448
v -0.035364940762519836 -1.0430822872109502e-10 -0.011866217479109764
v -0.035364940762519836 0.012000000104308128 -0.011866217479109764
v -0.035364940762519836 -1.0430822872109502e-10 -0.011866217479109764
v -0.03671647608280182 0.012000000104308128 -0.011101438663899899
v -0.03671647608280182 0.012000000104308128 -0.011101438663899899
v -0.035364940762519836 -1.0430822872109502e-10 -0.011866217479109764
v -0.03671647608280182 -1.0430822872109502e-10 -0.011101438663899899
v -0.03671647608280182 0.012000000104308128 -0.011101438663899899
v -0.03671647608280182 -1.0430822872109502e-10 -0.011101438663899899
v -0.03826933354139328 0.012000000104308128 -0.01111488789319992
v -0.03826933354139328 0.012000000104308128 -0.01111488789319992
v -0.03671647608280182 -1.0430822872109502e-10 -0.011101438663899899
v -0.03826933354139328 -1.0430822872109502e-10 -0.01111488789319992
v -0.03826933354139328 0.012000000104308128 -0.01111488789319992
v -0.03826933354139328 -1.0430822872109502e-10 -0.01111488789319992
v -0.03960742428898811 0.012000000104308128 -0.011902962811291218
v -0.03960742428898811 0.012000000104308128 -0.011902962811291218
v -0.03826933354139328 -1.0430822872109502e-10 -0.01111488789319992
v -0.03960742428898811 -1.0430822872109502e-10 -0.011902962811291218
v -0.03960742428898811 0.012000000104308128 -0.011902962811291218
v -0.03960742428898811 -1.0430822872109502e-10 -0.011902962811291218
v -0.040372204035520554 0.012000000104308128 -0.01325449999421835
v -0.040372204035520554 0.012000000104308128 -0.01325449999421835
v -0.03960742428898811 -1.0430822872109502e-10 -0.011902962811291218
v -0.040372204035520554 -1.0430822872109502e-10 -0.01325449999421835
v -0.040372204035520554 0.012000000104308128 -0.01325449999421835
v -0.040372204035520554 -1.0430822872109502e-10 -0.01325449999421835
v -0.04035875201225281 0.012000000104308128 -0.014807358384132385
v -0.04035875201225281 0.012000000104308128 -0.014807358384132385
v -0.040372204035520554 -1.0430822872109502e-10 -0.01325449999421835
v -0.04035875201225281 -1.0430822872109502e-10 -0.014807358384132385
v -0.04035875201225281 0.012000000104308128 -0.014807358384132385
v -0.04035875201225281 -1.0430822872109502e-10 -0.014807358384132385
v -0.039570678025484085 0.012000000104308128 -0.01614544354379177
v -0.039570678025484085 0.012000000104308128 -0.01614544354379177
v -0.04035875201225281 -1.0430822872109502e-10 -0.014807358384132385
v -0.039570678025484085 -1.0430822872109502e-10 -0.01614544354379177
v -0.058188844472169876 0.012000000104308128 0.05777745693922043
v -0.058188844472169876 -1.0430828423224625e-10 0.05777745693922043
v -0.0525590218603611 -1.0430831198782187e-10 0.061798546463251114
v -0.058188844472169876 0.012000000104308128 0.05777745693922043
v -0.0525590218603611 -1.0430831198782187e-10 0.061798546463251114
v -0.0525590218603611 0.012000000104308128 0.061798546463251114
v -0.0525590218603611 0.012000000104308128 0.061798546463251114
v -0.0525590218603611 -1.0430831198782187e-10 0.061798546463251114
v -0.0458960235118866 -1.0430831198782187e-10 0.06366094946861267
v -0.0525590218603611 0.012000000104308128 0.061798546463251114
v -0.0458960235118866 -1.0430831198782187e-10 0.06366094946861267
v -0.0458960235118866 0.012000000104308128 0.06366094946861267
v -0.0458960235118866 0.012000000104308128 0.06366094946861267
v -0.0458960235118866 -1.0430831198782187e-10 0.06366094946861267
v -0.038997139781713486 -1.0430831198782187e-10 0.06314179301261902
v -0.0458960235118866 0.012000000104308128 0.06366094946861267
v -0.038997139781713486 -1.0430831198782187e-10 0.06314179301261902
v -0.038997139781713486 0.012000000104308128 0.06314179301261902
v -0.038997139781713486 0.012000000104308128 0.06314179301261902
v -0.038997139781713486 -1.0430831198782187e-10 0.06314179301261902
v -0.032687898725271225 -1.0430831198782187e-10 0.060303207486867905
v -0.038997139781713486 0.012000000104308128 0.06314179301261902
v -0.032687898725271225 -1.0430831198782187e-10 0.060303207486867905
v -0.032687898725271225 0.012000000104308128 0.060303207486867905
v -0.04704602062702179 -1.0430822872109502e-10 0.0032757532317191362
v -0.04704602062702179 0.012000000104308128 0.0032757532317191362
v -0.045757219195365906 -1.0430822872109502e-10 -0.0025601356755942106
v -0.045757219195365906 -1.0430822872109502e-10 -0.0025601356755942106
v -0.04704602062702179 0.012000000104308128 0.0032757532317191362
v -0.045757219195365906 0.012000000104308128 -0.0025601356755942106
v -0.030039584264159203 -1.0430822872109502e-10 -0.022154606878757477
v -0.030039584264159203 0.012000000104308128 -0.022154606878757477
v -0.022644314914941788 -1.0430822872109502e-10 -0.024257300421595573
v -0.022644314914941788 -1.0430822872109502e-10 -0.024257300421595573
v -0.030039584264159203 0.012000000104308128 -0.022154606878757477
v -0.022644314914941788 0.012000000104308128 -0.024257300421595573
v 0.18565846979618073 0.012000000104308128 -0.12733179330825806
v 0.18565846979618073 -1.043082009655194e-10 -0.12733179330825806
v 0.18630753457546234 0.012000000104308128 -0.12942036986351013
v 0.18630753457546234 0.012000000104308128 -0.12942036986351013
v 0.18565846979618073 -1.043082009655194e-10 -0.12733179330825806
v 0.18630753457546234 -1.043082009655194e-10 -0.12942036986351013
v 0.18630753457546234 0.012000000104308128 -0.12942036986351013
v 0.18630753457546234 -1.043082009655194e-10 -0.12942036986351013
v 0.18778595328330994 0.012000000104308128 -0.1310320794582367
v 0.18778595328330994 0.012000000104308128 -0.1310320794582367
v 0.18630753457546234 -1.043082009655194e-10 -0.12942036986351013
v 0.18778595328330994 -1.043082009655194e-10 -0.1310320794582367
v 0.18778595328330994 0.012000000104308128 -0.1310320794582367
v 0.18778595328330994 -1.043082009655194e-10 -0.1310320794582367
v 0.1898108720779419 0.012000000104308128 -0.13185857236385345
v 0.1898108720779419 0.012000000104308128 -0.13185857236385345
v 0.18778595328330994 -1.043082009655194e-10 -0.1310320794582367
v 0.1898108720779419 -1.043082009655194e-10 -0.13185857236385345
v 0.1898108720779419 0.012000000104308128 -0.13185857236385345
v 0.1898108720779419 -1.043082009655194e-10 -0.13185857236385345
v 0.19199484586715698 0.012000000104308128 -0.1317417174577713
v 0.19199484586715698 0.012000000104308128 -0.1317417174577713
v 0.1898108720779419 -1.043082009655194e-10 -0.13185857236385345
v 0.19199484586715698 -1.043082009655194e-10 -0.1317417174577713
v 0.20969069004058838 0.012000000104308128 -0.10021296888589859
v 0.20969069004058838 -1.0430825647667064e-10 -0.10021296888589859
v 0.2086528092622757 0.012000000104308128 -0.09828781336545944
v 0.2086528092622757 0.012000000104308128 -0.09828781336545944
v 0.20969069004058838 -1.0430825647667064e-10 -0.10021296888589859
v 0.2086528092622757 -1.0430825647667064e-10 -0.09828781336545944
v 0.2086528092622757 0.012000000104308128 -0.09828781336545944
v 0.2086528092622757 -1.0430825647667064e-10 -0.09828781336545944
v 0.20689253509044647 0.012000000104308128 -0.09698982536792755
v 0.20689253509044647 0.012000000104308128 -0.09698982536792755
v 0.2086528092622757 -1.0430825647667064e-10 -0.09828781336545944
v 0.20689253509044647 -1.0430825647667064e-10 -0.09698982536792755
v 0.20689253509044647 0.012000000104308128 -0.09698982536792755
v 0.20689253509044647 -1.0430825647667064e-10 -0.09698982536792755
v 0.20474663376808167 0.012000000104308128 -0.09656735509634018
v 0.20474663376808167 0.012000000104308128 -0.09656735509634018
v 0.20689253509044647 -1.0430825647667064e-10 -0.09698982536792755
v 0.20474663376808167 -1.0430825647667064e-10 -0.09656735509634018
v 0.20474663376808167 0.012000000104308128 -0.09656735509634018
v 0.20474663376808167 -1.0430825647667064e-10 -0.09656735509634018
v 0.20262569189071655 0.012000000104308128 -0.09710123389959335
v 0.20262569189071655 0.012000000104308128 -0.09710123389959335
v 0.20474663376808167 -1.0430825647667064e-10 -0.09656735509634018
v 0.20262569189071655 -1.0430825647667064e-10 -0.09710123389959335
v 0.12840881943702698 -1.0430822872109502e-10 -0.08388146758079529
v 0.12840881943702698 0.006000000052154064 -0.08388146758079529
v 0.12690287828445435 0.006000000052154064 -0.0835023894906044
v 0.12840881943702698 -1.0430822872109502e-10 -0.08388146758079529
v 0.12690287828445435 0.006000000052154064 -0.0835023894906044
v 0.12690287828445435 -1.0430822872109502e-10 -0.0835023894906044
v 0.12690287828445435 -1.0430822872109502e-10 -0.0835023894906044
v 0.12690287828445435 0.006000000052154064 -0.0835023894906044
v 0.12540915608406067 0.006000000052154064 -0.08392707258462906
v 0.12690287828445435 -1.0430822872109502e-10 -0.0835023894906044
v 0.12540915608406067 0.006000000052154064 -0.08392707258462906
v 0.12540915608406067 -1.0430822872109502e-10 -0.08392707258462906
v 0.12540915608406067 -1.0430822872109502e-10 -0.08392707258462906
v 0.12540915608406067 0.006000000052154064 -0.08392707258462906
v 0.12432790547609329 0.006000000052154064 -0.08504172414541245
v 0.12540915608406067 -1.0430822872109502e-10 -0.08392707258462906
v 0.12432790547609329 0.006000000052154064 -0.08504172414541245
v 0.12432790547609329 -1.0430822872109502e-10 -0.08504172414541245
v 0.11951684206724167 0.008999999612569809 -0.08751227706670761
v 0.11951684206724167 -1.0430822872109502e-10 -0.08751227706670761
v 0.1210227757692337 0.008999999612569809 -0.0878913402557373
v 0.1210227757692337 0.008999999612569809 -0.0878913402557373
v 0.11951684206724167 -1.0430822872109502e-10 -0.08751227706670761
v 0.1210227757692337 -1.0430822872109502e-10 -0.0878913402557373
v 0.1210227757692337 0.008999999612569809 -0.0878913402557373
v 0.1210227757692337 -1.0430822872109502e-10 -0.0878913402557373
v 0.12251649051904678 0.008999999612569809 -0.08746665716171265
v 0.12251649051904678 0.008999999612569809 -0.08746665716171265
v 0.1210227757692337 -1.0430822872109502e-10 -0.0878913402557373
v 0.12251649051904678 -1.0430822872109502e-10 -0.08746665716171265
v 0.12251649051904678 0.008999999612569809 -0.08746665716171265
v 0.12251649051904678 -1.0430822872109502e-10 -0.08746665716171265
v 0.12359774112701416 0.008999999612569809 -0.08635200560092926
v 0.12359774112701416 0.008999999612569809 -0.08635200560092926
v 0.12251649051904678 -1.0430822872109502e-10 -0.08746665716171265
v 0.12359774112701416 -1.0430822872109502e-10 -0.08635200560092926
v 0.07992134988307953 0.008999999612569809 -0.06201330944895744
v 0.07992134988307953 -1.0430822872109502e-10 -0.06201330944895744
v 0.07954227924346924 0.008999999612569809 -0.06351925432682037
v 0.07954227924346924 0.008999999612569809 -0.06351925432682037
v 0.07992134988307953 -1.0430822872109502e-10 -0.06201330944895744
v 0.07954227924346924 -1.0430822872109502e-10 -0.06351925432682037
v 0.07954227924346924 0.008999999612569809 -0.06351925432682037
v 0.07954227924346924 -1.0430822872109502e-10 -0.06351925432682037
v 0.0799669623374939 0.008999999612569809 -0.06501296162605286
v 0.0799669623374939 0.008999999612569809 -0.06501296162605286
v 0.07954227924346924 -1.0430822872109502e-10 -0.06351925432682037
v 0.0799669623374939 -1.0430822872109502e-10 -0.06501296162605286
v 0.0799669623374939 0.008999999612569809 -0.06501296162605286
v 0.0799669623374939 -1.0430822872109502e-10 -0.06501296162605286
v 0.08108160644769669 0.008999999612569809 -0.06609421223402023
v 0.08108160644769669 0.008999999612569809 -0.06609421223402023
v 0.0799669623374939 -1.0430822872109502e-10 -0.06501296162605286
v 0.08108160644769669 -1.0430822872109502e-10 -0.06609421223402023
v 0.08089489489793777 -1.0430822872109502e-10 -0.06026625260710716
v 0.08089489489793777 0.006000000052154064 -0.06026625260710716
v 0.08127396553754807 0.006000000052154064 -0.05876031890511513
v 0.08089489489793777 -1.0430822872109502e-10 -0.06026625260710716
v 0.08127396553754807 0.006000000052154064 -0.05876031890511513
v 0.08127396553754807 -1.0430822872109502e-10 -0.05876031890511513
v 0.08127396553754807 -1.0430822872109502e-10 -0.05876031890511513
v 0.08127396553754807 0.006000000052154064 -0.05876031890511513
v 0.08084928244352341 0.006000000052154064 -0.05726660043001175
v 0.08127396553754807 -1.0430822872109502e-10 -0.05876031890511513
v 0.08084928244352341 0.006000000052154064 -0.05726660043001175
v 0.08084928244352341 -1.0430822872109502e-10 -0.05726660043001175
v 0.08084928244352341 -1.0430822872109502e-10 -0.05726660043001175
v 0.08084928244352341 0.006000000052154064 -0.05726660043001175
v 0.07973463833332062 0.006000000052154064 -0.05618534982204437
v 0.08084928244352341 -1.0430822872109502e-10 -0.05726660043001175
v 0.07973463833332062 0.006000000052154064 -0.05618534982204437
v 0.07973463833332062 -1.0430822872109502e-10 -0.05618534982204437
v 0.06983909010887146 0.006000000052154064 -0.04723669961094856
v 0.06983909010887146 -1.0430822872109502e-10 -0.04723669961094856
v 0.06947973370552063 0.006000000052154064 -0.04835071787238121
v 0.06947973370552063 0.006000000052154064 -0.04835071787238121
v 0.06983909010887146 -1.0430822872109502e-10 -0.04723669961094856
v 0.06947973370552063 -1.0430822872109502e-10 -0.04835071787238121
v 0.06947973370552063 0.006000000052154064 -0.04835071787238121
v 0.06947973370552063 -1.0430822872109502e-10 -0.04835071787238121
v 0.06957404315471649 0.006000000052154064 -0.04951745271682739
v 0.06957404315471649 0.006000000052154064 -0.04951745271682739
v 0.06947973370552063 -1.0430822872109502e-10 -0.04835071787238121
v 0.06957404315471649 -1.0430822872109502e-10 -0.04951745271682739
v 0.06957404315471649 0.006000000052154064 -0.04951745271682739
v 0.06957404315471649 -1.0430822872109502e-10 -0.04951745271682739
v 0.07010766118764877 0.006000000052154064 -0.050559286028146744
v 0.07010766118764877 0.006000000052154064 -0.050559286028146744
v 0.06957404315471649 -1.0430822872109502e-10 -0.04951745271682739
v 0.07010766118764877 -1.0430822872109502e-10 -0.050559286028146744
v 0.07010766118764877 0.006000000052154064 -0.050559286028146744
v 0.07010766118764877 -1.0430822872109502e-10 -0.050559286028146744
v 0.07099936157464981 0.006000000052154064 -0.05131760984659195
v 0.07099936157464981 0.006000000052154064 -0.05131760984659195
v 0.07010766118764877 -1.0430822872109502e-10 -0.050559286028146744
v 0.07099936157464981 -1.0430822872109502e-10 -0.05131760984659195
v 0.07373328506946564 -1.0430825647667064e-10 -0.04024847596883774
v 0.07373328506946564 0.006000000052154064 -0.04024847596883774
v 0.07481454312801361 -1.0430825647667064e-10 -0.03913383185863495
v 0.07481454312801361 -1.0430825647667064e-10 -0.03913383185863495
v 0.07373328506946564 0.006000000052154064 -0.04024847596883774
v 0.07481454312801361 0.006000000052154064 -0.03913383185863495
v 0.07481454312801361 -1.0430825647667064e-10 -0.03913383185863495
v 0.07481454312801361 0.006000000052154064 -0.03913383185863495
v 0.07630825787782669 -1.0430825647667064e-10 -0.03870914876461029
v 0.07630825787782669 -1.0430825647667064e-10 -0.03870914876461029
v 0.07481454312801361 0.006000000052154064 -0.03913383185863495
v 0.07630825787782669 0.006000000052154064 -0.03870914876461029
v 0.07630825787782669 -1.0430825647667064e-10 -0.03870914876461029
v 0.07630825787782669 0.006000000052154064 -0.03870914876461029
v 0.07781419157981873 -1.0430825647667064e-10 -0.03908821567893028
v 0.07781419157981873 -1.0430825647667064e-10 -0.03908821567893028
v 0.07630825787782669 0.006000000052154064 -0.03870914876461029
v 0.07781419157981873 0.006000000052154064 -0.03908821567893028
v 0.09063037484884262 0.006000000052154064 -0.04279569908976555
v 0.09063037484884262 -1.0430825647667064e-10 -0.04279569908976555
v 0.08954912424087524 -1.0430825647667064e-10 -0.04391034319996834
v 0.09063037484884262 0.006000000052154064 -0.04279569908976555
v 0.08954912424087524 -1.0430825647667064e-10 -0.04391034319996834
v 0.08954912424087524 0.006000000052154064 -0.04391034319996834
v 0.08954912424087524 0.006000000052154064 -0.04391034319996834
v 0.08954912424087524 -1.0430825647667064e-10 -0.04391034319996834
v 0.08805540949106216 -1.0430825647667064e-10 -0.044335026293992996
v 0.08954912424087524 0.006000000052154064 -0.04391034319996834
v 0.08805540949106216 -1.0430825647667064e-10 -0.044335026293992996
v 0.08805540949106216 0.006000000052154064 -0.044335026293992996
v 0.08805540949106216 0.006000000052154064 -0.044335026293992996
v 0.08805540949106216 -1.0430825647667064e-10 -0.044335026293992996
v 0.08654947578907013 -1.0430825647667064e-10 -0.043955959379673004
v 0.08805540949106216 0.006000000052154064 -0.044335026293992996
v 0.08654947578907013 -1.0430825647667064e-10 -0.043955959379673004
v 0.08654947578907013 0.006000000052154064 -0.043955959379673004
v 0.09160392731428146 -1.0430825647667064e-10 -0.04104864224791527
v 0.09160392731428146 0.008999999612569809 -0.04104864224791527
v 0.09268517792224884 -1.0430825647667064e-10 -0.03993399441242218
v 0.09268517792224884 -1.0430825647667064e-10 -0.03993399441242218
v 0.09160392731428146 0.008999999612569809 -0.04104864224791527
v 0.09268517792224884 0.008999999612569809 -0.03993399441242218
v 0.09268517792224884 -1.0430825647667064e-10 -0.03993399441242218
v 0.09268517792224884 0.008999999612569809 -0.03993399441242218
v 0.09417890012264252 -1.0430825647667064e-10 -0.03950931131839752
v 0.09417890012264252 -1.0430825647667064e-10 -0.03950931131839752
v 0.09268517792224884 0.008999999612569809 -0.03993399441242218
v 0.09417890012264252 0.008999999612569809 -0.03950931131839752
v 0.09417890012264252 -1.0430825647667064e-10 -0.03950931131839752
v 0.09417890012264252 0.008999999612569809 -0.03950931131839752
v 0.09568483382463455 -1.0430825647667064e-10 -0.039888378232717514
v 0.09568483382463455 -1.0430825647667064e-10 -0.039888378232717514
v 0.09417890012264252 0.008999999612569809 -0.03950931131839752
v 0.09568483382463455 0.008999999612569809 -0.039888378232717514
v 0.13412006199359894 -1.0430825647667064e-10 -0.061306439340114594
v 0.13412006199359894 0.008999999612569809 -0.061306439340114594
v 0.13523471355438232 -1.0430825647667064e-10 -0.06238768994808197
v 0.13523471355438232 -1.0430825647667064e-10 -0.06238768994808197
v 0.13412006199359894 0.008999999612569809 -0.061306439340114594
v 0.13523471355438232 0.008999999612569809 -0.06238768994808197
v 0.13523471355438232 -1.0430825647667064e-10 -0.06238768994808197
v 0.13523471355438232 0.008999999612569809 -0.06238768994808197
v 0.13565939664840698 -1.0430825647667064e-10 -0.06388140469789505
v 0.13565939664840698 -1.0430825647667064e-10 -0.06388140469789505
v 0.13523471355438232 0.008999999612569809 -0.06238768994808197
v 0.13565939664840698 0.008999999612569809 -0.06388140469789505
v 0.13565939664840698 -1.0430825647667064e-10 -0.06388140469789505
v 0.13565939664840698 0.008999999612569809 -0.06388140469789505
v 0.1352803260087967 -1.0430825647667064e-10 -0.06538734585046768
v 0.1352803260087967 -1.0430825647667064e-10 -0.06538734585046768
v 0.13565939664840698 0.008999999612569809 -0.06388140469789505
v 0.1352803260087967 0.008999999612569809 -0.06538734585046768
v 0.13571041822433472 0.006000000052154064 -0.07077853381633759
v 0.13571041822433472 -1.0430825647667064e-10 -0.07077853381633759
v 0.13481873273849487 -1.0430825647667064e-10 -0.07002022117376328
v 0.13571041822433472 0.006000000052154064 -0.07077853381633759
v 0.13481873273849487 -1.0430825647667064e-10 -0.07002022117376328
v 0.13481873273849487 0.006000000052154064 -0.07002022117376328
v 0.13481873273849487 0.006000000052154064 -0.07002022117376328
v 0.13481873273849487 -1.0430825647667064e-10 -0.07002022117376328
v 0.134285107254982 -1.0430825647667064e-10 -0.06897839158773422
v 0.13481873273849487 0.006000000052154064 -0.07002022117376328
v 0.134285107254982 -1.0430825647667064e-10 -0.06897839158773422
v 0.134285107254982 0.006000000052154064 -0.06897839158773422
v 0.134285107254982 0.006000000052154064 -0.06897839158773422
v 0.134285107254982 -1.0430825647667064e-10 -0.06897839158773422
v 0.13419079780578613 -1.0430825647667064e-10 -0.06781164556741714
v 0.134285107254982 0.006000000052154064 -0.06897839158773422
v 0.13419079780578613 -1.0430825647667064e-10 -0.06781164556741714
v 0.13419079780578613 0.006000000052154064 -0.06781164556741714
v 0.13419079780578613 0.006000000052154064 -0.06781164556741714
v 0.13419079780578613 -1.0430825647667064e-10 -0.06781164556741714
v 0.13455015420913696 -1.0430825647667064e-10 -0.0666976347565651
v 0.13419079780578613 0.006000000052154064 -0.06781164556741714
v 0.13455015420913696 -1.0430825647667064e-10 -0.0666976347565651
v 0.13455015420913696 0.006000000052154064 -0.0666976347565651
v 0.14036479592323303 0.006000000052154064 -0.07680653780698776
v 0.14036479592323303 0.012000000104308128 -0.07680653780698776
v 0.141446053981781 0.006000000052154064 -0.07569189369678497
v 0.141446053981781 0.006000000052154064 -0.07569189369678497
v 0.14036479592323303 0.012000000104308128 -0.07680653780698776
v 0.141446053981781 0.012000000104308128 -0.07569189369678497
v 0.141446053981781 0.006000000052154064 -0.07569189369678497
v 0.141446053981781 0.012000000104308128 -0.07569189369678497
v 0.1429397612810135 0.006000000052154064 -0.07526721060276031
v 0.1429397612810135 0.006000000052154064 -0.07526721060276031
v 0.141446053981781 0.012000000104308128 -0.07569189369678497
v 0.1429397612810135 0.012000000104308128 -0.07526721060276031
v 0.1429397612810135 0.006000000052154064 -0.07526721060276031
v 0.1429397612810135 0.012000000104308128 -0.07526721060276031
v 0.14444570243358612 0.006000000052154064 -0.0756462886929512
v 0.14444570243358612 0.006000000052154064 -0.0756462886929512
v 0.1429397612810135 0.012000000104308128 -0.07526721060276031
v 0.14444570243358612 0.012000000104308128 -0.0756462886929512
v 0.13598383963108063 0.012000000104308128 -0.08466830104589462
v 0.13598383963108063 0.006000000052154064 -0.08466830104589462
v 0.1356244683265686 0.012000000104308128 -0.08578230440616608
v 0.1356244683265686 0.012000000104308128 -0.08578230440616608
v 0.13598383963108063 0.006000000052154064 -0.08466830104589462
v 0.1356244683265686 0.006000000052154064 -0.08578230440616608
v 0.1356244683265686 0.012000000104308128 -0.08578230440616608
v 0.1356244683265686 0.006000000052154064 -0.08578230440616608
v 0.13571877777576447 0.012000000104308128 -0.08694905042648315
v 0.13571877777576447 0.012000000104308128 -0.08694905042648315
v 0.1356244683265686 0.006000000052154064 -0.08578230440616608
v 0.13571877777576447 0.006000000052154064 -0.08694905042648315
v 0.13571877777576447 0.012000000104308128 -0.08694905042648315
v 0.13571877777576447 0.006000000052154064 -0.08694905042648315
v 0.13625238835811615 0.012000000104308128 -0.08799087256193161
v 0.13625238835811615 0.012000000104308128 -0.08799087256193161
v 0.13571877777576447 0.006000000052154064 -0.08694905042648315
v 0.13625238835811615 0.006000000052154064 -0.08799087256193161
v 0.13625238835811615 0.012000000104308128 -0.08799087256193161
v 0.13625238835811615 0.006000000052154064 -0.08799087256193161
v 0.1371440887451172 0.012000000104308128 -0.08874920010566711
v 0.1371440887451172 0.012000000104308128 -0.08874920010566711
v 0.13625238835811615 0.006000000052154064 -0.08799087256193161
v 0.1371440887451172 0.006000000052154064 -0.08874920010566711
v 0.17121167480945587 0.012000000104308128 -0.10773338377475739
v 0.17121167480945587 0.006000000052154064 -0.10773338377475739
v 0.1727176159620285 0.012000000104308128 -0.10811246186494827
v 0.1727176159620285 0.012000000104308128 -0.10811246186494827
v 0.17121167480945587 0.006000000052154064 -0.10773338377475739
v 0.1727176159620285 0.006000000052154064 -0.10811246186494827
v 0.1727176159620285 0.012000000104308128 -0.10811246186494827
v 0.1727176159620285 0.006000000052154064 -0.10811246186494827
v 0.17421133816242218 0.012000000104308128 -0.10768777132034302
v 0.17421133816242218 0.012000000104308128 -0.10768777132034302
v 0.1727176159620285 0.006000000052154064 -0.10811246186494827
v 0.17421133816242218 0.006000000052154064 -0.10768777132034302
v 0.17421133816242218 0.012000000104308128 -0.10768777132034302
v 0.17421133816242218 0.006000000052154064 -0.10768777132034302
v 0.17529258131980896 0.012000000104308128 -0.10657312721014023
v 0.17529258131980896 0.012000000104308128 -0.10657312721014023
v 0.17421133816242218 0.006000000052154064 -0.10768777132034302
v 0.17529258131980896 0.006000000052154064 -0.10657312721014023
v 0.1785132884979248 0.006000000052154064 -0.09463046491146088
v 0.1785132884979248 0.012000000104308128 -0.09463046491146088
v 0.1796279400587082 0.006000000052154064 -0.09571171551942825
v 0.1796279400587082 0.006000000052154064 -0.09571171551942825
v 0.1785132884979248 0.012000000104308128 -0.09463046491146088
v 0.1796279400587082 0.012000000104308128 -0.09571171551942825
v 0.1796279400587082 0.006000000052154064 -0.09571171551942825
v 0.1796279400587082 0.012000000104308128 -0.09571171551942825
v 0.18005262315273285 0.006000000052154064 -0.09720543771982193
v 0.18005262315273285 0.006000000052154064 -0.09720543771982193
v 0.1796279400587082 0.012000000104308128 -0.09571171551942825
v 0.18005262315273285 0.012000000104308128 -0.09720543771982193
v 0.18005262315273285 0.006000000052154064 -0.09720543771982193
v 0.18005262315273285 0.012000000104308128 -0.09720543771982193
v 0.17967355251312256 0.006000000052154064 -0.09871137142181396
v 0.17967355251312256 0.006000000052154064 -0.09871137142181396
v 0.18005262315273285 0.012000000104308128 -0.09720543771982193
v 0.17967355251312256 0.012000000104308128 -0.09871137142181396
v 0.0570998415350914 0.012000000104308128 -0.016447139903903008
v 0.0570998415350914 -1.0430825647667064e-10 -0.016447139903903008
v 0.05887482315301895 -1.0430825647667064e-10 -0.020691098645329475
v 0.0570998415350914 0.012000000104308128 -0.016447139903903008
v 0.05887482315301895 -1.0430825647667064e-10 -0.020691098645329475
v 0.05887482315301895 0.012000000104308128 -0.020691098645329475
v 0.05887482315301895 0.012000000104308128 -0.020691098645329475
v 0.05887482315301895 -1.0430825647667064e-10 -0.020691098645329475
v 0.058847177773714066 -1.0430825647667064e-10 -0.02529120445251465
v 0.05887482315301895 0.012000000104308128 -0.020691098645329475
v 0.058847177773714066 -1.0430825647667064e-10 -0.02529120445251465
v 0.058847177773714066 0.012000000104308128 -0.02529120445251465
v 0.05982702597975731 -1.0430825647667064e-10 -0.02818261831998825
v 0.06864351779222488 -1.0430825647667064e-10 -0.03576439619064331
v 0.05982702597975731 0.012000000104308128 -0.02818261831998825
v 0.05982702597975731 0.012000000104308128 -0.02818261831998825
v 0.06864351779222488 -1.0430825647667064e-10 -0.03576439619064331
v 0.06864351779222488 0.012000000104308128 -0.03576439619064331
v 0.07937422394752502 0.012000000104308128 -0.030113089829683304
v 0.07251407951116562 0.012000000104308128 -0.035799480974674225
v 0.07937422394752502 -1.0430825647667064e-10 -0.030113089829683304
v 0.07937422394752502 -1.0430825647667064e-10 -0.030113089829683304
v 0.07251407951116562 0.012000000104308128 -0.035799480974674225
v 0.07251407951116562 -1.0430825647667064e-10 -0.035799480974674225
v 0.07914524525403976 -1.0430825647667064e-10 -0.02532166801393032
v 0.060925863683223724 -1.0430828423224625e-10 -0.012947531417012215
v 0.07914524525403976 0.012000000104308128 -0.02532166801393032
v 0.07914524525403976 0.012000000104308128 -0.02532166801393032
v 0.060925863683223724 -1.0430828423224625e-10 -0.012947531417012215
v 0.060925863683223724 0.012000000104308128 -0.012947531417012215
v 0.051605336368083954 -1.0430825647667064e-10 -0.03371239826083183
v 0.047953393310308456 -1.0430822872109502e-10 -0.03443391993641853
v 0.051605336368083954 0.012000000104308128 -0.03371239826083183
v 0.051605336368083954 0.012000000104308128 -0.03371239826083183
v 0.047953393310308456 -1.0430822872109502e-10 -0.03443391993641853
v 0.047953393310308456 0.012000000104308128 -0.03443391993641853
v 0.04116177186369896 0.012000000104308128 -0.044362783432006836
v 0.0453774593770504 0.012000000104308128 -0.0360724963247776
v 0.04116177186369896 -1.0430822872109502e-10 -0.044362783432006836
v 0.04116177186369896 -1.0430822872109502e-10 -0.044362783432006836
v 0.0453774593770504 0.012000000104308128 -0.0360724963247776
v 0.0453774593770504 -1.0430822872109502e-10 -0.0360724963247776
v 0.059358201920986176 0.012000000104308128 -0.05698143318295479
v 0.04247607663273811 0.012000000104308128 -0.04839671403169632
v 0.059358201920986176 -1.0430822872109502e-10 -0.05698143318295479
v 0.059358201920986176 -1.0430822872109502e-10 -0.05698143318295479
v 0.04247607663273811 0.012000000104308128 -0.04839671403169632
v 0.04247607663273811 -1.0430822872109502e-10 -0.04839671403169632
v 0.063625767827034 -1.0430822872109502e-10 -0.055045563727617264
v 0.06588690727949142 -1.0430822872109502e-10 -0.04613955691456795
v 0.063625767827034 0.012000000104308128 -0.055045563727617264
v 0.063625767827034 0.012000000104308128 -0.055045563727617264
v 0.06588690727949142 -1.0430822872109502e-10 -0.04613955691456795
v 0.06588690727949142 0.012000000104308128 -0.04613955691456795
v 0.05461087077856064 0.012000000104308128 -0.034248236566782
v 0.06493521481752396 0.012000000104308128 -0.043126702308654785
v 0.05461087077856064 -1.0430825647667064e-10 -0.034248236566782
v 0.05461087077856064 -1.0430825647667064e-10 -0.034248236566782
v 0.06493521481752396 0.012000000104308128 -0.043126702308654785
v 0.06493521481752396 -1.0430822872109502e-10 -0.043126702308654785
v 0.03149484470486641 -1.0430828423224625e-10 0.0012590360129252076
v 0.030580243095755577 -1.0430825647667064e-10 -0.007639311719685793
v 0.03149484470486641 0.012000000104308128 0.0012590360129252076
v 0.03149484470486641 0.012000000104308128 0.0012590360129252076
v 0.030580243095755577 -1.0430825647667064e-10 -0.007639311719685793
v 0.030580243095755577 0.012000000104308128 -0.007639311719685793
v 0.037855710834264755 0.012000000104308128 -0.013799577951431274
v 0.03218860924243927 0.012000000104308128 -0.011069049127399921
v 0.037855710834264755 -1.0430825647667064e-10 -0.013799577951431274
v 0.037855710834264755 -1.0430825647667064e-10 -0.013799577951431274
v 0.03218860924243927 0.012000000104308128 -0.011069049127399921
v 0.03218860924243927 -1.0430825647667064e-10 -0.011069049127399921
v 0.0408976674079895 0.012000000104308128 -0.013540948741137981
v 0.0408976674079895 -1.0430825647667064e-10 -0.013540948741137981
v 0.04389161989092827 -1.0430825647667064e-10 -0.012011988088488579
v 0.0408976674079895 0.012000000104308128 -0.013540948741137981
v 0.04389161989092827 -1.0430825647667064e-10 -0.012011988088488579
v 0.04389161989092827 0.012000000104308128 -0.012011988088488579
v 0.04389161989092827 0.012000000104308128 -0.012011988088488579
v 0.04389161989092827 -1.0430825647667064e-10 -0.012011988088488579
v 0.0471995510160923 -1.0430825647667064e-10 -0.01141275092959404
v 0.04389161989092827 0.012000000104308128 -0.012011988088488579
v 0.0471995510160923 -1.0430825647667064e-10 -0.01141275092959404
v 0.0471995510160923 0.012000000104308128 -0.01141275092959404
v 0.050240226089954376 0.012000000104308128 -0.008860239759087563
v 0.04977548494935036 0.012000000104308128 -0.009774169884622097
v 0.050240226089954376 -1.0430828423224625e-10 -0.008860239759087563
v 0.050240226089954376 -1.0430828423224625e-10 -0.008860239759087563
v 0.04977548494935036 0.012000000104308128 -0.009774169884622097
v 0.04977548494935036 -1.0430828423224625e-10 -0.009774169884622097
v 0.03617797791957855 0.012000000104308128 0.003860601456835866
v 0.04925163835287094 0.012000000104308128 -0.0050186957232654095
v 0.03617797791957855 -1.0430828423224625e-10 0.003860601456835866
v 0.03617797791957855 -1.0430828423224625e-10 0.003860601456835866
v 0.04925163835287094 0.012000000104308128 -0.0050186957232654095
v 0.04925163835287094 -1.0430828423224625e-10 -0.0050186957232654095
v 0.038053106516599655 0.012000000104308128 -0.029399529099464417
v 0.038053106516599655 -1.0430822872109502e-10 -0.029399529099464417
v 0.03666512668132782 -1.0430825647667064e-10 -0.026608185842633247
v 0.038053106516599655 0.012000000104308128 -0.029399529099464417
v 0.03666512668132782 -1.0430825647667064e-10 -0.026608185842633247
v 0.03666512668132782 0.012000000104308128 -0.026608185842633247
v 0.03666512668132782 0.012000000104308128 -0.026608185842633247
v 0.03666512668132782 -1.0430825647667064e-10 -0.026608185842633247
v 0.036076609045267105 -1.0430825647667064e-10 -0.0235468577593565
v 0.03666512668132782 0.012000000104308128 -0.026608185842633247
v 0.036076609045267105 -1.0430825647667064e-10 -0.0235468577593565
v 0.036076609045267105 0.012000000104308128 -0.0235468577593565
v 0.02871609851717949 0.012000000104308128 -0.01827610470354557
v 0.03438320383429527 0.012000000104308128 -0.021006634458899498
v 0.02871609851717949 -1.0430825647667064e-10 -0.01827610470354557
v 0.02871609851717949 -1.0430825647667064e-10 -0.01827610470354557
v 0.03438320383429527 0.012000000104308128 -0.021006634458899498
v 0.03438320383429527 -1.0430825647667064e-10 -0.021006634458899498
v 0.025031469762325287 0.012000000104308128 -0.01915556937456131
v 0.025031469762325287 -1.0430825647667064e-10 -0.01915556937456131
v 0.019919101148843765 -1.0430822872109502e-10 -0.02442825585603714
v 0.025031469762325287 0.012000000104308128 -0.01915556937456131
v 0.019919101148843765 -1.0430822872109502e-10 -0.02442825585603714
v 0.019919101148843765 0.012000000104308128 -0.02442825585603714
v 0.019919101148843765 0.012000000104308128 -0.02442825585603714
v 0.019919101148843765 -1.0430822872109502e-10 -0.02442825585603714
v 0.01372532919049263 -1.0430822872109502e-10 -0.02837473712861538
v 0.019919101148843765 0.012000000104308128 -0.02442825585603714
v 0.01372532919049263 -1.0430822872109502e-10 -0.02837473712861538
v 0.01372532919049263 0.012000000104308128 -0.02837473712861538
v 0.029996858909726143 -1.0430822872109502e-10 -0.042050912976264954
v 0.029996858909726143 0.012000000104308128 -0.042050912976264954
v 0.027812132611870766 0.012000000104308128 -0.04093996062874794
v 0.013671860098838806 0.012000000104308128 -0.033749498426914215
v 0.013671860098838806 -1.0430822872109502e-10 -0.033749498426914215
v 0.02427138201892376 0.012000000104308128 -0.03913945332169533
v 0.02427138201892376 0.012000000104308128 -0.03913945332169533
v 0.013671860098838806 -1.0430822872109502e-10 -0.033749498426914215
v 0.029996858909726143 -1.0430822872109502e-10 -0.042050912976264954
v 0.02427138201892376 0.012000000104308128 -0.03913945332169533
v 0.029996858909726143 -1.0430822872109502e-10 -0.042050912976264954
v 0.027661187574267387 0.012000000104308128 -0.04086320102214813
v 0.027661187574267387 0.012000000104308128 -0.04086320102214813
v 0.029996858909726143 -1.0430822872109502e-10 -0.042050912976264954
v 0.027812132611870766 0.012000000104308128 -0.04093996062874794
v 0.038246478885412216 0.012000000104308128 -0.032446324825286865
v 0.034030791372060776 0.012000000104308128 -0.0407366119325161
v 0.038246478885412216 -1.0430822872109502e-10 -0.032446324825286865
v 0.038246478885412216 -1.0430822872109502e-10 -0.032446324825286865
v 0.034030791372060776 0.012000000104308128 -0.0407366119325161
v 0.034030791372060776 -1.0430822872109502e-10 -0.0407366119325161
v -0.03142328932881355 0.012000000104308128 0.0024672229774296284
v -0.03142328932881355 -1.0430825647667064e-10 0.0024672229774296284
v -0.029420331120491028 -1.0430825647667064e-10 0.011311698704957962
v -0.03142328932881355 0.012000000104308128 0.0024672229774296284
v -0.029420331120491028 -1.0430825647667064e-10 0.011311698704957962
v -0.029420331120491028 0.012000000104308128 0.011311698704957962
v -0.029420331120491028 0.012000000104308128 0.011311698704957962
v -0.029420331120491028 -1.0430825647667064e-10 0.011311698704957962
v -0.024982141330838203 -1.0430825647667064e-10 0.019219860434532166
v -0.029420331120491028 0.012000000104308128 0.011311698704957962
v -0.024982141330838203 -1.0430825647667064e-10 0.019219860434532166
v -0.024982141330838203 0.012000000104308128 0.019219860434532166
v -0.024982141330838203 0.012000000104308128 0.019219860434532166
v -0.024982141330838203 -1.0430825647667064e-10 0.019219860434532166
v -0.018476085737347603 -1.0430828423224625e-10 0.025537123903632164
v -0.024982141330838203 0.012000000104308128 0.019219860434532166
v -0.018476085737347603 -1.0430828423224625e-10 0.025537123903632164
v -0.018476085737347603 0.012000000104308128 0.025537123903632164
v -0.018476085737347603 0.012000000104308128 0.025537123903632164
v -0.018476085737347603 -1.0430828423224625e-10 0.025537123903632164
v -0.010440695099532604 -1.0430828423224625e-10 0.029740583151578903
v -0.018476085737347603 0.012000000104308128 0.025537123903632164
v -0.010440695099532604 -1.0430828423224625e-10 0.029740583151578903
v -0.010440695099532604 0.012000000104308128 0.029740583151578903
v -0.0315890908241272 0.012000000104308128 0.04988626018166542
v -0.00974888727068901 0.012000000104308128 0.03505295515060425
v -0.0315890908241272 -1.0430828423224625e-10 0.04988626018166542
v -0.0315890908241272 -1.0430828423224625e-10 0.04988626018166542
v -0.00974888727068901 0.012000000104308128 0.03505295515060425
v -0.00974888727068901 -1.0430828423224625e-10 0.03505295515060425
v -0.03627324104309082 0.012000000104308128 0.04731350392103195
v -0.03627324104309082 -1.0430828423224625e-10 0.04731350392103195
v -0.03753754496574402 -1.0430828423224625e-10 0.04170748591423035
v -0.03627324104309082 0.012000000104308128 0.04731350392103195
v -0.03753754496574402 -1.0430828423224625e-10 0.04170748591423035
v -0.03753754496574402 0.012000000104308128 0.04170748591423035
v -0.03753754496574402 0.012000000104308128 0.04170748591423035
v -0.03753754496574402 -1.0430828423224625e-10 0.04170748591423035
v -0.041353363543748856 -1.0430828423224625e-10 0.03741033747792244
v -0.03753754496574402 0.012000000104308128 0.04170748591423035
v -0.041353363543748856 -1.0430828423224625e-10 0.03741033747792244
v -0.041353363543748856 0.012000000104308128 0.03741033747792244
v -0.041353363543748856 0.012000000104308128 0.03741033747792244
v -0.041353363543748856 -1.0430828423224625e-10 0.03741033747792244
v -0.04677056521177292 -1.0430828423224625e-10 0.03549204766750336
v -0.041353363543748856 0.012000000104308128 0.03741033747792244
v -0.04677056521177292 -1.0430828423224625e-10 0.03549204766750336
v -0.04677056521177292 0.012000000104308128 0.03549204766750336
v -0.03783681243658066 0.012000000104308128 0.0016192910261452198
v -0.049306269735097885 0.012000000104308128 0.031426336616277695
v -0.03783681243658066 -1.0430822872109502e-10 0.0016192910261452198
v -0.03783681243658066 -1.0430822872109502e-10 0.0016192910261452198
v -0.049306269735097885 0.012000000104308128 0.031426336616277695
v -0.049306269735097885 -1.0430825647667064e-10 0.031426336616277695
v -0.03438810631632805 0.012000000104308128 -0.0002978387346956879
v -0.03501095622777939 0.012000000104308128 -0.0003032333042938262
v -0.03438810631632805 -1.0430822872109502e-10 -0.0002978387346956879
v -0.03438810631632805 -1.0430822872109502e-10 -0.0002978387346956879
v -0.03501095622777939 0.012000000104308128 -0.0003032333042938262
v -0.03501095622777939 -1.0430822872109502e-10 -0.0003032333042938262
v 0.030580243095755577 0.012000000104308128 -0.007639311719685793
v 0.030580243095755577 -1.0430825647667064e-10 -0.007639311719685793
v 0.030557164922356606 0.012000000104308128 -0.00899392832070589
v 0.030557164922356606 0.012000000104308128 -0.00899392832070589
v 0.030580243095755577 -1.0430825647667064e-10 -0.007639311719685793
v 0.030557164922356606 -1.0430825647667064e-10 -0.00899392832070589
v 0.030557164922356606 0.012000000104308128 -0.00899392832070589
v 0.030557164922356606 -1.0430825647667064e-10 -0.00899392832070589
v 0.031132392585277557 0.012000000104308128 -0.010220563970506191
v 0.031132392585277557 0.012000000104308128 -0.010220563970506191
v 0.030557164922356606 -1.0430825647667064e-10 -0.00899392832070589
v 0.031132392585277557 -1.0430825647667064e-10 -0.010220563970506191
v 0.031132392585277557 0.012000000104308128 -0.010220563970506191
v 0.031132392585277557 -1.0430825647667064e-10 -0.010220563970506191
v 0.03218860924243927 0.012000000104308128 -0.011069049127399921
v 0.03218860924243927 0.012000000104308128 -0.011069049127399921
v 0.031132392585277557 -1.0430825647667064e-10 -0.010220563970506191
v 0.03218860924243927 -1.0430825647667064e-10 -0.011069049127399921
v 0.036076609045267105 0.012000000104308128 -0.0235468577593565
v 0.036076609045267105 -1.0430825647667064e-10 -0.0235468577593565
v 0.03583231940865517 0.012000000104308128 -0.022513331845402718
v 0.03583231940865517 0.012000000104308128 -0.022513331845402718
v 0.036076609045267105 -1.0430825647667064e-10 -0.0235468577593565
v 0.03583231940865517 -1.0430825647667064e-10 -0.022513331845402718
v 0.03583231940865517 0.012000000104308128 -0.022513331845402718
v 0.03583231940865517 -1.0430825647667064e-10 -0.022513331845402718
v 0.03524324297904968 0.012000000104308128 -0.021629678085446358
v 0.03524324297904968 0.012000000104308128 -0.021629678085446358
v 0.03583231940865517 -1.0430825647667064e-10 -0.022513331845402718
v 0.03524324297904968 -1.0430825647667064e-10 -0.021629678085446358
v 0.03524324297904968 0.012000000104308128 -0.021629678085446358
v 0.03524324297904968 -1.0430825647667064e-10 -0.021629678085446358
v 0.03438320383429527 0.012000000104308128 -0.021006634458899498
v 0.03438320383429527 0.012000000104308128 -0.021006634458899498
v 0.03524324297904968 -1.0430825647667064e-10 -0.021629678085446358
v 0.03438320383429527 -1.0430825647667064e-10 -0.021006634458899498
v 0.02871609851717949 0.012000000104308128 -0.01827610470354557
v 0.02871609851717949 -1.0430825647667064e-10 -0.01827610470354557
v 0.027394304051995277 0.012000000104308128 -0.017978815361857414
v 0.027394304051995277 0.012000000104308128 -0.017978815361857414
v 0.02871609851717949 -1.0430825647667064e-10 -0.01827610470354557
v 0.027394304051995277 -1.0430825647667064e-10 -0.017978815361857414
v 0.027394304051995277 0.012000000104308128 -0.017978815361857414
v 0.027394304051995277 -1.0430825647667064e-10 -0.017978815361857414
v 0.026076508685946465 0.012000000104308128 -0.0182933546602726
v 0.026076508685946465 0.012000000104308128 -0.0182933546602726
v 0.027394304051995277 -1.0430825647667064e-10 -0.017978815361857414
v 0.026076508685946465 -1.0430825647667064e-10 -0.0182933546602726
v 0.026076508685946465 0.012000000104308128 -0.0182933546602726
v 0.026076508685946465 -1.0430825647667064e-10 -0.0182933546602726
v 0.025031469762325287 0.012000000104308128 -0.01915556937456131
v 0.025031469762325287 0.012000000104308128 -0.01915556937456131
v 0.026076508685946465 -1.0430825647667064e-10 -0.0182933546602726
v 0.025031469762325287 -1.0430825647667064e-10 -0.01915556937456131
v 0.037855710834264755 0.012000000104308128 -0.013799577951431274
v 0.037855710834264755 -1.0430825647667064e-10 -0.013799577951431274
v 0.03887894004583359 0.012000000104308128 -0.014083932153880596
v 0.03887894004583359 0.012000000104308128 -0.014083932153880596
v 0.037855710834264755 -1.0430825647667064e-10 -0.013799577951431274
v 0.03887894004583359 -1.0430825647667064e-10 -0.014083932153880596
v 0.03887894004583359 0.012000000104308128 -0.014083932153880596
v 0.03887894004583359 -1.0430825647667064e-10 -0.014083932153880596
v 0.03993712738156319 0.012000000104308128 -0.013993965461850166
v 0.03993712738156319 0.012000000104308128 -0.013993965461850166
v 0.03887894004583359 -1.0430825647667064e-10 -0.014083932153880596
v 0.03993712738156319 -1.0430825647667064e-10 -0.013993965461850166
v 0.03993712738156319 0.012000000104308128 -0.013993965461850166
v 0.03993712738156319 -1.0430825647667064e-10 -0.013993965461850166
v 0.0408976674079895 0.012000000104308128 -0.013540948741137981
v 0.0408976674079895 0.012000000104308128 -0.013540948741137981
v 0.03993712738156319 -1.0430825647667064e-10 -0.013993965461850166
v 0.0408976674079895 -1.0430825647667064e-10 -0.013540948741137981
v 0.06864351779222488 0.012000000104308128 -0.03576439619064331
v 0.06864351779222488 -1.0430825647667064e-10 -0.03576439619064331
v 0.06987833231687546 0.012000000104308128 -0.03640180081129074
v 0.06987833231687546 0.012000000104308128 -0.03640180081129074
v 0.06864351779222488 -1.0430825647667064e-10 -0.03576439619064331
v 0.06987833231687546 -1.0430825647667064e-10 -0.03640180081129074
v 0.06987833231687546 0.012000000104308128 -0.03640180081129074
v 0.06987833231687546 -1.0430825647667064e-10 -0.03640180081129074
v 0.07126791030168533 0.012000000104308128 -0.03641439974308014
v 0.07126791030168533 0.012000000104308128 -0.03641439974308014
v 0.06987833231687546 -1.0430825647667064e-10 -0.03640180081129074
v 0.07126791030168533 -1.0430825647667064e-10 -0.03641439974308014
v 0.07126791030168533 0.012000000104308128 -0.03641439974308014
v 0.07126791030168533 -1.0430825647667064e-10 -0.03641439974308014
v 0.07251407951116562 0.012000000104308128 -0.035799480974674225
v 0.07251407951116562 0.012000000104308128 -0.035799480974674225
v 0.07126791030168533 -1.0430825647667064e-10 -0.03641439974308014
v 0.07251407951116562 -1.0430825647667064e-10 -0.035799480974674225
v 0.06493521481752396 -1.0430822872109502e-10 -0.043126702308654785
v 0.06493521481752396 0.012000000104308128 -0.043126702308654785
v 0.06562499701976776 -1.0430822872109502e-10 -0.04398725926876068
v 0.06562499701976776 -1.0430822872109502e-10 -0.04398725926876068
v 0.06493521481752396 0.012000000104308128 -0.043126702308654785
v 0.06562499701976776 0.012000000104308128 -0.04398725926876068
v 0.06562499701976776 -1.0430822872109502e-10 -0.04398725926876068
v 0.06562499701976776 0.012000000104308128 -0.04398725926876068
v 0.06595718860626221 -1.0430822872109502e-10 -0.045038916170597076
v 0.06595718860626221 -1.0430822872109502e-10 -0.045038916170597076
v 0.06562499701976776 0.012000000104308128 -0.04398725926876068
v 0.06595718860626221 0.012000000104308128 -0.045038916170597076
v 0.06595718860626221 -1.0430822872109502e-10 -0.045038916170597076
v 0.06595718860626221 0.012000000104308128 -0.045038916170597076
v 0.06588690727949142 -1.0430822872109502e-10 -0.04613955691456795
v 0.06588690727949142 -1.0430822872109502e-10 -0.04613955691456795
v 0.06595718860626221 0.012000000104308128 -0.045038916170597076
v 0.06588690727949142 0.012000000104308128 -0.04613955691456795
v 0.05461087077856064 0.012000000104308128 -0.034248236566782
v 0.05461087077856064 -1.0430825647667064e-10 -0.034248236566782
v 0.05369580537080765 0.012000000104308128 -0.033709242939949036
v 0.05369580537080765 0.012000000104308128 -0.033709242939949036
v 0.05461087077856064 -1.0430825647667064e-10 -0.034248236566782
v 0.05369580537080765 -1.0430825647667064e-10 -0.033709242939949036
v 0.05369580537080765 0.012000000104308128 -0.033709242939949036
v 0.05369580537080765 -1.0430825647667064e-10 -0.033709242939949036
v 0.05265028774738312 0.012000000104308128 -0.033522844314575195
v 0.05265028774738312 0.012000000104308128 -0.033522844314575195
v 0.05369580537080765 -1.0430825647667064e-10 -0.033709242939949036
v 0.05265028774738312 -1.0430825647667064e-10 -0.033522844314575195
v 0.05265028774738312 0.012000000104308128 -0.033522844314575195
v 0.05265028774738312 -1.0430825647667064e-10 -0.033522844314575195
v 0.051605336368083954 0.012000000104308128 -0.03371239826083183
v 0.051605336368083954 0.012000000104308128 -0.03371239826083183
v 0.05265028774738312 -1.0430825647667064e-10 -0.033522844314575195
v 0.051605336368083954 -1.0430825647667064e-10 -0.03371239826083183
v 0.058847177773714066 0.012000000104308128 -0.02529120445251465
v 0.058847177773714066 -1.0430825647667064e-10 -0.02529120445251465
v 0.05881623551249504 0.012000000104308128 -0.026352759450674057
v 0.05881623551249504 0.012000000104308128 -0.026352759450674057
v 0.058847177773714066 -1.0430825647667064e-10 -0.02529120445251465
v 0.05881623551249504 -1.0430825647667064e-10 -0.026352759450674057
v 0.05881623551249504 0.012000000104308128 -0.026352759450674057
v 0.05881623551249504 -1.0430825647667064e-10 -0.026352759450674057
v 0.05915708839893341 0.012000000104308128 -0.02735857665538788
v 0.05915708839893341 0.012000000104308128 -0.02735857665538788
v 0.05881623551249504 -1.0430825647667064e-10 -0.026352759450674057
v 0.05915708839893341 -1.0430825647667064e-10 -0.02735857665538788
v 0.05915708839893341 0.012000000104308128 -0.02735857665538788
v 0.05915708839893341 -1.0430825647667064e-10 -0.02735857665538788
v 0.05982702597975731 0.012000000104308128 -0.02818261831998825
v 0.05982702597975731 0.012000000104308128 -0.02818261831998825
v 0.05915708839893341 -1.0430825647667064e-10 -0.02735857665538788
v 0.05982702597975731 -1.0430825647667064e-10 -0.02818261831998825
v -0.010440695099532604 0.012000000104308128 0.029740583151578903
v -0.010440695099532604 -1.0430828423224625e-10 0.029740583151578903
v -0.009326519444584846 0.012000000104308128 0.0304365623742342
v -0.009326519444584846 0.012000000104308128 0.0304365623742342
v -0.010440695099532604 -1.0430828423224625e-10 0.029740583151578903
v -0.009326519444584846 -1.0430828423224625e-10 0.0304365623742342
v -0.009326519444584846 0.012000000104308128 0.0304365623742342
v -0.009326519444584846 -1.0430828423224625e-10 0.0304365623742342
v -0.008616538718342781 0.012000000104308128 0.03154187276959419
v -0.008616538718342781 0.012000000104308128 0.03154187276959419
v -0.009326519444584846 -1.0430828423224625e-10 0.0304365623742342
v -0.008616538718342781 -1.0430828423224625e-10 0.03154187276959419
v -0.008616538718342781 0.012000000104308128 0.03154187276959419
v -0.008616538718342781 -1.0430828423224625e-10 0.03154187276959419
v -0.008446895517408848 0.012000000104308128 0.03284456208348274
v -0.008446895517408848 0.012000000104308128 0.03284456208348274
v -0.008616538718342781 -1.0430828423224625e-10 0.03154187276959419
v -0.008446895517408848 -1.0430828423224625e-10 0.03284456208348274
v -0.008446895517408848 0.012000000104308128 0.03284456208348274
v -0.008446895517408848 -1.0430828423224625e-10 0.03284456208348274
v -0.008850118145346642 0.012000000104308128 0.03409483656287193
v -0.008850118145346642 0.012000000104308128 0.03409483656287193
v -0.008446895517408848 -1.0430828423224625e-10 0.03284456208348274
v -0.008850118145346642 -1.0430828423224625e-10 0.03409483656287193
v -0.008850118145346642 0.012000000104308128 0.03409483656287193
v -0.008850118145346642 -1.0430828423224625e-10 0.03409483656287193
v -0.00974888727068901 0.012000000104308128 0.03505295515060425
v -0.00974888727068901 0.012000000104308128 0.03505295515060425
v -0.008850118145346642 -1.0430828423224625e-10 0.03409483656287193
v -0.00974888727068901 -1.0430828423224625e-10 0.03505295515060425
v -0.0315890908241272 0.012000000104308128 0.04988626018166542
v -0.0315890908241272 -1.0430828423224625e-10 0.04988626018166542
v -0.03280537202954292 0.012000000104308128 0.050367604941129684
v -0.03280537202954292 0.012000000104308128 0.050367604941129684
v -0.0315890908241272 -1.0430828423224625e-10 0.04988626018166542
v -0.03280537202954292 -1.0430828423224625e-10 0.050367604941129684
v -0.03280537202954292 0.012000000104308128 0.050367604941129684
v -0.03280537202954292 -1.0430828423224625e-10 0.050367604941129684
v -0.034110862761735916 0.012000000104308128 0.05028562247753143
v -0.034110862761735916 0.012000000104308128 0.05028562247753143
v -0.03280537202954292 -1.0430828423224625e-10 0.050367604941129684
v -0.034110862761735916 -1.0430828423224625e-10 0.05028562247753143
v -0.034110862761735916 0.012000000104308128 0.05028562247753143
v -0.034110862761735916 -1.0430828423224625e-10 0.05028562247753143
v -0.03525737300515175 0.012000000104308128 0.04965590685606003
v -0.03525737300515175 0.012000000104308128 0.04965590685606003
v -0.034110862761735916 -1.0430828423224625e-10 0.05028562247753143
v -0.03525737300515175 -1.0430828423224625e-10 0.04965590685606003
v -0.03525737300515175 0.012000000104308128 0.04965590685606003
v -0.03525737300515175 -1.0430828423224625e-10 0.04965590685606003
v -0.036026936024427414 0.012000000104308128 0.04859817028045654
v -0.036026936024427414 0.012000000104308128 0.04859817028045654
v -0.03525737300515175 -1.0430828423224625e-10 0.04965590685606003
v -0.036026936024427414 -1.0430828423224625e-10 0.04859817028045654
v -0.036026936024427414 0.012000000104308128 0.04859817028045654
v -0.036026936024427414 -1.0430828423224625e-10 0.04859817028045654
v -0.03627324104309082 0.012000000104308128 0.04731350392103195
v -0.03627324104309082 0.012000000104308128 0.04731350392103195
v -0.036026936024427414 -1.0430828423224625e-10 0.04859817028045654
v -0.03627324104309082 -1.0430828423224625e-10 0.04731350392103195
v -0.04677056521177292 0.012000000104308128 0.03549204766750336
v -0.04677056521177292 -1.0430828423224625e-10 0.03549204766750336
v -0.048076141625642776 0.012000000104308128 0.03506023809313774
v -0.048076141625642776 0.012000000104308128 0.03506023809313774
v -0.04677056521177292 -1.0430828423224625e-10 0.03549204766750336
v -0.048076141625642776 -1.0430828423224625e-10 0.03506023809313774
v -0.048076141625642776 0.012000000104308128 0.03506023809313774
v -0.048076141625642776 -1.0430828423224625e-10 0.03506023809313774
v -0.04905189946293831 0.012000000104308128 0.0340912826359272
v -0.04905189946293831 0.012000000104308128 0.0340912826359272
v -0.048076141625642776 -1.0430828423224625e-10 0.03506023809313774
v -0.04905189946293831 -1.0430828423224625e-10 0.0340912826359272
v -0.04905189946293831 0.012000000104308128 0.0340912826359272
v -0.04905189946293831 -1.0430828423224625e-10 0.0340912826359272
v -0.04949282109737396 0.012000000104308128 0.032788753509521484
v -0.04949282109737396 0.012000000104308128 0.032788753509521484
v -0.04905189946293831 -1.0430828423224625e-10 0.0340912826359272
v -0.04949282109737396 -1.0430825647667064e-10 0.032788753509521484
v -0.04949282109737396 0.012000000104308128 0.032788753509521484
v -0.04949282109737396 -1.0430825647667064e-10 0.032788753509521484
v -0.049306269735097885 0.012000000104308128 0.031426336616277695
v -0.049306269735097885 0.012000000104308128 0.031426336616277695
v -0.04949282109737396 -1.0430825647667064e-10 0.032788753509521484
v -0.049306269735097885 -1.0430825647667064e-10 0.031426336616277695
v -0.03783681243658066 0.012000000104308128 0.0016192910261452198
v -0.03783681243658066 -1.0430822872109502e-10 0.0016192910261452198
v -0.03718780726194382 0.012000000104308128 0.0006053007091395557
v -0.03718780726194382 0.012000000104308128 0.0006053007091395557
v -0.03783681243658066 -1.0430822872109502e-10 0.0016192910261452198
v -0.03718780726194382 -1.0430822872109502e-10 0.0006053007091395557
v -0.03718780726194382 0.012000000104308128 0.0006053007091395557
v -0.03718780726194382 -1.0430822872109502e-10 0.0006053007091395557
v -0.03619242459535599 0.012000000104308128 -7.18923838576302e-05
v -0.03619242459535599 0.012000000104308128 -7.18923838576302e-05
v -0.03718780726194382 -1.0430822872109502e-10 0.0006053007091395557
v -0.03619242459535599 -1.0430822872109502e-10 -7.18923838576302e-05
v -0.03619242459535599 0.012000000104308128 -7.18923838576302e-05
v -0.03619242459535599 -1.0430822872109502e-10 -7.18923838576302e-05
v -0.03501095622777939 0.012000000104308128 -0.0003032333042938262
v -0.03501095622777939 0.012000000104308128 -0.0003032333042938262
v -0.03619242459535599 -1.0430822872109502e-10 -7.18923838576302e-05
v -0.03501095622777939 -1.0430822872109502e-10 -0.0003032333042938262
v -0.03438810631632805 0.012000000104308128 -0.0002978387346956879
v -0.03438810631632805 -1.0430822872109502e-10 -0.0002978387346956879
v -0.03296725079417229 0.012000000104308128 7.399485912173986e-05
v -0.03296725079417229 0.012000000104308128 7.399485912173986e-05
v -0.03438810631632805 -1.0430822872109502e-10 -0.0002978387346956879
v -0.03296725079417229 -1.0430822872109502e-10 7.399485912173986e-05
v -0.03296725079417229 0.012000000104308128 7.399485912173986e-05
v -0.03296725079417229 -1.0430822872109502e-10 7.399485912173986e-05
v -0.03189316764473915 0.012000000104308128 0.0010757126146927476
v -0.03189316764473915 0.012000000104308128 0.0010757126146927476
v -0.03296725079417229 -1.0430822872109502e-10 7.399485912173986e-05
v -0.03189316764473915 -1.0430822872109502e-10 0.0010757126146927476
v -0.03189316764473915 0.012000000104308128 0.0010757126146927476
v -0.03189316764473915 -1.0430822872109502e-10 0.0010757126146927476
v -0.03142328932881355 0.012000000104308128 0.0024672229774296284
v -0.03142328932881355 0.012000000104308128 0.0024672229774296284
v -0.03189316764473915 -1.0430822872109502e-10 0.0010757126146927476
v -0.03142328932881355 -1.0430825647667064e-10 0.0024672229774296284
v 0.01372532919049263 0.012000000104308128 -0.02837473712861538
v 0.01372532919049263 -1.0430822872109502e-10 -0.02837473712861538
v 0.012691683135926723 0.012000000104308128 -0.02919803000986576
v 0.012691683135926723 0.012000000104308128 -0.02919803000986576
v 0.01372532919049263 -1.0430822872109502e-10 -0.02837473712861538
v 0.012691683135926723 -1.0430822872109502e-10 -0.02919803000986576
v 0.012691683135926723 0.012000000104308128 -0.02919803000986576
v 0.012691683135926723 -1.0430822872109502e-10 -0.02919803000986576
v 0.012112054973840714 0.012000000104308128 -0.03038557432591915
v 0.012112054973840714 0.012000000104308128 -0.03038557432591915
v 0.012691683135926723 -1.0430822872109502e-10 -0.02919803000986576
v 0.012112054973840714 -1.0430822872109502e-10 -0.03038557432591915
v 0.012112054973840714 0.012000000104308128 -0.03038557432591915
v 0.012112054973840714 -1.0430822872109502e-10 -0.03038557432591915
v 0.01209891028702259 0.012000000104308128 -0.03170696273446083
v 0.01209891028702259 0.012000000104308128 -0.03170696273446083
v 0.012112054973840714 -1.0430822872109502e-10 -0.03038557432591915
v 0.01209891028702259 -1.0430822872109502e-10 -0.03170696273446083
v 0.01209891028702259 0.012000000104308128 -0.03170696273446083
v 0.01209891028702259 -1.0430822872109502e-10 -0.03170696273446083
v 0.012654798105359077 0.012000000104308128 -0.032905805855989456
v 0.012654798105359077 0.012000000104308128 -0.032905805855989456
v 0.01209891028702259 -1.0430822872109502e-10 -0.03170696273446083
v 0.012654798105359077 -1.0430822872109502e-10 -0.032905805855989456
v 0.012654798105359077 0.012000000104308128 -0.032905805855989456
v 0.012654798105359077 -1.0430822872109502e-10 -0.032905805855989456
v 0.013671860098838806 0.012000000104308128 -0.033749498426914215
v 0.013671860098838806 0.012000000104308128 -0.033749498426914215
v 0.012654798105359077 -1.0430822872109502e-10 -0.032905805855989456
v 0.013671860098838806 -1.0430822872109502e-10 -0.033749498426914215
v 0.029996858909726143 0.012000000104308128 -0.042050912976264954
v 0.029996858909726143 -1.0430822872109502e-10 -0.042050912976264954
v 0.03151610121130943 0.012000000104308128 -0.042372558265924454
v 0.03151610121130943 0.012000000104308128 -0.042372558265924454
v 0.029996858909726143 -1.0430822872109502e-10 -0.042050912976264954
v 0.03151610121130943 -1.0430822872109502e-10 -0.042372558265924454
v 0.03151610121130943 0.012000000104308128 -0.042372558265924454
v 0.03151610121130943 -1.0430822872109502e-10 -0.042372558265924454
v 0.03299262002110481 0.012000000104308128 -0.041891489177942276
v 0.03299262002110481 0.012000000104308128 -0.041891489177942276
v 0.03151610121130943 -1.0430822872109502e-10 -0.042372558265924454
v 0.03299262002110481 -1.0430822872109502e-10 -0.041891489177942276
v 0.03299262002110481 0.012000000104308128 -0.041891489177942276
v 0.03299262002110481 -1.0430822872109502e-10 -0.041891489177942276
v 0.034030791372060776 0.012000000104308128 -0.0407366119325161
v 0.034030791372060776 0.012000000104308128 -0.0407366119325161
v 0.03299262002110481 -1.0430822872109502e-10 -0.041891489177942276
v 0.034030791372060776 -1.0430822872109502e-10 -0.0407366119325161
v 0.038246478885412216 0.012000000104308128 -0.032446324825286865
v 0.038246478885412216 -1.0430822872109502e-10 -0.032446324825286865
v 0.038552697747945786 0.012000000104308128 -0.03142942488193512
v 0.038552697747945786 0.012000000104308128 -0.03142942488193512
v 0.038246478885412216 -1.0430822872109502e-10 -0.032446324825286865
v 0.038552697747945786 -1.0430822872109502e-10 -0.03142942488193512
v 0.038552697747945786 0.012000000104308128 -0.03142942488193512
v 0.038552697747945786 -1.0430822872109502e-10 -0.03142942488193512
v 0.03848543018102646 0.012000000104308128 -0.030369555577635765
v 0.03848543018102646 0.012000000104308128 -0.030369555577635765
v 0.038552697747945786 -1.0430822872109502e-10 -0.03142942488193512
v 0.03848543018102646 -1.0430822872109502e-10 -0.030369555577635765
v 0.03848543018102646 0.012000000104308128 -0.030369555577635765
v 0.03848543018102646 -1.0430822872109502e-10 -0.030369555577635765
v 0.038053106516599655 0.012000000104308128 -0.029399529099464417
v 0.038053106516599655 0.012000000104308128 -0.029399529099464417
v 0.03848543018102646 -1.0430822872109502e-10 -0.030369555577635765
v 0.038053106516599655 -1.0430822872109502e-10 -0.029399529099464417
v 0.0471995510160923 0.012000000104308128 -0.01141275092959404
v 0.0471995510160923 -1.0430825647667064e-10 -0.01141275092959404
v 0.04823807626962662 0.012000000104308128 -0.011190666817128658
v 0.04823807626962662 0.012000000104308128 -0.011190666817128658
v 0.0471995510160923 -1.0430825647667064e-10 -0.01141275092959404
v 0.04823807626962662 -1.0430825647667064e-10 -0.011190666817128658
v 0.04823807626962662 0.012000000104308128 -0.011190666817128658
v 0.04823807626962662 -1.0430825647667064e-10 -0.011190666817128658
v 0.04913415387272835 0.012000000104308128 -0.0106206638738513
v 0.04913415387272835 0.012000000104308128 -0.0106206638738513
v 0.04823807626962662 -1.0430825647667064e-10 -0.011190666817128658
v 0.04913415387272835 -1.0430825647667064e-10 -0.0106206638738513
v 0.04913415387272835 0.012000000104308128 -0.0106206638738513
v 0.04913415387272835 -1.0430825647667064e-10 -0.0106206638738513
v 0.04977548494935036 0.012000000104308128 -0.009774169884622097
v 0.04977548494935036 0.012000000104308128 -0.009774169884622097
v 0.04913415387272835 -1.0430825647667064e-10 -0.0106206638738513
v 0.04977548494935036 -1.0430828423224625e-10 -0.009774169884622097
v 0.04925163835287094 -1.0430828423224625e-10 -0.0050186957232654095
v 0.04925163835287094 0.012000000104308128 -0.0050186957232654095
v 0.05020936578512192 -1.0430828423224625e-10 -0.006081550382077694
v 0.05020936578512192 -1.0430828423224625e-10 -0.006081550382077694
v 0.04925163835287094 0.012000000104308128 -0.0050186957232654095
v 0.05020936578512192 0.012000000104308128 -0.006081550382077694
v 0.05020936578512192 -1.0430828423224625e-10 -0.006081550382077694
v 0.05020936578512192 0.012000000104308128 -0.006081550382077694
v 0.0505659244954586 -1.0430828423224625e-10 -0.007467107847332954
v 0.0505659244954586 -1.0430828423224625e-10 -0.007467107847332954
v 0.05020936578512192 0.012000000104308128 -0.006081550382077694
v 0.0505659244954586 0.012000000104308128 -0.007467107847332954
v 0.0505659244954586 -1.0430828423224625e-10 -0.007467107847332954
v 0.0505659244954586 0.012000000104308128 -0.007467107847332954
v 0.050240226089954376 -1.0430828423224625e-10 -0.008860239759087563
v 0.050240226089954376 -1.0430828423224625e-10 -0.008860239759087563
v 0.0505659244954586 0.012000000104308128 -0.007467107847332954
v 0.050240226089954376 0.012000000104308128 -0.008860239759087563
v 0.03617797791957855 0.012000000104308128 0.003860601456835866
v 0.03617797791957855 -1.0430828423224625e-10 0.003860601456835866
v 0.03495600447058678 0.012000000104308128 0.00434283958747983
v 0.03495600447058678 0.012000000104308128 0.00434283958747983
v 0.03617797791957855 -1.0430828423224625e-10 0.003860601456835866
v 0.03495600447058678 -1.0430828423224625e-10 0.00434283958747983
v 0.03495600447058678 0.012000000104308128 0.00434283958747983
v 0.03495600447058678 -1.0430828423224625e-10 0.00434283958747983
v 0.0336451381444931 0.012000000104308128 0.004256726708263159
v 0.0336451381444931 0.012000000104308128 0.004256726708263159
v 0.03495600447058678 -1.0430828423224625e-10 0.00434283958747983
v 0.0336451381444931 -1.0430828423224625e-10 0.004256726708263159
v 0.0336451381444931 0.012000000104308128 0.004256726708263159
v 0.0336451381444931 -1.0430828423224625e-10 0.004256726708263159
v 0.032496750354766846 0.012000000104308128 0.003618776798248291
v 0.032496750354766846 0.012000000104308128 0.003618776798248291
v 0.0336451381444931 -1.0430828423224625e-10 0.004256726708263159
v 0.032496750354766846 -1.0430828423224625e-10 0.003618776798248291
v 0.032496750354766846 0.012000000104308128 0.003618776798248291
v 0.032496750354766846 -1.0430828423224625e-10 0.003618776798248291
v 0.03173104301095009 0.012000000104308128 0.0025513176806271076
v 0.03173104301095009 0.012000000104308128 0.0025513176806271076
v 0.032496750354766846 -1.0430828423224625e-10 0.003618776798248291
v 0.03173104301095009 -1.0430828423224625e-10 0.0025513176806271076
v 0.03173104301095009 0.012000000104308128 0.0025513176806271076
v 0.03173104301095009 -1.0430828423224625e-10 0.0025513176806271076
v 0.03149484470486641 0.012000000104308128 0.0012590360129252076
v 0.03149484470486641 0.012000000104308128 0.0012590360129252076
v 0.03173104301095009 -1.0430828423224625e-10 0.0025513176806271076
v 0.03149484470486641 -1.0430828423224625e-10 0.0012590360129252076
v 0.047953393310308456 0.012000000104308128 -0.03443391993641853
v 0.047953393310308456 -1.0430822872109502e-10 -0.03443391993641853
v 0.04691486805677414 0.012000000104308128 -0.03465600311756134
v 0.04691486805677414 0.012000000104308128 -0.03465600311756134
v 0.047953393310308456 -1.0430822872109502e-10 -0.03443391993641853
v 0.04691486805677414 -1.0430822872109502e-10 -0.03465600311756134
v 0.04691486805677414 0.012000000104308128 -0.03465600311756134
v 0.04691486805677414 -1.0430822872109502e-10 -0.03465600311756134
v 0.04601879045367241 0.012000000104308128 -0.0352260060608387
v 0.04601879045367241 0.012000000104308128 -0.0352260060608387
v 0.04691486805677414 -1.0430822872109502e-10 -0.03465600311756134
v 0.04601879045367241 -1.0430822872109502e-10 -0.0352260060608387
v 0.04601879045367241 0.012000000104308128 -0.0352260060608387
v 0.04601879045367241 -1.0430822872109502e-10 -0.0352260060608387
v 0.0453774593770504 0.012000000104308128 -0.0360724963247776
v 0.0453774593770504 0.012000000104308128 -0.0360724963247776
v 0.04601879045367241 -1.0430822872109502e-10 -0.0352260060608387
v 0.0453774593770504 -1.0430822872109502e-10 -0.0360724963247776
v 0.04247607663273811 -1.0430822872109502e-10 -0.04839671403169632
v 0.04247607663273811 0.012000000104308128 -0.04839671403169632
v 0.041321199387311935 -1.0430822872109502e-10 -0.047358542680740356
v 0.041321199387311935 -1.0430822872109502e-10 -0.047358542680740356
v 0.04247607663273811 0.012000000104308128 -0.04839671403169632
v 0.041321199387311935 0.012000000104308128 -0.047358542680740356
v 0.041321199387311935 -1.0430822872109502e-10 -0.047358542680740356
v 0.041321199387311935 0.012000000104308128 -0.047358542680740356
v 0.04084013029932976 -1.0430822872109502e-10 -0.04588202014565468
v 0.04084013029932976 -1.0430822872109502e-10 -0.04588202014565468
v 0.041321199387311935 0.012000000104308128 -0.047358542680740356
v 0.04084013029932976 0.012000000104308128 -0.04588202014565468
v 0.04084013029932976 -1.0430822872109502e-10 -0.04588202014565468
v 0.04084013029932976 0.012000000104308128 -0.04588202014565468
v 0.04116177186369896 -1.0430822872109502e-10 -0.044362783432006836
v 0.04116177186369896 -1.0430822872109502e-10 -0.044362783432006836
v 0.04084013029932976 0.012000000104308128 -0.04588202014565468
v 0.04116177186369896 0.012000000104308128 -0.044362783432006836
v 0.059358201920986176 0.012000000104308128 -0.05698143318295479
v 0.059358201920986176 -1.0430822872109502e-10 -0.05698143318295479
v 0.06065117567777634 0.012000000104308128 -0.057306576520204544
v 0.06065117567777634 0.012000000104308128 -0.057306576520204544
v 0.059358201920986176 -1.0430822872109502e-10 -0.05698143318295479
v 0.06065117567777634 -1.0430822872109502e-10 -0.057306576520204544
v 0.06065117567777634 0.012000000104308128 -0.057306576520204544
v 0.06065117567777634 -1.0430822872109502e-10 -0.057306576520204544
v 0.06195734441280365 0.012000000104308128 -0.05703936517238617
v 0.06195734441280365 0.012000000104308128 -0.05703936517238617
v 0.06065117567777634 -1.0430822872109502e-10 -0.057306576520204544
v 0.06195734441280365 -1.0430822872109502e-10 -0.05703936517238617
v 0.06195734441280365 0.012000000104308128 -0.05703936517238617
v 0.06195734441280365 -1.0430822872109502e-10 -0.05703936517238617
v 0.06301874667406082 0.012000000104308128 -0.05623258277773857
v 0.06301874667406082 0.012000000104308128 -0.05623258277773857
v 0.06195734441280365 -1.0430822872109502e-10 -0.05703936517238617
v 0.06301874667406082 -1.0430822872109502e-10 -0.05623258277773857
v 0.06301874667406082 0.012000000104308128 -0.05623258277773857
v 0.06301874667406082 -1.0430822872109502e-10 -0.05623258277773857
v 0.063625767827034 0.012000000104308128 -0.055045563727617264
v 0.063625767827034 0.012000000104308128 -0.055045563727617264
v 0.06301874667406082 -1.0430822872109502e-10 -0.05623258277773857
v 0.063625767827034 -1.0430822872109502e-10 -0.055045563727617264
v 0.056757353246212006 0.012000000104308128 -0.013745578937232494
v 0.056757353246212006 -1.0430825647667064e-10 -0.013745578937232494
v 0.056604404002428055 0.012000000104308128 -0.015137458220124245
v 0.056604404002428055 0.012000000104308128 -0.015137458220124245
v 0.056757353246212006 -1.0430825647667064e-10 -0.013745578937232494
v 0.056604404002428055 -1.0430825647667064e-10 -0.015137458220124245
v 0.056604404002428055 0.012000000104308128 -0.015137458220124245
v 0.056604404002428055 -1.0430825647667064e-10 -0.015137458220124245
v 0.0570998415350914 0.012000000104308128 -0.016447139903903008
v 0.0570998415350914 0.012000000104308128 -0.016447139903903008
v 0.056604404002428055 -1.0430825647667064e-10 -0.015137458220124245
v 0.0570998415350914 -1.0430825647667064e-10 -0.016447139903903008
v 0.060925863683223724 0.012000000104308128 -0.012947531417012215
v 0.060925863683223724 -1.0430828423224625e-10 -0.012947531417012215
v 0.05984729900956154 0.012000000104308128 -0.01249130442738533
v 0.05984729900956154 0.012000000104308128 -0.01249130442738533
v 0.060925863683223724 -1.0430828423224625e-10 -0.012947531417012215
v 0.05984729900956154 -1.0430828423224625e-10 -0.01249130442738533
v 0.05984729900956154 0.012000000104308128 -0.01249130442738533
v 0.05984729900956154 -1.0430828423224625e-10 -0.01249130442738533
v 0.05867624282836914 0.012000000104308128 -0.012482775375247002
v 0.05867624282836914 0.012000000104308128 -0.012482775375247002
v 0.05984729900956154 -1.0430828423224625e-10 -0.01249130442738533
v 0.05867624282836914 -1.0430828423224625e-10 -0.012482775375247002
v 0.05867624282836914 0.012000000104308128 -0.012482775375247002
v 0.05867624282836914 -1.0430828423224625e-10 -0.012482775375247002
v 0.05759114399552345 0.012000000104308128 -0.01292323973029852
v 0.05759114399552345 0.012000000104308128 -0.01292323973029852
v 0.05867624282836914 -1.0430828423224625e-10 -0.012482775375247002
v 0.05759114399552345 -1.0430828423224625e-10 -0.01292323973029852
v 0.05759114399552345 0.012000000104308128 -0.01292323973029852
v 0.05759114399552345 -1.0430828423224625e-10 -0.01292323973029852
v 0.056757353246212006 0.012000000104308128 -0.013745578937232494
v 0.056757353246212006 0.012000000104308128 -0.013745578937232494
v 0.05759114399552345 -1.0430828423224625e-10 -0.01292323973029852
v 0.056757353246212006 -1.0430825647667064e-10 -0.013745578937232494
v 0.07914524525403976 -1.0430825647667064e-10 -0.02532166801393032
v 0.07914524525403976 0.012000000104308128 -0.02532166801393032
v 0.08007653057575226 -1.0430825647667064e-10 -0.02633633278310299
v 0.08007653057575226 -1.0430825647667064e-10 -0.02633633278310299
v 0.07914524525403976 0.012000000104308128 -0.02532166801393032
v 0.08007653057575226 0.012000000104308128 -0.02633633278310299
v 0.08007653057575226 -1.0430825647667064e-10 -0.02633633278310299
v 0.08007653057575226 0.012000000104308128 -0.02633633278310299
v 0.08045629411935806 -1.0430825647667064e-10 -0.027660194784402847
v 0.08045629411935806 -1.0430825647667064e-10 -0.027660194784402847
v 0.08007653057575226 0.012000000104308128 -0.02633633278310299
v 0.08045629411935806 0.012000000104308128 -0.027660194784402847
v 0.08045629411935806 -1.0430825647667064e-10 -0.027660194784402847
v 0.08045629411935806 0.012000000104308128 -0.027660194784402847
v 0.08020450174808502 -1.0430825647667064e-10 -0.029014240950345993
v 0.08020450174808502 -1.0430825647667064e-10 -0.029014240950345993
v 0.08045629411935806 0.012000000104308128 -0.027660194784402847
v 0.08020450174808502 0.012000000104308128 -0.029014240950345993
v 0.08020450174808502 -1.0430825647667064e-10 -0.029014240950345993
v 0.08020450174808502 0.012000000104308128 -0.029014240950345993
v 0.07937422394752502 -1.0430825647667064e-10 -0.030113089829683304
v 0.07937422394752502 -1.0430825647667064e-10 -0.030113089829683304
v 0.08020450174808502 0.012000000104308128 -0.029014240950345993
v 0.07937422394752502 0.012000000104308128 -0.030113089829683304
v 0.11748999357223511 0.012000000104308128 -0.04169377312064171
v 0.11748999357223511 -1.0430825647667064e-10 -0.04169377312064171
v 0.11960337311029434 0.012000000104308128 -0.043052807450294495
v 0.11960337311029434 0.012000000104308128 -0.043052807450294495
v 0.11748999357223511 -1.0430825647667064e-10 -0.04169377312064171
v 0.11960337311029434 -1.0430825647667064e-10 -0.043052807450294495
v 0.1954883486032486 0.001199999707750976 -0.1327308714389801
v 0.1954883486032486 -1.043082009655194e-10 -0.1327308714389801
v 0.19990688562393188 0.001199999707750976 -0.13997793197631836
v 0.19990688562393188 0.001199999707750976 -0.13997793197631836
v 0.1954883486032486 -1.043082009655194e-10 -0.1327308714389801
v 0.19990688562393188 -1.043082009655194e-10 -0.13997793197631836
v 0.19990688562393188 0.001199999707750976 -0.13997793197631836
v 0.19990688562393188 -1.043082009655194e-10 -0.13997793197631836
v 0.2066914588212967 0.001199999707750976 -0.14507821202278137
v 0.2066914588212967 0.001199999707750976 -0.14507821202278137
v 0.19990688562393188 -1.043082009655194e-10 -0.13997793197631836
v 0.2066914588212967 -1.043082009655194e-10 -0.14507821202278137
v 0.2066914588212967 0.001199999707750976 -0.14507821202278137
v 0.2066914588212967 -1.043082009655194e-10 -0.14507821202278137
v 0.21488086879253387 0.001199999707750976 -0.1473090797662735
v 0.21488086879253387 0.001199999707750976 -0.1473090797662735
v 0.2066914588212967 -1.043082009655194e-10 -0.14507821202278137
v 0.21488086879253387 -1.043082009655194e-10 -0.1473090797662735
v 0.21488086879253387 0.001199999707750976 -0.1473090797662735
v 0.21488086879253387 -1.043082009655194e-10 -0.1473090797662735
v 0.22331486642360687 0.001199999707750976 -0.1463545262813568
v 0.21488086879253387 -1.043082009655194e-10 -0.1473090797662735
v 0.22082822024822235 -1.043082009655194e-10 -0.14697667956352234
v 0.22331486642360687 0.001199999707750976 -0.1463545262813568
v 0.22331486642360687 0.001199999707750976 -0.1463545262813568
v 0.22082822024822235 -1.043082009655194e-10 -0.14697667956352234
v 0.22331486642360687 -1.043082009655194e-10 -0.1463545262813568
v 0.22331486642360687 0.001199999707750976 -0.1463545262813568
v 0.22331486642360687 -1.043082009655194e-10 -0.1463545262813568
v 0.23079851269721985 0.001199999707750976 -0.1423497349023819
v 0.23079851269721985 0.001199999707750976 -0.1423497349023819
v 0.22331486642360687 -1.043082009655194e-10 -0.1463545262813568
v 0.23079851269721985 -1.043082009655194e-10 -0.1423497349023819
v 0.23079851269721985 0.001199999707750976 -0.1423497349023819
v 0.23079851269721985 -1.043082009655194e-10 -0.1423497349023819
v 0.23627157509326935 0.001199999707750976 -0.13586212694644928
v 0.23627157509326935 0.001199999707750976 -0.13586212694644928
v 0.23079851269721985 -1.043082009655194e-10 -0.1423497349023819
v 0.23627157509326935 -1.0430822872109502e-10 -0.13586212694644928
v 0.23627157509326935 0.001199999707750976 -0.13586212694644928
v 0.23627157509326935 -1.0430822872109502e-10 -0.13586212694644928
v 0.23895864188671112 0.001199999707750976 -0.12781085073947906
v 0.23895864188671112 0.001199999707750976 -0.12781085073947906
v 0.23627157509326935 -1.0430822872109502e-10 -0.13586212694644928
v 0.23895864188671112 -1.0430822872109502e-10 -0.12781085073947906
v 0.23895864188671112 0.001199999707750976 -0.12781085073947906
v 0.23895864188671112 -1.0430822872109502e-10 -0.12781085073947906
v 0.23847895860671997 0.001199999707750976 -0.1193365678191185
v 0.23847895860671997 0.001199999707750976 -0.1193365678191185
v 0.23895864188671112 -1.0430822872109502e-10 -0.12781085073947906
v 0.23847895860671997 -1.0430822872109502e-10 -0.1193365678191185
v 0.23847895860671997 0.001199999707750976 -0.1193365678191185
v 0.23847895860671997 -1.0430822872109502e-10 -0.1193365678191185
v 0.234900563955307 0.001199999707750976 -0.11163992434740067
v 0.234900563955307 0.001199999707750976 -0.11163992434740067
v 0.23847895860671997 -1.0430822872109502e-10 -0.1193365678191185
v 0.234900563955307 -1.0430825647667064e-10 -0.11163992434740067
v 0.234900563955307 0.001199999707750976 -0.11163992434740067
v 0.234900563955307 -1.0430825647667064e-10 -0.11163992434740067
v 0.22873039543628693 0.001199999707750976 -0.10581133514642715
v 0.22873039543628693 0.001199999707750976 -0.10581133514642715
v 0.234900563955307 -1.0430825647667064e-10 -0.11163992434740067
v 0.22873039543628693 -1.0430825647667064e-10 -0.10581133514642715
v 0.22873039543628693 0.001199999707750976 -0.10581133514642715
v 0.22873039543628693 -1.0430825647667064e-10 -0.10581133514642715
v 0.2208426296710968 0.001199999707750976 -0.10267659276723862
v 0.2208426296710968 0.001199999707750976 -0.10267659276723862
v 0.22873039543628693 -1.0430825647667064e-10 -0.10581133514642715
v 0.2208426296710968 -1.0430825647667064e-10 -0.10267659276723862
v 0.2208426296710968 0.001199999707750976 -0.10267659276723862
v 0.2208426296710968 -1.0430825647667064e-10 -0.10267659276723862
v 0.21235480904579163 0.001199999707750976 -0.10267983376979828
v 0.21235480904579163 0.001199999707750976 -0.10267983376979828
v 0.2208426296710968 -1.0430825647667064e-10 -0.10267659276723862
v 0.21235480904579163 -1.0430825647667064e-10 -0.10267983376979828
v 0.21062110364437103 0.001199999707750976 -0.10218533873558044
v 0.21037150919437408 0.001199999707750976 -0.10190749168395996
v 0.21060094237327576 0.001199999707750976 -0.10218103975057602
v 0.1954415887594223 0.001199999707750976 -0.1321200430393219
v 0.19510264694690704 0.001199999707750976 -0.13209496438503265
v 0.1954883486032486 0.001199999707750976 -0.1327308714389801
v 0.21062110364437103 0.001199999707750976 -0.10218533873558044
v 0.21060094237327576 0.001199999707750976 -0.10218103975057602
v 0.21091800928115845 0.001199999707750976 -0.10241194069385529
v 0.21091800928115845 0.001199999707750976 -0.10241194069385529
v 0.21060094237327576 0.001199999707750976 -0.10218103975057602
v 0.21115779876708984 0.001199999707750976 -0.1026429533958435
v 0.21091800928115845 0.001199999707750976 -0.10241194069385529
v 0.21115779876708984 0.001199999707750976 -0.1026429533958435
v 0.2116110622882843 0.001199999707750976 -0.10268183052539825
v 0.2116110622882843 0.001199999707750976 -0.10268183052539825
v 0.21115779876708984 0.001199999707750976 -0.1026429533958435
v 0.21180903911590576 0.001199999707750976 -0.10295811295509338
v 0.2116110622882843 0.001199999707750976 -0.10268183052539825
v 0.21180903911590576 0.001199999707750976 -0.10295811295509338
v 0.21235480904579163 0.001199999707750976 -0.10267983376979828
v 0.21235480904579163 0.001199999707750976 -0.10267983376979828
v 0.21180903911590576 0.001199999707750976 -0.10295811295509338
v 0.2132398933172226 0.001199999707750976 -0.10308448225259781
v 0.21235480904579163 0.001199999707750976 -0.10267983376979828
v 0.2132398933172226 0.001199999707750976 -0.10308448225259781
v 0.2208426296710968 0.001199999707750976 -0.10267659276723862
v 0.2208426296710968 0.001199999707750976 -0.10267659276723862
v 0.2132398933172226 0.001199999707750976 -0.10308448225259781
v 0.22211112082004547 0.001199999707750976 -0.10352488607168198
v 0.2208426296710968 0.001199999707750976 -0.10267659276723862
v 0.22211112082004547 0.001199999707750976 -0.10352488607168198
v 0.22873039543628693 0.001199999707750976 -0.10581133514642715
v 0.22873039543628693 0.001199999707750976 -0.10581133514642715
v 0.22211112082004547 0.001199999707750976 -0.10352488607168198
v 0.23008519411087036 0.001199999707750976 -0.10743727535009384
v 0.22873039543628693 0.001199999707750976 -0.10581133514642715
v 0.23008519411087036 0.001199999707750976 -0.10743727535009384
v 0.234900563955307 0.001199999707750976 -0.11163992434740067
v 0.234900563955307 0.001199999707750976 -0.11163992434740067
v 0.23008519411087036 0.001199999707750976 -0.10743727535009384
v 0.23586232960224152 0.001199999707750976 -0.1141839399933815
v 0.234900563955307 0.001199999707750976 -0.11163992434740067
v 0.23586232960224152 0.001199999707750976 -0.1141839399933815
v 0.23847895860671997 0.001199999707750976 -0.1193365678191185
v 0.23847895860671997 0.001199999707750976 -0.1193365678191185
v 0.23586232960224152 0.001199999707750976 -0.1141839399933815
v 0.23850084841251373 0.001199999707750976 -0.1226651668548584
v 0.23847895860671997 0.001199999707750976 -0.1193365678191185
v 0.23850084841251373 0.001199999707750976 -0.1226651668548584
v 0.23895864188671112 0.001199999707750976 -0.12781085073947906
v 0.23895864188671112 0.001199999707750976 -0.12781085073947906
v 0.23850084841251373 0.001199999707750976 -0.1226651668548584
v 0.2375706285238266 0.001199999707750976 -0.13149847090244293
v 0.23895864188671112 0.001199999707750976 -0.12781085073947906
v 0.2375706285238266 0.001199999707750976 -0.13149847090244293
v 0.23627157509326935 0.001199999707750976 -0.13586212694644928
v 0.23627157509326935 0.001199999707750976 -0.13586212694644928
v 0.2375706285238266 0.001199999707750976 -0.13149847090244293
v 0.23322336375713348 0.001199999707750976 -0.13924404978752136
v 0.23627157509326935 0.001199999707750976 -0.13586212694644928
v 0.23322336375713348 0.001199999707750976 -0.13924404978752136
v 0.23079851269721985 0.001199999707750976 -0.1423497349023819
v 0.23079851269721985 0.001199999707750976 -0.1423497349023819
v 0.23322336375713348 0.001199999707750976 -0.13924404978752136
v 0.22616760432720184 0.001199999707750976 -0.14463934302330017
v 0.23079851269721985 0.001199999707750976 -0.1423497349023819
v 0.22616760432720184 0.001199999707750976 -0.14463934302330017
v 0.22331486642360687 0.001199999707750976 -0.1463545262813568
v 0.22331486642360687 0.001199999707750976 -0.1463545262813568
v 0.22616760432720184 0.001199999707750976 -0.14463934302330017
v 0.21755348145961761 0.001199999707750976 -0.14680488407611847
v 0.22331486642360687 0.001199999707750976 -0.1463545262813568
v 0.21755348145961761 0.001199999707750976 -0.14680488407611847
v 0.21488086879253387 0.001199999707750976 -0.1473090797662735
v 0.21488086879253387 0.001199999707750976 -0.1473090797662735
v 0.21755348145961761 0.001199999707750976 -0.14680488407611847
v 0.20878510177135468 0.001199999707750976 -0.14538773894309998
v 0.21488086879253387 0.001199999707750976 -0.1473090797662735
v 0.20878510177135468 0.001199999707750976 -0.14538773894309998
v 0.2066914588212967 0.001199999707750976 -0.14507821202278137
v 0.2066914588212967 0.001199999707750976 -0.14507821202278137
v 0.20878510177135468 0.001199999707750976 -0.14538773894309998
v 0.20129172503948212 0.001199999707750976 -0.14061887562274933
v 0.2066914588212967 0.001199999707750976 -0.14507821202278137
v 0.20129172503948212 0.001199999707750976 -0.14061887562274933
v 0.19990688562393188 0.001199999707750976 -0.13997793197631836
v 0.19510264694690704 0.001199999707750976 -0.13209496438503265
v 0.1954415887594223 0.001199999707750976 -0.1321200430393219
v 0.1948280930519104 0.001199999707750976 -0.1318417191505432
v 0.1948280930519104 0.001199999707750976 -0.1318417191505432
v 0.1954415887594223 0.001199999707750976 -0.1321200430393219
v 0.19483333826065063 0.001199999707750976 -0.13172830641269684
v 0.1948280930519104 0.001199999707750976 -0.1318417191505432
v 0.19483333826065063 0.001199999707750976 -0.13172830641269684
v 0.19451124966144562 0.001199999707750976 -0.13164395093917847
v 0.19451124966144562 0.001199999707750976 -0.13164395093917847
v 0.19483333826065063 0.001199999707750976 -0.13172830641269684
v 0.19414900243282318 0.001199999707750976 -0.13149358332157135
v 0.19451124966144562 0.001199999707750976 -0.13164395093917847
v 0.19414900243282318 0.001199999707750976 -0.13149358332157135
v 0.19379596412181854 0.001199999707750976 -0.13144022226333618
v 0.19990688562393188 0.001199999707750976 -0.13997793197631836
v 0.20129172503948212 0.001199999707750976 -0.14061887562274933
v 0.1954883486032486 0.001199999707750976 -0.1327308714389801
v 0.1954883486032486 0.001199999707750976 -0.1327308714389801
v 0.20129172503948212 0.001199999707750976 -0.14061887562274933
v 0.19629479944705963 0.001199999707750976 -0.13327562808990479
v 0.1954883486032486 0.001199999707750976 -0.1327308714389801
v 0.19629479944705963 0.001199999707750976 -0.13327562808990479
v 0.1954415887594223 0.001199999707750976 -0.1321200430393219
v 0.19379596412181854 -1.043082009655194e-10 -0.13144022226333618
v 0.19451124966144562 -1.043082009655194e-10 -0.13164395093917847
v 0.19379596412181854 0.001199999707750976 -0.13144022226333618
v 0.19379596412181854 0.001199999707750976 -0.13144022226333618
v 0.19451124966144562 -1.043082009655194e-10 -0.13164395093917847
v 0.19451124966144562 0.001199999707750976 -0.13164395093917847
v 0.19451124966144562 0.001199999707750976 -0.13164395093917847
v 0.19451124966144562 -1.043082009655194e-10 -0.13164395093917847
v 0.1948280930519104 0.001199999707750976 -0.1318417191505432
v 0.1948280930519104 0.001199999707750976 -0.1318417191505432
v 0.19451124966144562 -1.043082009655194e-10 -0.13164395093917847
v 0.19510264694690704 -1.043082009655194e-10 -0.13209496438503265
v 0.1948280930519104 0.001199999707750976 -0.1318417191505432
v 0.19510264694690704 -1.043082009655194e-10 -0.13209496438503265
v 0.19510264694690704 0.001199999707750976 -0.13209496438503265
v 0.19510264694690704 0.001199999707750976 -0.13209496438503265
v 0.19510264694690704 -1.043082009655194e-10 -0.13209496438503265
v 0.1954883486032486 -1.043082009655194e-10 -0.1327308714389801
v 0.19510264694690704 0.001199999707750976 -0.13209496438503265
v 0.1954883486032486 -1.043082009655194e-10 -0.1327308714389801
v 0.1954883486032486 0.001199999707750976 -0.1327308714389801
v 0.21037150919437408 -1.0430825647667064e-10 -0.10190749168395996
v 0.21037150919437408 0.001199999707750976 -0.10190749168395996
v 0.21062110364437103 0.001199999707750976 -0.10218533873558044
v 0.21037150919437408 -1.0430825647667064e-10 -0.10190749168395996
v 0.21062110364437103 0.001199999707750976 -0.10218533873558044
v 0.21091800928115845 -1.0430825647667064e-10 -0.10241194069385529
v 0.21062110364437103 0.001199999707750976 -0.10218533873558044
v 0.21091800928115845 0.001199999707750976 -0.10241194069385529
v 0.21091800928115845 -1.0430825647667064e-10 -0.10241194069385529
v 0.21091800928115845 -1.0430825647667064e-10 -0.10241194069385529
v 0.21091800928115845 0.001199999707750976 -0.10241194069385529
v 0.2116110622882843 0.001199999707750976 -0.10268183052539825
v 0.21091800928115845 -1.0430825647667064e-10 -0.10241194069385529
v 0.2116110622882843 0.001199999707750976 -0.10268183052539825
v 0.2116110622882843 -1.0430825647667064e-10 -0.10268183052539825
v 0.2116110622882843 -1.0430825647667064e-10 -0.10268183052539825
v 0.2116110622882843 0.001199999707750976 -0.10268183052539825
v 0.21235480904579163 0.001199999707750976 -0.10267983376979828
v 0.2116110622882843 -1.0430825647667064e-10 -0.10268183052539825
v 0.21235480904579163 0.001199999707750976 -0.10267983376979828
v 0.21235480904579163 -1.0430825647667064e-10 -0.10267983376979828
usemtl material_EDEDED
f 1 2 3
f 4 5 6
f 7 8 9
f 10 11 12
f 13 14 15
f 16 17 18
f 19 20 21
f 22 23 24
f 25 26 27
f 28 29 30
f 31 32 33
f 34 35 36
f 37 38 39
f 40 41 42
f 43 44 45
f 46 47 48
f 49 50 51
f 52 53 54
f 55 56 57
f 58 59 60
f 61 62 63
f 64 65 66
f 67 68 69
f 70 71 72
f 73 74 75
f 76 77 78
f 79 80 81
f 82 83 84
f 85 86 87
f 88 89 90
f 91 92 93
f 94 95 96
f 97 98 99
f 100 101 102
f 103 104 105
f 106 107 108
f 109 110 111
f 112 113 114
f 115 116 117
f 118 119 120
f 121 122 123
f 124 125 126
f 127 128 129
f 130 131 132
f 133 134 135
f 136 137 138
f 139 140 141
f 142 143 144
f 145 146 147
f 148 149 150
f 151 152 153
f 154 155 156
f 157 158 159
f 160 161 162
f 163 164 165
f 166 167 168
f 169 170 171
f 172 173 174
f 175 176 177
f 178 179 180
f 181 182 183
f 184 185 186
f 187 188 189
f 190 191 192
f 193 194 195
f 196 197 198
f 199 200 201
f 202 203 204
f 205 206 207
f 208 209 210
f 211 212 213
f 214 215 216
f 217 218 219
f 220 221 222
f 223 224 225
f 226 227 228
f 229 230 231
f 232 233 234
f 235 236 237
f 238 239 240
f 241 242 243
f 244 245 246
f 247 248 249
f 250 251 252
f 253 254 255
f 256 257 258
f 259 260 261
f 262 263 264
f 265 266 267
f 268 269 270
f 271 272 273
f 274 275 276
f 277 278 279
f 280 281 282
f 283 284 285
f 286 287 288
f 289 290 291
f 292 293 294
f 295 296 297
f 298 299 300
f 301 302 303
f 304 305 306
f 307 308 309
f 310 311 312
f 313 314 315
f 316 317 318
f 319 320 321
f 322 323 324
f 325 326 327
f 328 329 330
f 331 332 333
f 334 335 336
f 337 338 339
f 340 341 342
f 343 344 345
f 346 347 348
f 349 350 351
f 352 353 354
f 355 356 357
f 358 359 360
f 361 362 363
f 364 365 366
f 367 368 369
f 370 371 372
f 373 374 375
f 376 377 378
f 379 380 381
f 382 383 384
f 385 386 387
f 388 389 390
f 391 392 393
f 394 395 396
f 397 398 399
f 400 401 402
f 403 404 405
f 406 407 408
f 409 410 411
f 412 413 414
f 415 416 417
f 418 419 420
f 421 422 423
f 424 425 426
f 427 428 429
f 430 431 432
f 433 434 435
f 436 437 438
f 439 440 441
f 442 443 444
f 445 446 447
f 448 449 450
f 451 452 453
f 454 455 456
f 457 458 459
f 460 461 462
f 463 464 465
f 466 467 468
f 469 470 471
f 472 473 474
f 475 476 477
f 478 479 480
f 481 482 483
f 484 485 486
f 487 488 489
f 490 491 492
f 493 494 495
f 496 497 498
f 499 500 501
f 502 503 504
f 505 506 507
f 508 509 510
f 511 512 513
f 514 515 516
f 517 518 519
f 520 521 522
f 523 524 525
f 526 527 528
f 529 530 531
f 532 533 534
f 535 536 537
f 538 539 540
f 541 542 543
f 544 545 546
f 547 548 549
f 550 551 552
f 553 554 555
f 556 557 558
f 559 560 561
f 562 563 564
f 565 566 567
f 568 569 570
f 571 572 573
f 574 575 576
f 577 578 579
f 580 581 582
f 583 584 585
f 586 587 588
f 589 590 591
f 592 593 594
f 595 596 597
f 598 599 600
f 601 602 603
f 604 605 606
f 607 608 609
f 610 611 612
f 613 614 615
f 616 617 618
f 619 620 621
f 622 623 624
f 625 626 627
f 628 629 630
f 631 632 633
f 634 635 636
f 637 638 639
f 640 641 642
f 643 644 645
f 646 647 648
f 649 650 651
f 652 653 654
f 655 656 657
f 658 659 660
f 661 662 663
f 664 665 666
f 667 668 669
f 670 671 672
f 673 674 675
f 676 677 678
f 679 680 681
f 682 683 684
f 685 686 687
f 688 689 690
f 691 692 693
f 694 695 696
f 697 698 699
f 700 701 702
f 703 704 705
f 706 707 708
f 709 710 711
f 712 713 714
f 715 716 717
f 718 719 720
f 721 722 723
f 724 725 726
f 727 728 729
f 730 731 732
f 733 734 735
f 736 737 738
f 739 740 741
f 742 743 744
f 745 746 747
f 748 749 750
f 751 752 753
f 754 755 756
f 757 758 759
f 760 761 762
f 763 764 765
f 766 767 768
f 769 770 771
f 772 773 774
f 775 776 777
f 778 779 780
f 781 782 783
f 784 785 786
f 787 788 789
f 790 791 792
f 793 794 795
f 796 797 798
f 799 800 801
f 802 803 804
f 805 806 807
f 808 809 810
f 811 812 813
f 814 815 816
f 817 818 819
f 820 821 822
f 823 824 825
f 826 827 828
f 829 830 831
f 832 833 834
f 835 836 837
f 838 839 840
f 841 842 843
f 844 845 846
f 847 848 849
f 850 851 852
f 853 854 855
f 856 857 858
f 859 860 861
f 862 863 864
f 865 866 867
f 868 869 870
f 871 872 873
f 874 875 876
f 877 878 879
f 880 881 882
f 883 884 885
f 886 887 888
f 889 890 891
f 892 893 894
f 895 896 897
f 898 899 900
f 901 902 903
f 904 905 906
f 907 908 909
f 910 911 912
f 913 914 915
f 916 917 918
f 919 920 921
f 922 923 924
f 925 926 927
f 928 929 930
f 931 932 933
f 934 935 936
f 937 938 939
f 940 941 942
f 943 944 945
f 946 947 948
f 949 950 951
f 952 953 954
f 955 956 957
f 958 959 960
f 961 962 963
f 964 965 966
f 967 968 969
f 970 971 972
f 973 974 975
f 976 977 978
f 979 980 981
f 982 983 984
f 985 986 987
f 988 989 990
f 991 992 993
f 994 995 996
f 997 998 999
f 1000 1001 1002
f 1003 1004 1005
f 1006 1007 1008
f 1009 1010 1011
f 1012 1013 1014
f 1015 1016 1017
f 1018 1019 1020
f 1021 1022 1023
f 1024 1025 1026
f 1027 1028 1029
f 1030 1031 1032
f 1033 1034 1035
f 1036 1037 1038
f 1039 1040 1041
f 1042 1043 1044
f 1045 1046 1047
f 1048 1049 1050
f 1051 1052 1053
f 1054 1055 1056
f 1057 1058 1059
f 1060 1061 1062
f 1063 1064 1065
f 1066 1067 1068
f 1069 1070 1071
f 1072 1073 1074
f 1075 1076 1077
f 1078 1079 1080
f 1081 1082 1083
f 1084 1085 1086
f 1087 1088 1089
f 1090 1091 1092
f 1093 1094 1095
f 1096 1097 1098
f 1099 1100 1101
f 1102 1103 1104
f 1105 1106 1107
f 1108 1109 1110
f 1111 1112 1113
f 1114 1115 1116
f 1117 1118 1119
f 1120 1121 1122
f 1123 1124 1125
f 1126 1127 1128
f 1129 1130 1131
f 1132 1133 1134
f 1135 1136 1137
f 1138 1139 1140
f 1141 1142 1143
f 1144 1145 1146
f 1147 1148 1149
f 1150 1151 1152
f 1153 1154 1155
f 1156 1157 1158
f 1159 1160 1161
f 1162 1163 1164
f 1165 1166 1167
f 1168 1169 1170
f 1171 1172 1173
f 1174 1175 1176
f 1177 1178 1179
f 1180 1181 1182
f 1183 1184 1185
f 1186 1187 1188
f 1189 1190 1191
f 1192 1193 1194
f 1195 1196 1197
f 1198 1199 1200
f 1201 1202 1203
f 1204 1205 1206
f 1207 1208 1209
f 1210 1211 1212
f 1213 1214 1215
f 1216 1217 1218
f 1219 1220 1221
f 1222 1223 1224
f 1225 1226 1227
f 1228 1229 1230
f 1231 1232 1233
f 1234 1235 1236
f 1237 1238 1239
f 1240 1241 1242
f 1243 1244 1245
f 1246 1247 1248
f 1249 1250 1251
f 1252 1253 1254
f 1255 1256 1257
f 1258 1259 1260
f 1261 1262 1263
f 1264 1265 1266
f 1267 1268 1269
f 1270 1271 1272
f 1273 1274 1275
f 1276 1277 1278
f 1279 1280 1281
f 1282 1283 1284
f 1285 1286 1287
f 1288 1289 1290
f 1291 1292 1293
f 1294 1295 1296
f 1297 1298 1299
f 1300 1301 1302
f 1303 1304 1305
f 1306 1307 1308
f 1309 1310 1311
f 1312 1313 1314
f 1315 1316 1317
f 1318 1319 1320
f 1321 1322 1323
f 1324 1325 1326
f 1327 1328 1329
f 1330 1331 1332
f 1333 1334 1335
f 1336 1337 1338
f 1339 1340 1341
f 1342 1343 1344
f 1345 1346 1347
f 1348 1349 1350
f 1351 1352 1353
f 1354 1355 1356
f 1357 1358 1359
f 1360 1361 1362
f 1363 1364 1365
f 1366 1367 1368
f 1369 1370 1371
f 1372 1373 1374
f 1375 1376 1377
f 1378 1379 1380
f 1381 1382 1383
f 1384 1385 1386
f 1387 1388 1389
f 1390 1391 1392
f 1393 1394 1395
f 1396 1397 1398
f 1399 1400 1401
f 1402 1403 1404
f 1405 1406 1407
f 1408 1409 1410
f 1411 1412 1413
f 1414 1415 1416
f 1417 1418 1419
f 1420 1421 1422
f 1423 1424 1425
f 1426 1427 1428
f 1429 1430 1431
f 1432 1433 1434
f 1435 1436 1437
f 1438 1439 1440
f 1441 1442 1443
f 1444 1445 1446
f 1447 1448 1449
f 1450 1451 1452
f 1453 1454 1455
f 1456 1457 1458
f 1459 1460 1461
f 1462 1463 1464
f 1465 1466 1467
f 1468 1469 1470
f 1471 1472 1473
f 1474 1475 1476
f 1477 1478 1479
f 1480 1481 1482
f 1483 1484 1485
f 1486 1487 1488
f 1489 1490 1491
f 1492 1493 1494
f 1495 1496 1497
f 1498 1499 1500
f 1501 1502 1503
f 1504 1505 1506
f 1507 1508 1509
f 1510 1511 1512
f 1513 1514 1515
f 1516 1517 1518
f 1519 1520 1521
f 1522 1523 1524
f 1525 1526 1527
f 1528 1529 1530
f 1531 1532 1533
f 1534 1535 1536
f 1537 1538 1539
f 1540 1541 1542
f 1543 1544 1545
f 1546 1547 1548
f 1549 1550 1551
f 1552 1553 1554
f 1555 1556 1557
f 1558 1559 1560
f 1561 1562 1563
f 1564 1565 1566
f 1567 1568 1569
f 1570 1571 1572
f 1573 1574 1575
f 1576 1577 1578
f 1579 1580 1581
f 1582 1583 1584
f 1585 1586 1587
f 1588 1589 1590
f 1591 1592 1593
f 1594 1595 1596
f 1597 1598 1599
f 1600 1601 1602
f 1603 1604 1605
f 1606 1607 1608
f 1609 1610 1611
f 1612 1613 1614
f 1615 1616 1617
f 1618 1619 1620
f 1621 1622 1623
f 1624 1625 1626
f 1627 1628 1629
f 1630 1631 1632
f 1633 1634 1635
f 1636 1637 1638
f 1639 1640 1641
f 1642 1643 1644
f 1645 1646 1647
f 1648 1649 1650
f 1651 1652 1653
f 1654 1655 1656
f 1657 1658 1659
f 1660 1661 1662
f 1663 1664 1665
f 1666 1667 1668
f 1669 1670 1671
f 1672 1673 1674
f 1675 1676 1677
f 1678 1679 1680
f 1681 1682 1683
f 1684 1685 1686
f 1687 1688 1689
f 1690 1691 1692
f 1693 1694 1695
f 1696 1697 1698
f 1699 1700 1701
f 1702 1703 1704
f 1705 1706 1707
f 1708 1709 1710
f 1711 1712 1713
f 1714 1715 1716
f 1717 1718 1719
f 1720 1721 1722
f 1723 1724 1725
f 1726 1727 1728
f 1729 1730 1731
f 1732 1733 1734
f 1735 1736 1737
f 1738 1739 1740
f 1741 1742 1743
f 1744 1745 1746
f 1747 1748 1749
f 1750 1751 1752
f 1753 1754 1755
f 1756 1757 1758
f 1759 1760 1761
f 1762 1763 1764
f 1765 1766 1767
f 1768 1769 1770
f 1771 1772 1773
f 1774 1775 1776
f 1777 1778 1779
f 1780 1781 1782
f 1783 1784 1785
f 1786 1787 1788
f 1789 1790 1791
f 1792 1793 1794
f 1795 1796 1797
f 1798 1799 1800
f 1801 1802 1803
f 1804 1805 1806
f 1807 1808 1809
f 1810 1811 1812
f 1813 1814 1815
f 1816 1817 1818
f 1819 1820 1821
f 1822 1823 1824
f 1825 1826 1827
f 1828 1829 1830
f 1831 1832 1833
f 1834 1835 1836
f 1837 1838 1839
f 1840 1841 1842
f 1843 1844 1845
f 1846 1847 1848
f 1849 1850 1851
f 1852 1853 1854
f 1855 1856 1857
f 1858 1859 1860
f 1861 1862 1863
f 1864 1865 1866
f 1867 1868 1869
f 1870 1871 1872
f 1873 1874 1875
f 1876 1877 1878
f 1879 1880 1881
f 1882 1883 1884
f 1885 1886 1887
f 1888 1889 1890
f 1891 1892 1893
f 1894 1895 1896
f 1897 1898 1899
f 1900 1901 1902
f 1903 1904 1905
f 1906 1907 1908
f 1909 1910 1911
f 1912 1913 1914
f 1915 1916 1917
f 1918 1919 1920
f 1921 1922 1923
f 1924 1925 1926
f 1927 1928 1929
f 1930 1931 1932
f 1933 1934 1935
f 1936 1937 1938
f 1939 1940 1941
f 1942 1943 1944
f 1945 1946 1947
f 1948 1949 1950
f 1951 1952 1953
f 1954 1955 1956
f 1957 1958 1959
f 1960 1961 1962
f 1963 1964 1965
f 1966 1967 1968
f 1969 1970 1971
f 1972 1973 1974
f 1975 1976 1977
f 1978 1979 1980
f 1981 1982 1983
f 1984 1985 1986
f 1987 1988 1989
f 1990 1991 1992
f 1993 1994 1995
f 1996 1997 1998
f 1999 2000 2001
f 2002 2003 2004
f 2005 2006 2007
f 2008 2009 2010
f 2011 2012 2013
f 2014 2015 2016
f 2017 2018 2019
f 2020 2021 2022
f 2023 2024 2025
f 2026 2027 2028
f 2029 2030 2031
f 2032 2033 2034
f 2035 2036 2037
f 2038 2039 2040
f 2041 2042 2043
f 2044 2045 2046
f 2047 2048 2049
f 2050 2051 2052
f 2053 2054 2055
f 2056 2057 2058
f 2059 2060 2061
f 2062 2063 2064
f 2065 2066 2067
f 2068 2069 2070
f 2071 2072 2073
f 2074 2075 2076
f 2077 2078 2079
f 2080 2081 2082
f 2083 2084 2085
f 2086 2087 2088
f 2089 2090 2091
f 2092 2093 2094
f 2095 2096 2097
f 2098 2099 2100
f 2101 2102 2103
f 2104 2105 2106
f 2107 2108 2109
f 2110 2111 2112
f 2113 2114 2115
f 2116 2117 2118
f 2119 2120 2121
f 2122 2123 2124
f 2125 2126 2127
f 2128 2129 2130
f 2131 2132 2133
f 2134 2135 2136
f 2137 2138 2139
f 2140 2141 2142
f 2143 2144 2145
f 2146 2147 2148
f 2149 2150 2151
f 2152 2153 2154
f 2155 2156 2157
f 2158 2159 2160
f 2161 2162 2163
f 2164 2165 2166
f 2167 2168 2169
f 2170 2171 2172
f 2173 2174 2175
f 2176 2177 2178
f 2179 2180 2181
f 2182 2183 2184
f 2185 2186 2187
f 2188 2189 2190
f 2191 2192 2193
f 2194 2195 2196
f 2197 2198 2199
f 2200 2201 2202
f 2203 2204 2205
f 2206 2207 2208
f 2209 2210 2211
f 2212 2213 2214
f 2215 2216 2217
f 2218 2219 2220
f 2221 2222 2223
f 2224 2225 2226
f 2227 2228 2229
f 2230 2231 2232
f 2233 2234 2235
f 2236 2237 2238
f 2239 2240 2241
f 2242 2243 2244
f 2245 2246 2247
f 2248 2249 2250
f 2251 2252 2253
f 2254 2255 2256
f 2257 2258 2259
f 2260 2261 2262
f 2263 2264 2265
f 2266 2267 2268
f 2269 2270 2271
f 2272 2273 2274
f 2275 2276 2277
f 2278 2279 2280
f 2281 2282 2283
f 2284 2285 2286
f 2287 2288 2289
f 2290 2291 2292
f 2293 2294 2295
f 2296 2297 2298
f 2299 2300 2301
f 2302 2303 2304
f 2305 2306 2307
f 2308 2309 2310
f 2311 2312 2313
f 2314 2315 2316
f 2317 2318 2319
f 2320 2321 2322
f 2323 2324 2325
f 2326 2327 2328
f 2329 2330 2331
f 2332 2333 2334
f 2335 2336 2337
f 2338 2339 2340
f 2341 2342 2343
f 2344 2345 2346
f 2347 2348 2349
f 2350 2351 2352
f 2353 2354 2355
f 2356 2357 2358
f 2359 2360 2361
f 2362 2363 2364
f 2365 2366 2367
f 2368 2369 2370
f 2371 2372 2373
f 2374 2375 2376
f 2377 2378 2379
f 2380 2381 2382
f 2383 2384 2385
f 2386 2387 2388
f 2389 2390 2391
f 2392 2393 2394
f 2395 2396 2397
f 2398 2399 2400
f 2401 2402 2403
f 2404 2405 2406
f 2407 2408 2409
f 2410 2411 2412
f 2413 2414 2415
f 2416 2417 2418
f 2419 2420 2421
f 2422 2423 2424
f 2425 2426 2427
f 2428 2429 2430
f 2431 2432 2433
f 2434 2435 2436
f 2437 2438 2439
f 2440 2441 2442
f 2443 2444 2445
f 2446 2447 2448
f 2449 2450 2451
f 2452 2453 2454
f 2455 2456 2457
f 2458 2459 2460
f 2461 2462 2463
f 2464 2465 2466
f 2467 2468 2469
f 2470 2471 2472
f 2473 2474 2475
f 2476 2477 2478
f 2479 2480 2481
f 2482 2483 2484
f 2485 2486 2487
f 2488 2489 2490
f 2491 2492 2493
f 2494 2495 2496
f 2497 2498 2499
f 2500 2501 2502
f 2503 2504 2505
f 2506 2507 2508
f 2509 2510 2511
f 2512 2513 2514
f 2515 2516 2517
f 2518 2519 2520
f 2521 2522 2523
f 2524 2525 2526
f 2527 2528 2529
f 2530 2531 2532
f 2533 2534 2535
f 2536 2537 2538
f 2539 2540 2541
f 2542 2543 2544
f 2545 2546 2547
f 2548 2549 2550
f 2551 2552 2553
f 2554 2555 2556
f 2557 2558 2559
f 2560 2561 2562
f 2563 2564 2565
f 2566 2567 2568
f 2569 2570 2571
f 2572 2573 2574
f 2575 2576 2577
f 2578 2579 2580
f 2581 2582 2583
f 2584 2585 2586
f 2587 2588 2589
f 2590 2591 2592
f 2593 2594 2595
f 2596 2597 2598
f 2599 2600 2601
f 2602 2603 2604
f 2605 2606 2607
f 2608 2609 2610
f 2611 2612 2613
f 2614 2615 2616
f 2617 2618 2619
f 2620 2621 2622
f 2623 2624 2625
f 2626 2627 2628
f 2629 2630 2631
f 2632 2633 2634
f 2635 2636 2637
f 2638 2639 2640
f 2641 2642 2643
f 2644 2645 2646
f 2647 2648 2649
f 2650 2651 2652
f 2653 2654 2655
f 2656 2657 2658
f 2659 2660 2661
f 2662 2663 2664
f 2665 2666 2667
f 2668 2669 2670
f 2671 2672 2673
f 2674 2675 2676
f 2677 2678 2679
f 2680 2681 2682
f 2683 2684 2685
f 2686 2687 2688
f 2689 2690 2691
f 2692 2693 2694
f 2695 2696 2697
f 2698 2699 2700
f 2701 2702 2703
f 2704 2705 2706
f 2707 2708 2709
f 2710 2711 2712
f 2713 2714 2715
f 2716 2717 2718
f 2719 2720 2721
f 2722 2723 2724
f 2725 2726 2727
f 2728 2729 2730
f 2731 2732 2733
f 2734 2735 2736
f 2737 2738 2739
f 2740 2741 2742
f 2743 2744 2745
f 2746 2747 2748
f 2749 2750 2751
f 2752 2753 2754
f 2755 2756 2757
f 2758 2759 2760
f 2761 2762 2763
f 2764 2765 2766
f 2767 2768 2769
f 2770 2771 2772
f 2773 2774 2775
f 2776 2777 2778
f 2779 2780 2781
f 2782 2783 2784
f 2785 2786 2787
f 2788 2789 2790
f 2791 2792 2793
f 2794 2795 2796
f 2797 2798 2799
f 2800 2801 2802
f 2803 2804 2805
f 2806 2807 2808
f 2809 2810 2811
f 2812 2813 2814
f 2815 2816 2817
f 2818 2819 2820
f 2821 2822 2823
f 2824 2825 2826
f 2827 2828 2829
f 2830 2831 2832
f 2833 2834 2835
f 2836 2837 2838
f 2839 2840 2841
f 2842 2843 2844
f 2845 2846 2847
f 2848 2849 2850
f 2851 2852 2853
f 2854 2855 2856
f 2857 2858 2859
f 2860 2861 2862
f 2863 2864 2865
f 2866 2867 2868
f 2869 2870 2871
f 2872 2873 2874
f 2875 2876 2877
f 2878 2879 2880
f 2881 2882 2883
f 2884 2885 2886
f 2887 2888 2889
f 2890 2891 2892
f 2893 2894 2895
f 2896 2897 2898
f 2899 2900 2901
f 2902 2903 2904
f 2905 2906 2907
f 2908 2909 2910
f 2911 2912 2913
f 2914 2915 2916
f 2917 2918 2919
f 2920 2921 2922
f 2923 2924 2925
f 2926 2927 2928
f 2929 2930 2931
f 2932 2933 2934
f 2935 2936 2937
f 2938 2939 2940
f 2941 2942 2943
f 2944 2945 2946
f 2947 2948 2949
f 2950 2951 2952
f 2953 2954 2955
f 2956 2957 2958
f 2959 2960 2961
f 2962 2963 2964
f 2965 2966 2967
f 2968 2969 2970
f 2971 2972 2973
f 2974 2975 2976
f 2977 2978 2979
f 2980 2981 2982
f 2983 2984 2985
f 2986 2987 2988
f 2989 2990 2991
f 2992 2993 2994
f 2995 2996 2997
f 2998 2999 3000
f 3001 3002 3003
f 3004 3005 3006
f 3007 3008 3009
f 3010 3011 3012
f 3013 3014 3015
f 3016 3017 3018
f 3019 3020 3021
f 3022 3023 3024
f 3025 3026 3027
f 3028 3029 3030
f 3031 3032 3033
f 3034 3035 3036
f 3037 3038 3039
f 3040 3041 3042
f 3043 3044 3045
f 3046 3047 3048
f 3049 3050 3051
f 3052 3053 3054
f 3055 3056 3057
f 3058 3059 3060
f 3061 3062 3063
f 3064 3065 3066
f 3067 3068 3069
f 3070 3071 3072
f 3073 3074 3075
f 3076 3077 3078
f 3079 3080 3081
f 3082 3083 3084
f 3085 3086 3087
f 3088 3089 3090
f 3091 3092 3093
f 3094 3095 3096
f 3097 3098 3099
f 3100 3101 3102
f 3103 3104 3105
f 3106 3107 3108
f 3109 3110 3111
f 3112 3113 3114
f 3115 3116 3117
f 3118 3119 3120
f 3121 3122 3123
f 3124 3125 3126
f 3127 3128 3129
f 3130 3131 3132
f 3133 3134 3135
f 3136 3137 3138
f 3139 3140 3141
f 3142 3143 3144
f 3145 3146 3147
f 3148 3149 3150
f 3151 3152 3153
f 3154 3155 3156
f 3157 3158 3159
f 3160 3161 3162
f 3163 3164 3165
f 3166 3167 3168
f 3169 3170 3171
f 3172 3173 3174
f 3175 3176 3177
f 3178 3179 3180
f 3181 3182 3183
f 3184 3185 3186
f 3187 3188 3189
f 3190 3191 3192
f 3193 3194 3195
f 3196 3197 3198
f 3199 3200 3201
f 3202 3203 3204
f 3205 3206 3207
f 3208 3209 3210
f 3211 3212 3213
f 3214 3215 3216
f 3217 3218 3219
f 3220 3221 3222
f 3223 3224 3225
f 3226 3227 3228
f 3229 3230 3231
f 3232 3233 3234
f 3235 3236 3237
f 3238 3239 3240
f 3241 3242 3243
f 3244 3245 3246
f 3247 3248 3249
f 3250 3251 3252
f 3253 3254 3255
f 3256 3257 3258
f 3259 3260 3261
f 3262 3263 3264
f 3265 3266 3267
f 3268 3269 3270
f 3271 3272 3273
f 3274 3275 3276
f 3277 3278 3279
f 3280 3281 3282
f 3283 3284 3285
f 3286 3287 3288
f 3289 3290 3291
f 3292 3293 3294
f 3295 3296 3297
f 3298 3299 3300
f 3301 3302 3303
f 3304 3305 3306
f 3307 3308 3309
f 3310 3311 3312
f 3313 3314 3315
f 3316 3317 3318
f 3319 3320 3321
f 3322 3323 3324
f 3325 3326 3327
f 3328 3329 3330
f 3331 3332 3333
f 3334 3335 3336
f 3337 3338 3339
f 3340 3341 3342
f 3343 3344 3345
f 3346 3347 3348
f 3349 3350 3351
f 3352 3353 3354
f 3355 3356 3357
f 3358 3359 3360
f 3361 3362 3363
f 3364 3365 3366
f 3367 3368 3369
f 3370 3371 3372
f 3373 3374 3375
f 3376 3377 3378
f 3379 3380 3381
f 3382 3383 3384
f 3385 3386 3387
f 3388 3389 3390
f 3391 3392 3393
f 3394 3395 3396
f 3397 3398 3399
f 3400 3401 3402
f 3403 3404 3405
f 3406 3407 3408
f 3409 3410 3411
f 3412 3413 3414
f 3415 3416 3417
f 3418 3419 3420
f 3421 3422 3423
f 3424 3425 3426
f 3427 3428 3429
f 3430 3431 3432
f 3433 3434 3435
f 3436 3437 3438
f 3439 3440 3441
f 3442 3443 3444
f 3445 3446 3447
f 3448 3449 3450
f 3451 3452 3453
f 3454 3455 3456
f 3457 3458 3459
f 3460 3461 3462
f 3463 3464 3465
f 3466 3467 3468
f 3469 3470 3471
f 3472 3473 3474
f 3475 3476 3477
f 3478 3479 3480
f 3481 3482 3483
f 3484 3485 3486
f 3487 3488 3489
f 3490 3491 3492
f 3493 3494 3495
f 3496 3497 3498
f 3499 3500 3501
f 3502 3503 3504
f 3505 3506 3507
f 3508 3509 3510
f 3511 3512 3513
f 3514 3515 3516
f 3517 3518 3519
f 3520 3521 3522
f 3523 3524 3525
f 3526 3527 3528
f 3529 3530 3531
f 3532 3533 3534
f 3535 3536 3537
f 3538 3539 3540
f 3541 3542 3543
f 3544 3545 3546
f 3547 3548 3549
f 3550 3551 3552
f 3553 3554 3555
f 3556 3557 3558
f 3559 3560 3561
f 3562 3563 3564
f 3565 3566 3567
f 3568 3569 3570
f 3571 3572 3573
f 3574 3575 3576
f 3577 3578 3579
f 3580 3581 3582
f 3583 3584 3585
f 3586 3587 3588
f 3589 3590 3591
f 3592 3593 3594
f 3595 3596 3597
f 3598 3599 3600
f 3601 3602 3603
f 3604 3605 3606
f 3607 3608 3609
f 3610 3611 3612
f 3613 3614 3615
f 3616 3617 3618
f 3619 3620 3621
f 3622 3623 3624
f 3625 3626 3627
f 3628 3629 3630
f 3631 3632 3633
f 3634 3635 3636
f 3637 3638 3639
f 3640 3641 3642
f 3643 3644 3645
f 3646 3647 3648
f 3649 3650 3651
f 3652 3653 3654
f 3655 3656 3657
f 3658 3659 3660
f 3661 3662 3663
f 3664 3665 3666
f 3667 3668 3669
f 3670 3671 3672
f 3673 3674 3675
f 3676 3677 3678
f 3679 3680 3681
f 3682 3683 3684
f 3685 3686 3687
f 3688 3689 3690
f 3691 3692 3693
f 3694 3695 3696
f 3697 3698 3699
f 3700 3701 3702
f 3703 3704 3705
f 3706 3707 3708
f 3709 3710 3711
f 3712 3713 3714
f 3715 3716 3717
f 3718 3719 3720
f 3721 3722 3723
f 3724 3725 3726
f 3727 3728 3729
f 3730 3731 3732
f 3733 3734 3735
f 3736 3737 3738
f 3739 3740 3741
f 3742 3743 3744
f 3745 3746 3747
f 3748 3749 3750
f 3751 3752 3753
f 3754 3755 3756
f 3757 3758 3759
f 3760 3761 3762
f 3763 3764 3765
f 3766 3767 3768
f 3769 3770 3771
f 3772 3773 3774
f 3775 3776 3777
f 3778 3779 3780
f 3781 3782 3783
f 3784 3785 3786
f 3787 3788 3789
f 3790 3791 3792
f 3793 3794 3795
f 3796 3797 3798
f 3799 3800 3801
f 3802 3803 3804
f 3805 3806 3807
f 3808 3809 3810
f 3811 3812 3813
f 3814 3815 3816
f 3817 3818 3819
f 3820 3821 3822
f 3823 3824 3825
f 3826 3827 3828
f 3829 3830 3831
f 3832 3833 3834
f 3835 3836 3837
f 3838 3839 3840
f 3841 3842 3843
f 3844 3845 3846
f 3847 3848 3849
f 3850 3851 3852
f 3853 3854 3855
f 3856 3857 3858
f 3859 3860 3861
f 3862 3863 3864
f 3865 3866 3867
f 3868 3869 3870
f 3871 3872 3873
f 3874 3875 3876
f 3877 3878 3879
f 3880 3881 3882
f 3883 3884 3885
f 3886 3887 3888
f 3889 3890 3891
f 3892 3893 3894
f 3895 3896 3897
f 3898 3899 3900
f 3901 3902 3903
f 3904 3905 3906
f 3907 3908 3909
f 3910 3911 3912
f 3913 3914 3915
f 3916 3917 3918
f 3919 3920 3921
f 3922 3923 3924
f 3925 3926 3927
f 3928 3929 3930
f 3931 3932 3933
f 3934 3935 3936
f 3937 3938 3939
f 3940 3941 3942
f 3943 3944 3945
f 3946 3947 3948
f 3949 3950 3951
f 3952 3953 3954
f 3955 3956 3957
f 3958 3959 3960
f 3961 3962 3963
f 3964 3965 3966
f 3967 3968 3969
f 3970 3971 3972
f 3973 3974 3975
f 3976 3977 3978
f 3979 3980 3981
f 3982 3983 3984
f 3985 3986 3987
f 3988 3989 3990
f 3991 3992 3993
f 3994 3995 3996
f 3997 3998 3999
f 4000 4001 4002
f 4003 4004 4005
f 4006 4007 4008
f 4009 4010 4011
f 4012 4013 4014
f 4015 4016 4017
f 4018 4019 4020
f 4021 4022 4023
f 4024 4025 4026
f 4027 4028 4029
f 4030 4031 4032
f 4033 4034 4035
f 4036 4037 4038
f 4039 4040 4041
f 4042 4043 4044
f 4045 4046 4047
f 4048 4049 4050
f 4051 4052 4053
f 4054 4055 4056
f 4057 4058 4059
f 4060 4061 4062
f 4063 4064 4065
f 4066 4067 4068
f 4069 4070 4071
f 4072 4073 4074
f 4075 4076 4077
f 4078 4079 4080
f 4081 4082 4083
f 4084 4085 4086
f 4087 4088 4089
f 4090 4091 4092
f 4093 4094 4095
f 4096 4097 4098
f 4099 4100 4101
f 4102 4103 4104
f 4105 4106 4107
f 4108 4109 4110
f 4111 4112 4113
f 4114 4115 4116
f 4117 4118 4119
f 4120 4121 4122
f 4123 4124 4125
f 4126 4127 4128
f 4129 4130 4131
f 4132 4133 4134
f 4135 4136 4137
f 4138 4139 4140
f 4141 4142 4143
f 4144 4145 4146
f 4147 4148 4149
f 4150 4151 4152
f 4153 4154 4155
f 4156 4157 4158
f 4159 4160 4161
f 4162 4163 4164
f 4165 4166 4167
f 4168 4169 4170
f 4171 4172 4173
f 4174 4175 4176
f 4177 4178 4179
f 4180 4181 4182
f 4183 4184 4185
f 4186 4187 4188
f 4189 4190 4191
f 4192 4193 4194
f 4195 4196 4197
f 4198 4199 4200
f 4201 4202 4203
f 4204 4205 4206
f 4207 4208 4209
f 4210 4211 4212
f 4213 4214 4215
f 4216 4217 4218
f 4219 4220 4221
f 4222 4223 4224
f 4225 4226 4227
f 4228 4229 4230
f 4231 4232 4233
f 4234 4235 4236
f 4237 4238 4239
f 4240 4241 4242
f 4243 4244 4245
f 4246 4247 4248
f 4249 4250 4251
f 4252 4253 4254
f 4255 4256 4257
f 4258 4259 4260
f 4261 4262 4263
f 4264 4265 4266
f 4267 4268 4269
f 4270 4271 4272
f 4273 4274 4275
f 4276 4277 4278
f 4279 4280 4281
f 4282 4283 4284
f 4285 4286 4287
f 4288 4289 4290
f 4291 4292 4293
f 4294 4295 4296
f 4297 4298 4299
f 4300 4301 4302
f 4303 4304 4305
f 4306 4307 4308
f 4309 4310 4311
f 4312 4313 4314
f 4315 4316 4317
f 4318 4319 4320
f 4321 4322 4323
f 4324 4325 4326
f 4327 4328 4329
f 4330 4331 4332
f 4333 4334 4335
f 4336 4337 4338
f 4339 4340 4341
f 4342 4343 4344
f 4345 4346 4347
f 4348 4349 4350
f 4351 4352 4353
f 4354 4355 4356
f 4357 4358 4359
f 4360 4361 4362
f 4363 4364 4365
f 4366 4367 4368
f 4369 4370 4371
f 4372 4373 4374
f 4375 4376 4377
f 4378 4379 4380
f 4381 4382 4383
f 4384 4385 4386
f 4387 4388 4389
f 4390 4391 4392
f 4393 4394 4395
f 4396 4397 4398
f 4399 4400 4401
f 4402 4403 4404
f 4405 4406 4407
f 4408 4409 4410
f 4411 4412 4413
f 4414 4415 4416
f 4417 4418 4419
f 4420 4421 4422
f 4423 4424 4425
f 4426 4427 4428
f 4429 4430 4431
f 4432 4433 4434
f 4435 4436 4437
f 4438 4439 4440
f 4441 4442 4443
f 4444 4445 4446
f 4447 4448 4449
f 4450 4451 4452
f 4453 4454 4455
f 4456 4457 4458
f 4459 4460 4461
f 4462 4463 4464
f 4465 4466 4467
f 4468 4469 4470
f 4471 4472 4473
f 4474 4475 4476
f 4477 4478 4479
f 4480 4481 4482
f 4483 4484 4485
f 4486 4487 4488
f 4489 4490 4491
f 4492 4493 4494
f 4495 4496 4497
f 4498 4499 4500
f 4501 4502 4503
f 4504 4505 4506
f 4507 4508 4509
f 4510 4511 4512
f 4513 4514 4515
f 4516 4517 4518
f 4519 4520 4521
f 4522 4523 4524
f 4525 4526 4527
f 4528 4529 4530
f 4531 4532 4533
f 4534 4535 4536
f 4537 4538 4539
f 4540 4541 4542
f 4543 4544 4545
f 4546 4547 4548
f 4549 4550 4551
f 4552 4553 4554
f 4555 4556 4557
f 4558 4559 4560
f 4561 4562 4563
f 4564 4565 4566
f 4567 4568 4569
f 4570 4571 4572
f 4573 4574 4575
f 4576 4577 4578
f 4579 4580 4581
f 4582 4583 4584
f 4585 4586 4587
f 4588 4589 4590
f 4591 4592 4593
f 4594 4595 4596
f 4597 4598 4599
f 4600 4601 4602
f 4603 4604 4605
f 4606 4607 4608
f 4609 4610 4611
f 4612 4613 4614
f 4615 4616 4617
f 4618 4619 4620
f 4621 4622 4623
f 4624 4625 4626
f 4627 4628 4629
f 4630 4631 4632
f 4633 4634 4635
f 4636 4637 4638
f 4639 4640 4641
f 4642 4643 4644
f 4645 4646 4647
f 4648 4649 4650
f 4651 4652 4653
f 4654 4655 4656
f 4657 4658 4659
f 4660 4661 4662
f 4663 4664 4665
f 4666 4667 4668
f 4669 4670 4671
f 4672 4673 4674
f 4675 4676 4677
f 4678 4679 4680
f 4681 4682 4683
f 4684 4685 4686
f 4687 4688 4689
f 4690 4691 4692
f 4693 4694 4695
f 4696 4697 4698
f 4699 4700 4701
f 4702 4703 4704
f 4705 4706 4707
f 4708 4709 4710
f 4711 4712 4713
f 4714 4715 4716
f 4717 4718 4719
f 4720 4721 4722
f 4723 4724 4725
f 4726 4727 4728
f 4729 4730 4731
f 4732 4733 4734
f 4735 4736 4737
f 4738 4739 4740
f 4741 4742 4743
f 4744 4745 4746
f 4747 4748 4749
f 4750 4751 4752
f 4753 4754 4755
f 4756 4757 4758
f 4759 4760 4761
f 4762 4763 4764
f 4765 4766 4767
f 4768 4769 4770
f 4771 4772 4773
f 4774 4775 4776
f 4777 4778 4779
f 4780 4781 4782
f 4783 4784 4785
f 4786 4787 4788
f 4789 4790 4791
f 4792 4793 4794
f 4795 4796 4797
f 4798 4799 4800
f 4801 4802 4803
f 4804 4805 4806
f 4807 4808 4809
f 4810 4811 4812
f 4813 4814 4815
f 4816 4817 4818
f 4819 4820 4821
f 4822 4823 4824
f 4825 4826 4827
f 4828 4829 4830
f 4831 4832 4833
f 4834 4835 4836
f 4837 4838 4839
f 4840 4841 4842
f 4843 4844 4845
f 4846 4847 4848
f 4849 4850 4851
f 4852 4853 4854
f 4855 4856 4857
f 4858 4859 4860
f 4861 4862 4863
f 4864 4865 4866
f 4867 4868 4869
f 4870 4871 4872
f 4873 4874 4875
f 4876 4877 4878
f 4879 4880 4881
f 4882 4883 4884
f 4885 4886 4887
f 4888 4889 4890
f 4891 4892 4893
f 4894 4895 4896
f 4897 4898 4899
f 4900 4901 4902
f 4903 4904 4905
f 4906 4907 4908
f 4909 4910 4911
f 4912 4913 4914
f 4915 4916 4917
f 4918 4919 4920
f 4921 4922 4923
f 4924 4925 4926
f 4927 4928 4929
f 4930 4931 4932
f 4933 4934 4935
f 4936 4937 4938
f 4939 4940 4941
f 4942 4943 4944
f 4945 4946 4947
f 4948 4949 4950
f 4951 4952 4953
f 4954 4955 4956
f 4957 4958 4959
f 4960 4961 4962
f 4963 4964 4965
f 4966 4967 4968
f 4969 4970 4971
f 4972 4973 4974
f 4975 4976 4977
f 4978 4979 4980
f 4981 4982 4983
f 4984 4985 4986
f 4987 4988 4989
f 4990 4991 4992
f 4993 4994 4995
f 4996 4997 4998
f 4999 5000 5001
f 5002 5003 5004
f 5005 5006 5007
f 5008 5009 5010
f 5011 5012 5013
f 5014 5015 5016
f 5017 5018 5019
f 5020 5021 5022
f 5023 5024 5025
f 5026 5027 5028
f 5029 5030 5031
f 5032 5033 5034
f 5035 5036 5037
f 5038 5039 5040
f 5041 5042 5043
f 5044 5045 5046
f 5047 5048 5049
f 5050 5051 5052
f 5053 5054 5055
f 5056 5057 5058
f 5059 5060 5061
f 5062 5063 5064
f 5065 5066 5067
f 5068 5069 5070
f 5071 5072 5073
f 5074 5075 5076
f 5077 5078 5079
f 5080 5081 5082
f 5083 5084 5085
f 5086 5087 5088
f 5089 5090 5091
f 5092 5093 5094
f 5095 5096 5097
f 5098 5099 5100
f 5101 5102 5103
f 5104 5105 5106
f 5107 5108 5109
f 5110 5111 5112
f 5113 5114 5115
f 5116 5117 5118
f 5119 5120 5121
f 5122 5123 5124
f 5125 5126 5127
f 5128 5129 5130
f 5131 5132 5133
f 5134 5135 5136
f 5137 5138 5139
f 5140 5141 5142
f 5143 5144 5145
f 5146 5147 5148
f 5149 5150 5151
f 5152 5153 5154
f 5155 5156 5157
f 5158 5159 5160
f 5161 5162 5163
f 5164 5165 5166
f 5167 5168 5169
f 5170 5171 5172
f 5173 5174 5175
f 5176 5177 5178
f 5179 5180 5181
f 5182 5183 5184
f 5185 5186 5187
f 5188 5189 5190
f 5191 5192 5193
f 5194 5195 5196
f 5197 5198 5199
f 5200 5201 5202
f 5203 5204 5205
f 5206 5207 5208
f 5209 5210 5211
f 5212 5213 5214
f 5215 5216 5217
f 5218 5219 5220
f 5221 5222 5223
f 5224 5225 5226
f 5227 5228 5229
f 5230 5231 5232
f 5233 5234 5235
f 5236 5237 5238
f 5239 5240 5241
f 5242 5243 5244
f 5245 5246 5247
f 5248 5249 5250
f 5251 5252 5253
f 5254 5255 5256
f 5257 5258 5259
f 5260 5261 5262
f 5263 5264 5265
f 5266 5267 5268
f 5269 5270 5271
f 5272 5273 5274
f 5275 5276 5277
f 5278 5279 5280
f 5281 5282 5283
f 5284 5285 5286
f 5287 5288 5289
f 5290 5291 5292
f 5293 5294 5295
f 5296 5297 5298
f 5299 5300 5301
f 5302 5303 5304
f 5305 5306 5307
f 5308 5309 5310
f 5311 5312 5313
f 5314 5315 5316
f 5317 5318 5319
f 5320 5321 5322
f 5323 5324 5325
f 5326 5327 5328
f 5329 5330 5331
f 5332 5333 5334
f 5335 5336 5337
f 5338 5339 5340
f 5341 5342 5343
f 5344 5345 5346
f 5347 5348 5349
f 5350 5351 5352
f 5353 5354 5355
f 5356 5357 5358
f 5359 5360 5361
f 5362 5363 5364
f 5365 5366 5367
f 5368 5369 5370
f 5371 5372 5373
f 5374 5375 5376
f 5377 5378 5379
f 5380 5381 5382
f 5383 5384 5385
f 5386 5387 5388
f 5389 5390 5391
f 5392 5393 5394
f 5395 5396 5397
f 5398 5399 5400
f 5401 5402 5403
f 5404 5405 5406
f 5407 5408 5409
f 5410 5411 5412
f 5413 5414 5415
f 5416 5417 5418
f 5419 5420 5421
f 5422 5423 5424
f 5425 5426 5427
f 5428 5429 5430
f 5431 5432 5433
f 5434 5435 5436
f 5437 5438 5439
f 5440 5441 5442
f 5443 5444 5445
f 5446 5447 5448
f 5449 5450 5451
f 5452 5453 5454
f 5455 5456 5457
f 5458 5459 5460
f 5461 5462 5463
f 5464 5465 5466
f 5467 5468 5469
f 5470 5471 5472
f 5473 5474 5475
f 5476 5477 5478
f 5479 5480 5481
f 5482 5483 5484
f 5485 5486 5487
f 5488 5489 5490
f 5491 5492 5493
f 5494 5495 5496
f 5497 5498 5499
f 5500 5501 5502
f 5503 5504 5505
f 5506 5507 5508
f 5509 5510 5511
f 5512 5513 5514
f 5515 5516 5517
f 5518 5519 5520
f 5521 5522 5523
f 5524 5525 5526
f 5527 5528 5529
f 5530 5531 5532
f 5533 5534 5535
f 5536 5537 5538
f 5539 5540 5541
f 5542 5543 5544
f 5545 5546 5547
f 5548 5549 5550
f 5551 5552 5553
f 5554 5555 5556
f 5557 5558 5559
f 5560 5561 5562
f 5563 5564 5565
f 5566 5567 5568
f 5569 5570 5571
f 5572 5573 5574
f 5575 5576 5577
f 5578 5579 5580
f 5581 5582 5583
f 5584 5585 5586
f 5587 5588 5589
f 5590 5591 5592
f 5593 5594 5595
f 5596 5597 5598
f 5599 5600 5601
f 5602 5603 5604
f 5605 5606 5607
f 5608 5609 5610
f 5611 5612 5613
f 5614 5615 5616
f 5617 5618 5619
f 5620 5621 5622
f 5623 5624 5625
f 5626 5627 5628
f 5629 5630 5631
f 5632 5633 5634
f 5635 5636 5637
f 5638 5639 5640
f 5641 5642 5643
f 5644 5645 5646
f 5647 5648 5649
f 5650 5651 5652
f 5653 5654 5655
f 5656 5657 5658
f 5659 5660 5661
f 5662 5663 5664
f 5665 5666 5667
f 5668 5669 5670
f 5671 5672 5673
f 5674 5675 5676
f 5677 5678 5679
f 5680 5681 5682
f 5683 5684 5685
f 5686 5687 5688
f 5689 5690 5691
f 5692 5693 5694
f 5695 5696 5697
f 5698 5699 5700
f 5701 5702 5703
f 5704 5705 5706
f 5707 5708 5709
f 5710 5711 5712
f 5713 5714 5715
f 5716 5717 5718
f 5719 5720 5721
f 5722 5723 5724
f 5725 5726 5727
f 5728 5729 5730
f 5731 5732 5733
f 5734 5735 5736
f 5737 5738 5739
f 5740 5741 5742
f 5743 5744 5745
f 5746 5747 5748
f 5749 5750 5751
f 5752 5753 5754
f 5755 5756 5757
f 5758 5759 5760
f 5761 5762 5763
f 5764 5765 5766
f 5767 5768 5769
f 5770 5771 5772
f 5773 5774 5775
f 5776 5777 5778
f 5779 5780 5781
f 5782 5783 5784
f 5785 5786 5787
f 5788 5789 5790
f 5791 5792 5793
f 5794 5795 5796
f 5797 5798 5799
f 5800 5801 5802
f 5803 5804 5805
f 5806 5807 5808
f 5809 5810 5811
f 5812 5813 5814
f 5815 5816 5817
f 5818 5819 5820
f 5821 5822 5823
f 5824 5825 5826
f 5827 5828 5829
f 5830 5831 5832
f 5833 5834 5835
f 5836 5837 5838
f 5839 5840 5841
f 5842 5843 5844
f 5845 5846 5847
f 5848 5849 5850
f 5851 5852 5853
f 5854 5855 5856
f 5857 5858 5859
f 5860 5861 5862
f 5863 5864 5865
f 5866 5867 5868
f 5869 5870 5871
f 5872 5873 5874
f 5875 5876 5877
f 5878 5879 5880
f 5881 5882 5883
f 5884 5885 5886
f 5887 5888 5889
f 5890 5891 5892
f 5893 5894 5895
f 5896 5897 5898
f 5899 5900 5901
f 5902 5903 5904
f 5905 5906 5907
f 5908 5909 5910
f 5911 5912 5913
f 5914 5915 5916
f 5917 5918 5919
f 5920 5921 5922
f 5923 5924 5925
f 5926 5927 5928
f 5929 5930 5931
f 5932 5933 5934
f 5935 5936 5937
f 5938 5939 5940
f 5941 5942 5943
f 5944 5945 5946
f 5947 5948 5949
f 5950 5951 5952
f 5953 5954 5955
f 5956 5957 5958
f 5959 5960 5961
f 5962 5963 5964
f 5965 5966 5967
f 5968 5969 5970
f 5971 5972 5973
f 5974 5975 5976
f 5977 5978 5979
f 5980 5981 5982
f 5983 5984 5985
f 5986 5987 5988
f 5989 5990 5991
f 5992 5993 5994
f 5995 5996 5997
f 5998 5999 6000
f 6001 6002 6003
f 6004 6005 6006
f 6007 6008 6009
f 6010 6011 6012
f 6013 6014 6015
f 6016 6017 6018
f 6019 6020 6021
f 6022 6023 6024
f 6025 6026 6027
f 6028 6029 6030
f 6031 6032 6033
f 6034 6035 6036
f 6037 6038 6039
f 6040 6041 6042
f 6043 6044 6045
f 6046 6047 6048
f 6049 6050 6051
f 6052 6053 6054
f 6055 6056 6057
f 6058 6059 6060
f 6061 6062 6063
f 6064 6065 6066
f 6067 6068 6069
f 6070 6071 6072
f 6073 6074 6075
f 6076 6077 6078
f 6079 6080 6081
f 6082 6083 6084
f 6085 6086 6087
f 6088 6089 6090
f 6091 6092 6093
f 6094 6095 6096
f 6097 6098 6099
f 6100 6101 6102
f 6103 6104 6105
f 6106 6107 6108
f 6109 6110 6111
f 6112 6113 6114
f 6115 6116 6117
f 6118 6119 6120
f 6121 6122 6123
f 6124 6125 6126
f 6127 6128 6129
f 6130 6131 6132
f 6133 6134 6135
f 6136 6137 6138
f 6139 6140 6141
f 6142 6143 6144
f 6145 6146 6147
f 6148 6149 6150
f 6151 6152 6153
f 6154 6155 6156
f 6157 6158 6159
f 6160 6161 6162
f 6163 6164 6165
f 6166 6167 6168
f 6169 6170 6171
f 6172 6173 6174
f 6175 6176 6177
f 6178 6179 6180
f 6181 6182 6183
f 6184 6185 6186
f 6187 6188 6189
f 6190 6191 6192
f 6193 6194 6195
f 6196 6197 6198
f 6199 6200 6201
f 6202 6203 6204
f 6205 6206 6207
f 6208 6209 6210
f 6211 6212 6213
f 6214 6215 6216
f 6217 6218 6219
f 6220 6221 6222
f 6223 6224 6225
f 6226 6227 6228
f 6229 6230 6231
f 6232 6233 6234
f 6235 6236 6237
f 6238 6239 6240
f 6241 6242 6243
f 6244 6245 6246
f 6247 6248 6249
f 6250 6251 6252
f 6253 6254 6255
f 6256 6257 6258
f 6259 6260 6261
f 6262 6263 6264
f 6265 6266 6267
f 6268 6269 6270
f 6271 6272 6273
f 6274 6275 6276
f 6277 6278 6279
f 6280 6281 6282
f 6283 6284 6285
f 6286 6287 6288
f 6289 6290 6291
f 6292 6293 6294
f 6295 6296 6297
f 6298 6299 6300
f 6301 6302 6303
f 6304 6305 6306
f 6307 6308 6309
f 6310 6311 6312
f 6313 6314 6315
f 6316 6317 6318
f 6319 6320 6321
f 6322 6323 6324
f 6325 6326 6327
f 6328 6329 6330
f 6331 6332 6333
f 6334 6335 6336
f 6337 6338 6339
f 6340 6341 6342
f 6343 6344 6345
f 6346 6347 6348
f 6349 6350 6351
f 6352 6353 6354
f 6355 6356 6357
f 6358 6359 6360
f 6361 6362 6363
f 6364 6365 6366
f 6367 6368 6369
f 6370 6371 6372
f 6373 6374 6375
f 6376 6377 6378
f 6379 6380 6381
f 6382 6383 6384
f 6385 6386 6387
f 6388 6389 6390
f 6391 6392 6393
f 6394 6395 6396
f 6397 6398 6399
f 6400 6401 6402
f 6403 6404 6405
f 6406 6407 6408
f 6409 6410 6411
f 6412 6413 6414
f 6415 6416 6417
f 6418 6419 6420
f 6421 6422 6423
f 6424 6425 6426
f 6427 6428 6429
f 6430 6431 6432
f 6433 6434 6435
f 6436 6437 6438
f 6439 6440 6441
f 6442 6443 6444
f 6445 6446 6447
f 6448 6449 6450
f 6451 6452 6453
f 6454 6455 6456
f 6457 6458 6459
f 6460 6461 6462
f 6463 6464 6465
f 6466 6467 6468
f 6469 6470 6471
f 6472 6473 6474
f 6475 6476 6477
f 6478 6479 6480
f 6481 6482 6483
f 6484 6485 6486
f 6487 6488 6489
f 6490 6491 6492
f 6493 6494 6495
f 6496 6497 6498
f 6499 6500 6501
f 6502 6503 6504
f 6505 6506 6507
f 6508 6509 6510
f 6511 6512 6513
f 6514 6515 6516
f 6517 6518 6519
f 6520 6521 6522
f 6523 6524 6525
f 6526 6527 6528
f 6529 6530 6531
f 6532 6533 6534
f 6535 6536 6537
f 6538 6539 6540
f 6541 6542 6543
f 6544 6545 6546
f 6547 6548 6549
f 6550 6551 6552
f 6553 6554 6555
f 6556 6557 6558
f 6559 6560 6561
f 6562 6563 6564
f 6565 6566 6567
f 6568 6569 6570
f 6571 6572 6573
f 6574 6575 6576
f 6577 6578 6579
f 6580 6581 6582
f 6583 6584 6585
f 6586 6587 6588
f 6589 6590 6591
f 6592 6593 6594
f 6595 6596 6597
f 6598 6599 6600
f 6601 6602 6603
f 6604 6605 6606
f 6607 6608 6609
f 6610 6611 6612
f 6613 6614 6615
f 6616 6617 6618
f 6619 6620 6621
f 6622 6623 6624
f 6625 6626 6627
f 6628 6629 6630
f 6631 6632 6633
f 6634 6635 6636
f 6637 6638 6639
f 6640 6641 6642
f 6643 6644 6645
f 6646 6647 6648
f 6649 6650 6651
f 6652 6653 6654
f 6655 6656 6657
f 6658 6659 6660
f 6661 6662 6663
f 6664 6665 6666
f 6667 6668 6669
f 6670 6671 6672
f 6673 6674 6675
f 6676 6677 6678
f 6679 6680 6681
f 6682 6683 6684
f 6685 6686 6687
f 6688 6689 6690
f 6691 6692 6693
f 6694 6695 6696
f 6697 6698 6699
f 6700 6701 6702
f 6703 6704 6705
f 6706 6707 6708
f 6709 6710 6711
f 6712 6713 6714
f 6715 6716 6717
f 6718 6719 6720
f 6721 6722 6723
f 6724 6725 6726
f 6727 6728 6729
f 6730 6731 6732
f 6733 6734 6735
f 6736 6737 6738
f 6739 6740 6741
f 6742 6743 6744
f 6745 6746 6747
f 6748 6749 6750
f 6751 6752 6753
f 6754 6755 6756
f 6757 6758 6759
f 6760 6761 6762
f 6763 6764 6765
f 6766 6767 6768
f 6769 6770 6771
f 6772 6773 6774
f 6775 6776 6777
f 6778 6779 6780
f 6781 6782 6783
f 6784 6785 6786
f 6787 6788 6789
f 6790 6791 6792
f 6793 6794 6795
f 6796 6797 6798
f 6799 6800 6801
f 6802 6803 6804
f 6805 6806 6807
f 6808 6809 6810
f 6811 6812 6813
f 6814 6815 6816
f 6817 6818 6819
f 6820 6821 6822
f 6823 6824 6825
f 6826 6827 6828
f 6829 6830 6831
f 6832 6833 6834
f 6835 6836 6837
f 6838 6839 6840
f 6841 6842 6843
f 6844 6845 6846
f 6847 6848 6849
f 6850 6851 6852
f 6853 6854 6855
f 6856 6857 6858
f 6859 6860 6861
f 6862 6863 6864
f 6865 6866 6867
f 6868 6869 6870
f 6871 6872 6873
f 6874 6875 6876
f 6877 6878 6879
f 6880 6881 6882
f 6883 6884 6885
f 6886 6887 6888
f 6889 6890 6891
f 6892 6893 6894
f 6895 6896 6897
f 6898 6899 6900
f 6901 6902 6903
f 6904 6905 6906
f 6907 6908 6909
f 6910 6911 6912
f 6913 6914 6915
f 6916 6917 6918
f 6919 6920 6921
f 6922 6923 6924
f 6925 6926 6927
f 6928 6929 6930
f 6931 6932 6933
f 6934 6935 6936
f 6937 6938 6939
f 6940 6941 6942
f 6943 6944 6945
f 6946 6947 6948
f 6949 6950 6951
f 6952 6953 6954
f 6955 6956 6957
f 6958 6959 6960
f 6961 6962 6963
f 6964 6965 6966
f 6967 6968 6969
f 6970 6971 6972
f 6973 6974 6975
f 6976 6977 6978
f 6979 6980 6981
f 6982 6983 6984
f 6985 6986 6987
f 6988 6989 6990
f 6991 6992 6993
f 6994 6995 6996
f 6997 6998 6999
f 7000 7001 7002
f 7003 7004 7005
f 7006 7007 7008
f 7009 7010 7011
f 7012 7013 7014
f 7015 7016 7017
f 7018 7019 7020
f 7021 7022 7023
f 7024 7025 7026
f 7027 7028 7029
f 7030 7031 7032
f 7033 7034 7035
f 7036 7037 7038
f 7039 7040 7041
f 7042 7043 7044
f 7045 7046 7047
f 7048 7049 7050
f 7051 7052 7053
f 7054 7055 7056
f 7057 7058 7059
f 7060 7061 7062
f 7063 7064 7065
f 7066 7067 7068
f 7069 7070 7071
f 7072 7073 7074
f 7075 7076 7077
f 7078 7079 7080
f 7081 7082 7083
f 7084 7085 7086
f 7087 7088 7089
f 7090 7091 7092
f 7093 7094 7095
f 7096 7097 7098
f 7099 7100 7101
f 7102 7103 7104
f 7105 7106 7107
f 7108 7109 7110
f 7111 7112 7113
f 7114 7115 7116
f 7117 7118 7119
f 7120 7121 7122
f 7123 7124 7125
f 7126 7127 7128
f 7129 7130 7131
f 7132 7133 7134
f 7135 7136 7137
f 7138 7139 7140
f 7141 7142 7143
f 7144 7145 7146
f 7147 7148 7149
f 7150 7151 7152
f 7153 7154 7155
f 7156 7157 7158
f 7159 7160 7161
f 7162 7163 7164
f 7165 7166 7167
f 7168 7169 7170
f 7171 7172 7173
f 7174 7175 7176
f 7177 7178 7179
f 7180 7181 7182
f 7183 7184 7185
f 7186 7187 7188
f 7189 7190 7191
f 7192 7193 7194
f 7195 7196 7197
f 7198 7199 7200
f 7201 7202 7203
f 7204 7205 7206
f 7207 7208 7209
f 7210 7211 7212
f 7213 7214 7215
f 7216 7217 7218
f 7219 7220 7221
f 7222 7223 7224
f 7225 7226 7227
f 7228 7229 7230
f 7231 7232 7233
f 7234 7235 7236
f 7237 7238 7239
f 7240 7241 7242
f 7243 7244 7245
f 7246 7247 7248
f 7249 7250 7251
f 7252 7253 7254
f 7255 7256 7257
f 7258 7259 7260
f 7261 7262 7263
f 7264 7265 7266
f 7267 7268 7269
f 7270 7271 7272
f 7273 7274 7275
f 7276 7277 7278
f 7279 7280 7281
f 7282 7283 7284
f 7285 7286 7287
f 7288 7289 7290
f 7291 7292 7293
f 7294 7295 7296
f 7297 7298 7299
f 7300 7301 7302
f 7303 7304 7305
f 7306 7307 7308
